Date,AAPL,MSFT,GOOGL,ORCL,ADBE,CSCO,IBM,TXN,QCOM,INTC,JPM,BAC,WFC,GS,MS,AXP,BLK,SPGI,JNJ,UNH,PFE,MRK,ABT,TMO,LLY,ABBV,HD,MCD,NKE,SBUX,TJX,PG,KO,PEP,WMT,COST,CL,HON,UPS,CAT,BA,LMT,XOM,CVX,DIS,^GSPC
2021-01-04,125.63251495361328,207.5653533935547,85.49297332763672,58.89447021484375,485.3399963378906,37.68981170654297,94.41242980957031,138.4066619873047,131.2849578857422,44.90293884277344,109.00052642822266,26.193614959716797,26.04095458984375,231.925048828125,57.30785369873047,110.07241821289062,620.3013305664062,300.3681335449219,133.62832641601562,317.84674072265625,27.427288055419922,64.9609375,97.86849212646484,464.7391052246094,156.30087280273438,84.73627471923828,228.69155883789062,183.93202209472656,127.10726928710938,90.47737884521484,61.4665412902832,118.96554565429688,44.79277420043945,119.99991607666016,45.34575271606445,358.1080017089844,73.62519836425781,183.1465301513672,127.20987701416016,164.62396240234375,202.72000122070312,295.0563659667969,33.25132751464844,66.63201141357422,172.27198791503906,3700.64990234375
2021-01-05,127.18580627441406,207.76559448242188,86.18241882324219,58.16463851928711,485.69000244140625,37.70695495605469,96.08832550048828,139.4219970703125,134.75933837890625,45.752723693847656,109.59363555908203,26.394229888916016,26.768701553344727,237.1149139404297,58.280731201171875,110.65987396240234,623.5825805664062,296.0417785644531,135.19944763183594,313.5724182128906,27.71042823791504,65.07327270507812,99.07939147949219,470.55059814453125,157.0753173828125,85.61248016357422,230.53720092773438,185.034423828125,128.1324920654297,90.7757568359375,61.38374710083008,119.72516632080078,44.30036544799805,120.35758972167969,45.10436248779297,353.95361328125,73.79108428955078,183.5957489013672,125.43919372558594,165.97061157226562,211.6300048828125,298.60931396484375,34.85380554199219,68.43331146240234,173.0088653564453,3726.860107421875
2021-01-06,122.9045181274414,202.3783721923828,85.3320083618164,58.0255241394043,466.30999755859375,38.06706237792969,98.48783874511719,140.11302185058594,133.66305541992188,46.19568634033203,114.73969268798828,28.04277801513672,28.662588119506836,249.91024780273438,61.79486846923828,114.7535629272461,641.3673095703125,296.41131591796875,136.4716796875,326.7319641113281,27.47199821472168,66.10033416748047,98.87309265136719,477.9281005859375,155.18646240234375,84.87291717529297,231.85438537597656,184.6144256591797,129.14857482910156,91.4339370727539,64.07940673828125,120.9854736328125,42.891048431396484,118.88531494140625,45.385982513427734,348.5654296875,71.80925750732422,186.94252014160156,125.06645202636719,175.20726013183594,211.02999877929688,297.9585876464844,35.7431640625,70.6357650756836,173.6681671142578,3748.139892578125
2021-01-07,127.09844970703125,208.13748168945312,87.88076782226562,58.48921585083008,477.739990234375,38.54717254638672,98.25933074951172,143.28700256347656,137.65023803710938,47.18107223510742,118.50768280029297,28.662076950073242,29.311420440673828,255.24884033203125,62.85160827636719,113.84587097167969,654.8585815429688,296.6005859375,136.93270874023438,331.97027587890625,27.613569259643555,67.41622924804688,99.8328628540039,492.8211975097656,156.612548828125,85.78130340576172,230.7191925048828,185.47195434570312,131.5074920654297,90.69677734375,64.30941772460938,119.8546371459961,42.41560745239258,118.50269317626953,45.38288497924805,346.5871276855469,71.41635131835938,187.25076293945312,123.48207092285156,175.54161071777344,212.7100067138672,293.2669677734375,36.02360916137695,70.96613311767578,173.14459228515625,3803.7900390625
2021-01-08,128.19546508789062,209.4056396484375,89.04418182373047,58.776702880859375,485.1000061035156,38.63291549682617,97.90892791748047,146.0343017578125,138.4812774658203,46.692909240722656,118.63847351074219,28.37422752380371,29.100980758666992,253.87474060058594,63.111602783203125,113.95817565917969,660.1205444335938,294.5996398925781,136.65097045898438,330.47882080078125,27.665725708007812,66.62187194824219,100.11092376708984,504.6116638183594,157.16029357910156,86.23145294189453,233.1714324951172,188.87547302246094,132.77764892578125,92.73271942138672,64.60381317138672,119.8028564453125,43.36647033691406,119.9250259399414,45.3766975402832,348.4899597167969,71.89654541015625,184.9784393310547,123.00838470458984,175.5688018798828,209.89999389648438,287.7450256347656,36.424224853515625,71.64258575439453,173.25123596191406,3824.679931640625
2021-01-11,125.21505737304688,207.3746795654297,86.98677062988281,58.452117919921875,474.239990234375,38.89011764526367,97.9469985961914,146.1622772216797,138.0127410888672,46.59346389770508,120.40904998779297,28.84524917602539,29.14482879638672,257.1567077636719,63.79093551635742,113.28440856933594,669.0479736328125,287.7044677734375,136.07887268066406,328.077880859375,28.142593383789062,68.20256042480469,99.42024993896484,505.64581298828125,175.60475158691406,87.63825225830078,235.0258331298828,187.44056701660156,133.41270446777344,91.7937240600586,62.90178298950195,118.99143981933594,42.61936569213867,118.1866455078125,45.58094787597656,342.9037780761719,71.71318817138672,183.50762939453125,125.7032241821289,175.20726013183594,206.7899932861328,289.09765625,37.52993392944336,72.05162048339844,173.63906860351562,3799.610107421875
2021-01-12,125.04029846191406,204.93373107910156,86.05265045166016,57.88642883300781,471.6499938964844,39.258792877197266,98.42692565917969,147.00692749023438,136.54522705078125,48.13031005859375,122.30177307128906,29.359874725341797,29.758586883544922,264.4908752441406,63.57288360595703,113.80844116210938,678.699462890625,284.69403076171875,135.0200653076172,325.0040588378906,27.702970504760742,66.67001342773438,97.62630462646484,491.2846984863281,168.86163330078125,88.24919128417969,239.44505310058594,185.13946533203125,131.5981903076172,90.23165893554688,62.929378509521484,118.30091857910156,42.5429573059082,117.63764953613281,46.10084915161133,343.0827941894531,71.81797790527344,183.96560668945312,127.2952880859375,178.533203125,208.41000366210938,292.6676940917969,38.363216400146484,73.42028045654297,170.63343811035156,3801.18994140625
2021-01-13,127.06930541992188,206.27816772460938,86.53901672363281,57.55256652832031,472.04998779296875,38.89011764526367,96.6824951171875,146.24755859375,139.17086791992188,51.48424530029297,122.4151611328125,29.1854248046875,29.63583755493164,265.129638671875,63.37159729003906,114.538330078125,680.4534912109375,281.25994873046875,134.815185546875,322.8850402832031,27.464542388916016,66.0682144165039,100.59527587890625,494.1803894042969,175.18919372558594,90.3955307006836,237.46939086914062,185.5681915283203,129.77462768554688,90.2930908203125,62.680973052978516,118.48213958740234,42.58539962768555,118.60256958007812,45.630455017089844,345.6733703613281,72.01876068115234,182.3274688720703,126.67400360107422,177.0419158935547,207.2100067138672,295.7840881347656,38.7958869934082,73.34947204589844,170.75946044921875,3809.840087890625
2021-01-14,125.14708709716797,203.11256408691406,85.730224609375,57.12598419189453,463.2699890136719,38.7100715637207,98.24408721923828,146.50355529785156,142.20323181152344,53.563507080078125,123.13040924072266,29.647716522216797,30.468786239624023,269.4444274902344,64.13479614257812,115.8296890258789,648.8197021484375,275.9691467285156,137.17181396484375,318.78350830078125,27.382583618164062,65.93180084228516,99.10031127929688,489.45257568359375,176.31307983398438,90.78589630126953,232.52154541015625,182.42706298828125,128.19601440429688,89.35409545898438,62.579776763916016,117.22191619873047,41.795841217041016,117.91218566894531,45.48191452026367,341.34002685546875,71.53860473632812,183.7278289794922,126.95360565185547,178.40660095214844,209.91000366210938,297.4535217285156,40.31023025512695,75.1114501953125,168.15133666992188,3795.5400390625
2021-01-15,123.42877960205078,202.75979614257812,85.5667724609375,57.29289627075195,458.0799865722656,38.95013427734375,97.80227661132812,144.3534393310547,138.879150390625,52.053775787353516,120.9236831665039,28.792909622192383,28.092662811279297,263.4406433105469,63.103206634521484,114.30440521240234,635.0841674804688,275.761962890625,136.87298583984375,319.48370361328125,27.34532928466797,66.90267944335938,100.23504638671875,495.5890808105469,180.16627502441406,89.8831558227539,238.80381774902344,183.66075134277344,127.66976928710938,89.80165100097656,62.984580993652344,116.3414535522461,41.34587478637695,117.60440063476562,44.760860443115234,341.1611328125,71.48622131347656,181.40269470214844,123.40445709228516,175.89410400390625,204.32000732421875,297.30792236328125,38.3712272644043,72.43705749511719,166.22190856933594,3768.25
2021-01-19,124.09862518310547,206.37351989746094,88.38247680664062,56.8385009765625,456.5,38.7443733215332,98.28217315673828,148.61952209472656,144.7847442626953,52.4244270324707,120.40035247802734,28.583576202392578,28.60997772216797,257.4806213378906,62.89353942871094,118.60893249511719,640.2240600585938,282.2424011230469,138.9905242919922,320.293212890625,27.36768341064453,66.75022888183594,101.3787841796875,499.7654113769531,187.4477081298828,91.23320007324219,236.72413635253906,182.94329833984375,126.35424041748047,89.98593139648438,61.80693817138672,115.32286834716797,41.18456268310547,118.16168975830078,44.37403869628906,333.9169921875,70.58696746826172,182.09849548339844,121.36970520019531,176.32118225097656,210.7100067138672,292.3680725097656,39.13241195678711,74.34059143066406,167.01693725585938,3798.909912109375
2021-01-20,128.17604064941406,213.9060821533203,93.117431640625,57.088890075683594,469.7300109863281,38.87296676635742,99.08963775634766,147.88572692871094,145.51853942871094,53.03916931152344,118.59489440917969,28.208507537841797,28.460922241210938,254.21609497070312,62.76774215698242,120.65827178955078,647.1093139648438,290.17413330078125,138.64901733398438,319.0654296875,27.196306228637695,66.16450500488281,101.6669692993164,508.0985107421875,190.0731964111328,91.5910415649414,237.6859588623047,186.91561889648438,129.556884765625,92.54844665527344,62.828189849853516,113.88131713867188,41.32890319824219,117.55447387695312,45.03010177612305,340.3509521484375,70.01945495605469,183.2610626220703,124.13448333740234,174.75839233398438,211.4499969482422,292.513671875,39.68526077270508,75.0249252319336,168.35496520996094,3851.85009765625
2021-01-21,132.874755859375,214.5067901611328,93.31950378417969,56.764305114746094,472.0199890136719,38.675777435302734,100.28559875488281,149.39593505859375,145.65109252929688,56.46541976928711,117.60054016113281,27.711326599121094,28.05759620666504,253.25338745117188,62.650299072265625,119.24526977539062,647.6852416992188,286.37054443359375,138.09400939941406,322.8486633300781,27.1814022064209,65.13745880126953,101.72100830078125,504.67071533203125,191.1026153564453,90.48497772216797,241.8019561767578,186.82809448242188,128.4772491455078,91.77619934082031,62.6165657043457,113.76931762695312,41.55811309814453,116.12383270263672,44.82585144042969,341.7640075683594,69.21627807617188,180.7509765625,124.33638763427734,174.62208557128906,207.41000366210938,290.8013916015625,38.54750442504883,72.3741226196289,166.0667724609375,3853.070068359375
2021-01-22,135.0105438232422,215.4412384033203,93.73603820800781,55.97603988647461,472.44000244140625,38.38427734375,90.35224914550781,147.44207763671875,143.59121704101562,51.222068786621094,116.69343566894531,27.519426345825195,27.969911575317383,253.27093505859375,62.17226028442383,118.03811645507812,641.44580078125,284.0450439453125,139.64797973632812,316.0733337402344,27.233562469482422,64.97696685791016,101.6219482421875,506.87701416015625,194.68197631835938,90.15966796875,246.09129333496094,186.69683837890625,126.42682647705078,91.1882095336914,61.55855178833008,112.89221954345703,41.1675910949707,115.27544403076172,45.28385543823242,341.2929382324219,68.6456069946289,178.1264190673828,123.47433471679688,174.3949432373047,205.83999633789062,290.9812927246094,38.00265884399414,72.15388488769531,167.5211181640625,3841.469970703125
2021-01-25,138.7481231689453,218.85470581054688,93.82122802734375,56.47682571411133,473.44000244140625,38.60719299316406,90.32941436767578,147.53591918945312,145.34170532226562,50.11916732788086,115.23683166503906,27.179256439208984,28.268022537231445,247.71348571777344,60.70454025268555,113.36863708496094,630.912841796875,283.85577392578125,141.72283935546875,316.30975341796875,27.77748680114746,65.1133804321289,103.3150405883789,511.0435485839844,200.54678344726562,89.86689758300781,247.02700805664062,186.66184997558594,124.79373168945312,90.78451538085938,60.42692184448242,114.83743286132812,41.41379928588867,116.59796905517578,45.243629455566406,340.8973083496094,69.01432800292969,177.79176330566406,125.61775207519531,170.2154541015625,203.36000061035156,294.0889587402344,37.578006744384766,71.50100708007812,166.65821838378906,3855.360107421875
2021-01-26,138.98114013671875,221.52447509765625,94.49828338623047,57.31145477294922,476.2799987792969,38.804378509521484,93.30789947509766,146.29879760742188,143.70616149902344,49.911231994628906,114.76586151123047,26.98735809326172,27.513978958129883,246.5932159423828,59.7232780456543,108.68977355957031,629.9267578125,287.5331726074219,145.56524658203125,312.0355224609375,27.79984474182129,64.39125061035156,103.32405853271484,500.2086486816406,200.89622497558594,88.48433685302734,244.878173828125,188.44676208496094,122.57099914550781,91.87271118164062,59.31370544433594,115.5755844116211,41.846778869628906,117.94544219970703,45.649024963378906,343.8175964355469,69.13724517822266,177.07835388183594,125.36927795410156,170.0972900390625,202.05999755859375,283.1133728027344,36.75272750854492,70.2896499633789,164.3991241455078,3849.6201171875
2021-01-27,137.9132080078125,222.0679931640625,90.0897445678711,58.00697326660156,460.0,39.1816291809082,93.29266357421875,139.012451171875,135.8555908203125,48.446712493896484,111.52123260498047,26.0191650390625,26.45305061340332,239.21536254882812,57.38332748413086,106.7620620727539,608.9306030273438,276.07733154296875,143.34521484375,302.83203125,27.00257682800293,61.83966827392578,102.92779541015625,475.2392883300781,196.032470703125,83.5965347290039,237.46939086914062,181.1146697998047,118.86932373046875,85.88768768310547,58.816890716552734,111.48542022705078,41.20155334472656,114.81795501708984,44.51329803466797,335.7257080078125,68.505126953125,175.59877014160156,122.43366241455078,164.11878967285156,194.02999877929688,284.6716003417969,36.33608627319336,69.377197265625,158.06788635253906,3750.77001953125
2021-01-28,133.0883026123047,227.81753540039062,91.78658294677734,56.773582458496094,465.6700134277344,38.87296676635742,91.47203826904297,144.3876190185547,137.51763916015625,50.68869400024414,113.48371124267578,26.446565628051758,27.01420021057129,240.69444274902344,58.43708419799805,111.32864379882812,628.2339477539062,287.49725341796875,144.4381561279297,307.52471923828125,27.01011848449707,62.52169418334961,108.42135620117188,489.02899169921875,198.44070434570312,84.75139617919922,240.93545532226562,180.95718383789062,122.22620391845703,86.13343048095703,60.252140045166016,113.20484924316406,41.7279167175293,115.77449798583984,44.485443115234375,336.3568420410156,69.48841094970703,178.64605712890625,122.13858795166016,167.4896697998047,197.22999572753906,280.7504577636719,36.90497970581055,70.02222442626953,166.64852905273438,3787.3798828125
2021-01-29,128.1080780029297,221.17169189453125,90.50675201416016,56.04096221923828,458.7699890136719,38.22137451171875,90.7331314086914,142.22450256347656,138.1630096435547,50.18244552612305,112.22771453857422,25.86216163635254,26.198774337768555,237.324951171875,56.523468017578125,108.7927017211914,611.9588012695312,285.72161865234375,139.28936767578125,303.3685607910156,27.040246963500977,61.83966827392578,111.30322265625,502.05059814453125,196.4102325439453,83.34445190429688,234.6705322265625,181.8496551513672,121.20100402832031,84.95746612548828,58.918094635009766,111.3377914428711,40.878929138183594,113.59528350830078,43.476585388183594,331.9952697753906,68.4787826538086,172.06703186035156,120.37561798095703,166.12680053710938,194.19000244140625,275.5195007324219,35.927467346191406,67.0174560546875,163.05142211914062,3714.239990234375
2021-02-01,130.22442626953125,228.50404357910156,93.76129913330078,57.042518615722656,470.0,38.92442321777344,91.82246398925781,148.03573608398438,142.8485870361328,51.24919891357422,113.05631256103516,26.132556915283203,26.295223236083984,240.44061279296875,57.0461311340332,109.51324462890625,622.3521118164062,290.08392333984375,138.93075561523438,303.7506408691406,26.96491241455078,62.072357177734375,110.35761260986328,507.7340087890625,191.8487091064453,83.19806671142578,234.0206756591797,181.92835998535156,123.1243896484375,86.51075744628906,58.94569778442383,111.99776458740234,41.159095764160156,113.9363021850586,43.09904479980469,330.196044921875,68.93531799316406,172.23439025878906,121.35419464111328,167.83494567871094,195.83999633789062,277.4115295410156,35.99155807495117,67.96922302246094,165.76622009277344,3773.860107421875
2021-02-02,131.04962158203125,228.3704833984375,95.05152130126953,57.840049743652344,484.92999267578125,39.29307556152344,90.98453521728516,150.00140380859375,145.67762756347656,52.433475494384766,116.53644561767578,27.06586265563965,26.961591720581055,251.1529998779297,59.81117248535156,112.94751739501953,636.6026000976562,297.5289001464844,137.6841278076172,308.0431213378906,26.354822158813477,62.401329040527344,108.2862548828125,510.74798583984375,186.578857421875,84.14955139160156,235.83172607421875,183.52955627441406,126.64459991455078,89.20491790771484,60.56494140625,111.84146881103516,41.56660842895508,115.10076904296875,43.563236236572266,334.96258544921875,69.22504425048828,176.25048828125,124.4839096069336,174.90374755859375,200.94000244140625,284.8341979980469,36.56044387817383,68.48050689697266,171.5738983154297,3826.31005859375
2021-02-03,130.0302734375,231.6982421875,101.97364807128906,57.654571533203125,481.9200134277344,39.241641998291016,90.74076080322266,144.70521545410156,143.48513793945312,52.14418029785156,117.8709487915039,27.545597076416016,27.794551849365234,252.53567504882812,59.516136169433594,112.7042465209961,631.8727416992188,292.25616455078125,137.04373168945312,307.28826904296875,26.241840362548828,62.04026412963867,108.26825714111328,492.712890625,186.01222229003906,86.97977447509766,237.57342529296875,182.61082458496094,125.77361297607422,88.65203094482422,61.3929557800293,111.98040008544922,41.40531539916992,114.80135345458984,43.69630432128906,334.6140441894531,69.25137329101562,175.38735961914062,124.03353881835938,173.94970703125,207.38999938964844,284.56866455078125,37.99464416503906,69.97502136230469,171.0600128173828,3830.169921875
2021-02-04,133.3795623779297,230.75425720214844,101.713623046875,58.748878479003906,489.3800048828125,40.51054000854492,92.1881103515625,147.64083862304688,130.8163604736328,53.47024917602539,120.58354187011719,28.348066329956055,28.726900100708008,257.08673095703125,60.9408073425293,116.87776947021484,639.1769409179688,296.0417785644531,138.3159942626953,299.49444580078125,26.27949333190918,61.00516128540039,107.83598327636719,481.621826171875,190.41319274902344,88.2647476196289,241.60263061523438,184.64077758789062,127.58812713623047,90.95126342773438,63.09498596191406,112.04988861083984,41.60906219482422,116.18207550048828,44.10789108276367,335.87896728515625,69.29524993896484,176.66439819335938,126.01390838623047,174.13140869140625,210.63999938964844,288.71240234375,38.72378158569336,70.00648498535156,174.744384765625,3871.739990234375
2021-02-05,132.96636962890625,230.93544006347656,103.45703887939453,58.9807243347168,492.1199951171875,41.22216033935547,92.77466583251953,145.864013671875,128.93328857421875,52.91544723510742,120.34801483154297,28.23467254638672,28.638946533203125,256.8678894042969,61.72480010986328,118.16913604736328,633.8363037109375,292.048828125,140.41648864746094,295.1200866699219,26.302095413208008,60.82062911987305,111.69947052001953,485.16778564453125,190.5548553466797,88.4273910522461,241.63735961914062,185.99688720703125,131.65267944335938,93.44355773925781,62.86498260498047,112.51881408691406,42.15242004394531,117.24674224853516,44.674217224121094,335.2370910644531,70.12051391601562,178.716552734375,127.66032409667969,175.35806274414062,207.92999267578125,288.5497741699219,40.02178192138672,70.21102142333984,175.6460723876953,3886.830078125
2021-02-08,133.11216735839844,231.19287109375,103.24356842041016,58.52631759643555,493.760009765625,41.95948791503906,94.16106414794922,150.3189697265625,130.29476928710938,53.80677032470703,122.23201751708984,28.862693786621094,29.37778663635254,262.6878967285156,62.576229095458984,119.769287109375,633.9410400390625,293.3287658691406,140.81773376464844,294.9654235839844,26.226770401000977,60.210819244384766,112.12275695800781,488.3197937011719,194.33250427246094,86.89030456542969,242.65115356445312,185.1219482421875,130.11032104492188,93.2505111694336,64.3738021850586,112.17145538330078,42.38164138793945,116.78094482421875,44.881553649902344,339.635498046875,69.97128295898438,179.54440307617188,126.93801879882812,179.40126037597656,211.9499969482422,289.2346496582031,41.74443817138672,71.95723724365234,184.2169952392578,3915.590087890625
2021-02-09,132.2371826171875,232.43243408203125,102.79136657714844,59.04563522338867,496.04998779296875,41.582252502441406,94.25370025634766,149.09152221679688,129.1719970703125,53.46115493774414,121.74357604980469,28.740583419799805,29.2546443939209,262.9592590332031,62.584659576416016,118.54344940185547,635.9916381835938,299.59307861328125,141.970458984375,299.7763366699219,26.339757919311523,60.210819244384766,112.70813751220703,481.9567565917969,190.49822998046875,85.71918487548828,239.8262939453125,188.9717559814453,128.64053344726562,93.21540069580078,63.48137283325195,111.73726654052734,42.19487380981445,116.11553955078125,45.129127502441406,339.3806457519531,69.09334564208984,177.92384338378906,129.63290405273438,179.24681091308594,215.1199951171875,293.08721923828125,41.25552749633789,71.5481948852539,182.48147583007812,3911.22998046875
2021-02-10,131.6343536376953,231.526611328125,103.34064483642578,58.67469024658203,492.6700134277344,40.501976013183594,94.36176300048828,149.6666259765625,128.63272094726562,53.53392028808594,121.81336212158203,28.766742706298828,29.201873779296875,266.302490234375,62.660545349121094,119.99388122558594,631.0786743164062,300.1428527832031,142.4315643310547,303.2049255371094,26.16651725769043,60.0904655456543,112.83421325683594,477.6031494140625,193.0292205810547,84.62127685546875,241.49002075195312,187.5892791748047,129.24838256835938,92.90824890136719,63.35210418701172,111.34649658203125,42.10996627807617,114.53514862060547,44.603031158447266,336.1336669921875,69.45327758789062,178.0471649169922,128.6543731689453,179.6466064453125,211.9199981689453,292.9588317871094,41.654808044433594,72.77527618408203,183.8582763671875,3909.8798828125
2021-02-11,131.3815460205078,233.11891174316406,103.45304870605469,58.146080017089844,496.6199951171875,40.79347229003906,93.33509826660156,153.8383026123047,128.68576049804688,55.17103576660156,121.47315979003906,28.679521560668945,28.77967643737793,264.587158203125,62.14630126953125,120.0687484741211,629.5602416992188,305.9022521972656,141.79116821289062,302.90472412109375,25.93302345275879,59.97011184692383,114.23011016845703,486.6354675292969,192.11878967285156,84.37728118896484,240.0775909423828,187.4755401611328,130.22824096679688,92.89948272705078,63.739967346191406,111.4419937133789,42.70426559448242,112.2644271850586,44.56899642944336,332.43365478515625,68.83877563476562,178.0648193359375,126.09928894042969,180.2190399169922,210.66000366210938,290.34765625,40.6118049621582,72.38199615478516,185.0993194580078,3916.3798828125
2021-02-12,131.6149139404297,233.59564208984375,103.76411437988281,58.49848556518555,498.8399963378906,40.544837951660156,93.25017547607422,154.1988525390625,130.82521057128906,56.216976165771484,123.2001724243164,29.106922149658203,29.49212646484375,268.087890625,62.896568298339844,121.29459381103516,630.912841796875,305.9563903808594,142.2351837158203,298.51220703125,26.151451110839844,60.17873001098633,115.48191833496094,500.2086486816406,196.58555603027344,84.9384536743164,240.467529296875,187.15184020996094,128.93992614746094,92.40804290771484,62.797996520996094,110.82543182373047,43.035377502441406,111.34947204589844,44.70825958251953,332.9528503417969,68.85630798339844,179.28900146484375,126.89144897460938,179.89193725585938,210.97999572753906,289.1405334472656,41.1659049987793,72.79888153076172,181.95791625976562,3934.830078125
2021-02-16,129.49539184570312,232.36566162109375,104.54024505615234,57.62675476074219,501.6400146484375,39.8760871887207,92.68665313720703,155.1602020263672,130.10031127929688,56.8172607421875,126.16567993164062,29.891948699951172,30.60039520263672,273.02392578125,64.11051940917969,122.28651428222656,637.3094482421875,304.9468994140625,140.94586181640625,295.2200927734375,26.128860473632812,59.576934814453125,115.29283142089844,492.5749206542969,195.1345672607422,84.7432632446289,238.63055419921875,188.1405487060547,128.56797790527344,93.1539535522461,62.33625793457031,111.08592987060547,42.67878723144531,111.77367401123047,45.07651138305664,334.1326904296875,68.6456069946289,179.1745147705078,125.61775207519531,183.8806610107422,217.17999267578125,286.8290100097656,42.40446090698242,74.29059600830078,180.67813110351562,3932.590087890625
2021-02-17,127.21054077148438,233.37867736816406,104.93250274658203,57.58039093017578,491.2300109863281,39.653175354003906,92.60946655273438,153.24606323242188,127.96965026855469,56.25334930419922,126.55815887451172,30.014068603515625,32.183631896972656,273.70654296875,63.60470199584961,120.30268096923828,629.5253295898438,305.4877624511719,141.4496307373047,297.2571716308594,26.27949333190918,60.61201095581055,114.5903549194336,490.9793701171875,195.79843139648438,86.44300842285156,243.42234802246094,186.75811767578125,130.6365203857422,92.04351806640625,61.71752166748047,111.55488586425781,42.5599250793457,111.8402328491211,45.5530891418457,337.9459533691406,68.8650894165039,177.8181610107422,125.03533935546875,183.80792236328125,215.52000427246094,288.5155029296875,43.06447982788086,76.51620483398438,180.76536560058594,3931.330078125
2021-02-18,126.11195373535156,232.98684692382812,104.29803466796875,57.56184005737305,488.3699951171875,39.730342864990234,93.1961441040039,151.51211547851562,127.22701263427734,56.03507614135742,126.98554992675781,29.82217025756836,32.509071350097656,271.2209777832031,63.082027435302734,120.23717498779297,613.939697265625,305.0641174316406,141.51795959472656,298.6667785644531,26.030941009521484,60.5077018737793,112.94229125976562,481.4642028808594,190.7341766357422,86.2559585571289,245.26805114746094,188.49049377441406,131.63449096679688,92.5106201171875,63.0750732421875,112.48406982421875,43.103294372558594,112.59712219238281,42.600799560546875,336.8887939453125,69.11089324951172,179.24497985839844,125.9051284790039,181.64552307128906,208.47999572753906,289.3031921386719,42.38816452026367,75.78231811523438,177.43006896972656,3913.969970703125
2021-02-19,126.26746368408203,230.2918243408203,103.45604705810547,56.69012451171875,479.1199951171875,39.16448211669922,91.85298156738281,153.091552734375,128.13763427734375,57.308387756347656,129.10504150390625,30.127450942993164,33.274314880371094,276.22711181640625,64.06836700439453,123.2503662109375,619.6817626953125,305.76708984375,139.16128540039062,295.18365478515625,25.9405517578125,59.62508773803711,110.80790710449219,471.6734924316406,190.54454040527344,85.40203094482422,242.3131866455078,185.6993865966797,128.8491973876953,91.10052490234375,62.51171875,110.39122009277344,42.5429573059082,110.21824645996094,42.811248779296875,334.85943603515625,67.77643585205078,179.28021240234375,125.4675064086914,190.7223358154297,217.47000122070312,287.1628723144531,42.67335510253906,76.42048645019531,178.06028747558594,3906.7099609375
2021-02-22,122.50482177734375,224.1180877685547,101.74482727050781,59.768985748291016,467.3299865722656,38.95013427734375,93.29650115966797,148.5764923095703,123.29293060302734,55.21650695800781,130.31741333007812,30.659528732299805,32.77294921875,277.3211364746094,65.24857330322266,127.21800994873047,613.5994262695312,300.4041442871094,139.0753631591797,297.9665832519531,25.804969787597656,60.12255859375,110.36663818359375,456.3272705078125,190.31690979003906,87.06922912597656,239.0290985107422,185.5419158935547,123.99536895751953,89.7256851196289,64.22946166992188,109.92229461669922,42.98442459106445,109.78573608398438,42.61008834838867,330.55535888671875,67.837890625,179.33299255371094,126.29593658447266,198.12734985351562,212.8800048828125,291.48626708984375,44.24600601196289,78.48653411865234,185.92344665527344,3876.5
2021-02-23,122.36869812011719,222.93304443359375,102.03507232666016,59.81535720825195,467.79998779296875,39.01873016357422,93.18071746826172,148.37049865722656,121.22416687011719,55.589412689208984,131.3640594482422,30.982257843017578,32.66739273071289,279.3691101074219,65.33284759521484,128.14447021484375,613.6168212890625,293.7731018066406,137.84678649902344,299.667236328125,25.541353225708008,59.809627532958984,108.79058837890625,451.92431640625,192.02395629882812,86.42674255371094,231.5684051513672,184.8944549560547,123.50544738769531,89.33789825439453,64.85741424560547,110.73858642578125,42.90802764892578,110.44283294677734,41.92307662963867,322.94775390625,68.0310287475586,180.58363342285156,125.67853546142578,200.05355834960938,212.1199951171875,296.4176940917969,44.85714340209961,79.47569274902344,191.09120178222656,3881.3701171875
2021-02-24,121.87285614013672,224.15631103515625,103.2083969116211,60.00082015991211,476.6199951171875,39.21592330932617,95.11055755615234,153.9842529296875,124.7427978515625,57.47210693359375,133.67539978027344,31.73238754272461,33.67890167236328,289.3724365234375,67.33922576904297,130.9049530029297,621.4183959960938,299.74468994140625,139.6940155029297,302.1226806640625,25.42084312438965,59.83369445800781,110.2135009765625,449.806640625,193.95864868164062,88.39488220214844,225.26882934570312,186.60061645507812,123.06993865966797,91.99061584472656,64.51571655273438,110.86017608642578,43.05234909057617,109.86890411376953,41.22368621826172,321.5791015625,67.28479766845703,185.8591766357422,125.10018920898438,202.1342315673828,229.33999633789062,296.6744079589844,46.20163345336914,82.4112777709961,191.4984130859375,3925.429931640625
2021-02-25,117.63380432128906,218.84271240234375,99.84737396240234,60.557254791259766,459.1600036621094,39.02730941772461,94.53929901123047,146.37904357910156,119.8185043334961,54.9345588684082,131.86123657226562,31.33987808227539,33.03681945800781,286.85186767578125,66.11685180664062,128.2754364013672,606.3126831054688,298.62445068359375,139.84007263183594,299.0851135253906,25.47356605529785,59.87384033203125,109.49304962158203,444.6944885253906,193.29476928710938,87.28881072998047,221.1788330078125,184.5707244873047,122.97013092041016,91.18866729736328,62.50249099731445,109.92229461669922,42.59388732910156,108.1305160522461,40.83375930786133,315.16082763671875,67.32870483398438,181.16184997558594,123.09943389892578,201.54367065429688,216.4499969482422,292.53076171875,45.4356803894043,81.64546203613281,185.1671600341797,3829.340087890625
2021-02-26,117.89630126953125,222.0824737548828,100.14257049560547,59.82462692260742,459.6700134277344,38.47002029418945,91.80665588378906,147.8726043701172,120.40199279785156,55.28018569946289,128.36366271972656,30.275737762451172,31.81421661376953,279.6053466796875,64.8017807006836,126.57237243652344,606.0596313476562,297.54937744140625,136.14559936523438,302.1317443847656,25.22500991821289,58.2690544128418,107.87198638916016,443.3253479003906,194.3095245361328,87.62223815917969,223.8563690185547,181.47195434570312,122.52925872802734,95.20740509033203,60.94175338745117,107.27367401123047,41.59208297729492,107.45677185058594,40.20555877685547,312.42352294921875,66.02055358886719,179.0033416748047,123.34955596923828,196.1466064453125,212.00999450683594,284.9046325683594,44.30304718017578,79.7708511352539,183.2862091064453,3811.14990234375
2021-03-01,124.24515533447266,226.4403839111328,102.50757598876953,61.364051818847656,469.57000732421875,39.370243072509766,93.20384216308594,152.50784301757812,123.31945037841797,57.19015121459961,131.26812744140625,31.21776580810547,32.6234130859375,289.8765563964844,66.73224639892578,129.80075073242188,627.6143188476562,304.9302978515625,136.88450622558594,304.3417053222656,25.375652313232422,58.076480865478516,110.06041717529297,452.6630859375,195.8079376220703,88.16716766357422,226.69859313964844,183.3294219970703,125.13839721679688,94.18511199951172,62.105377197265625,107.93365478515625,42.36466598510742,108.64622497558594,40.65427780151367,313.1502990722656,66.37173461914062,182.4268798828125,126.19435119628906,199.6719512939453,224.38999938964844,287.6824035644531,45.957183837890625,81.40616607666016,189.04542541503906,3901.820068359375
2021-03-02,121.64923858642578,223.5064697265625,102.25101470947266,61.81848907470703,466.5899963378906,39.02730941772461,92.88735961914062,150.12156677246094,121.1534423828125,55.69855880737305,130.84075927734375,30.990982055664062,32.66739273071289,290.7726135253906,68.10633850097656,130.30606079101562,625.0922241210938,300.78363037109375,136.6267547607422,304.3326110839844,25.240066528320312,58.453609466552734,110.3486099243164,455.1748352050781,193.59825134277344,87.71170043945312,225.54611206054688,183.69921875,124.5656509399414,94.4759292602539,61.144935607910156,107.594970703125,42.534461975097656,109.02052307128906,40.26435089111328,310.02606201171875,66.21371459960938,182.7452850341797,126.11616516113281,196.09210205078125,223.13999938964844,292.09942626953125,45.68827438354492,81.71727752685547,188.03707885742188,3870.2900390625
2021-03-03,118.67410278320312,217.47607421875,99.62250518798828,62.050315856933594,448.45001220703125,38.692928314208984,94.45440673828125,146.43057250976562,116.95185852050781,54.47980880737305,133.37014770507812,31.767274856567383,33.151153564453125,293.83905029296875,69.17697143554688,133.43154907226562,612.1594848632812,294.99273681640625,134.22103881835938,302.7228698730469,25.902894973754883,58.814674377441406,107.3316421508789,444.1921081542969,191.56875610351562,86.78458404541016,223.00714111328125,181.1902313232422,122.05651092529297,93.61225128173828,58.79002380371094,106.9523696899414,42.432579040527344,107.4151840209961,39.4844970703125,305.7408142089844,65.50260162353516,183.12571716308594,125.38152313232422,195.2652587890625,228.55999755859375,294.1009521484375,46.05495834350586,82.6346206665039,186.40821838378906,3819.719970703125
2021-03-04,116.79766082763672,216.68284606933594,100.7379150390625,60.84474182128906,439.05999755859375,38.2042236328125,92.71753692626953,140.13003540039062,113.5230712890625,53.05187225341797,131.3204803466797,31.995189666748047,32.68499755859375,289.322998046875,68.37610626220703,133.51576232910156,599.73828125,295.9051818847656,131.5146026611328,303.5777893066406,25.759782791137695,57.90797805786133,104.47679901123047,434.8346862792969,190.18417358398438,85.92251586914062,217.43544006347656,180.32752990722656,120.03829956054688,92.44010162353516,57.76492691040039,106.07527160644531,42.398624420166016,108.0129623413086,39.4659309387207,301.1347351074219,65.35334014892578,179.5252685546875,124.61563873291016,193.32089233398438,224.7100067138672,291.8061828613281,47.83946990966797,83.36054229736328,182.3069610595703,3768.469970703125
2021-03-05,118.05187225341797,221.33706665039062,103.86515045166016,64.88806915283203,440.8299865722656,39.653175354003906,94.81722259521484,144.1558380126953,115.25523376464844,55.243797302246094,131.625732421875,32.37213134765625,32.9224739074707,287.63604736328125,68.1738052368164,137.86709594726562,616.4783325195312,302.2109680175781,134.117919921875,315.6641540527344,25.902894973754883,58.67825698852539,105.59352111816406,440.1636047363281,196.23472595214844,86.77645111083984,219.6797637939453,182.5547637939453,121.2292251586914,92.71332550048828,57.92192077636719,109.40123748779297,43.12025833129883,111.53433227539062,39.95799255371094,299.51129150390625,66.77559661865234,182.7452850341797,128.48419189453125,200.03538513183594,223.22000122070312,293.6867370605469,49.6484260559082,86.95020294189453,184.20730590820312,3841.93994140625
2021-03-08,113.13223266601562,217.3135986328125,99.42887115478516,66.91901397705078,421.20001220703125,40.73345947265625,96.34564971923828,139.15151977539062,109.43695068359375,54.434329986572266,133.37014770507812,32.54743194580078,34.01314163208008,293.6282043457031,68.36768341064453,140.61825561523438,613.56396484375,309.61907958984375,135.23487854003906,318.4560546875,25.87276268005371,59.51274871826172,104.13457489013672,433.2488708496094,196.3389892578125,86.29662322998047,224.45428466796875,184.08656311035156,122.32925415039062,92.56350708007812,60.1937370300293,110.55622863769531,43.841915130615234,110.77973937988281,39.57424545288086,293.9424133300781,67.11798095703125,183.736083984375,125.72541809082031,201.32557678222656,224.02999877929688,294.56671142578125,49.59952926635742,87.54850769042969,195.76451110839844,3821.35009765625
2021-03-09,117.73102569580078,223.42044067382812,101.05638122558594,67.3641357421875,439.17999267578125,41.05925369262695,95.85932159423828,146.23312377929688,114.68672180175781,56.9991569519043,132.42819213867188,31.837400436401367,33.53818130493164,290.46514892578125,68.15692138671875,135.7803497314453,633.7890625,309.0771179199219,135.4925994873047,320.1021423339844,25.948083877563477,59.48869323730469,105.09819793701172,441.3848876953125,195.46652221679688,86.84964752197266,229.5927276611328,183.59352111816406,123.5928955078125,93.90306854248047,61.024879455566406,109.57493591308594,43.17969512939453,110.88037109375,39.88680648803711,300.8893127441406,65.79230499267578,183.65650939941406,127.60108184814453,196.98252868652344,230.61000061035156,291.1590270996094,48.83357238769531,87.3490982055664,188.5897216796875,3875.43994140625
2021-03-10,116.65182495117188,222.12071228027344,100.849853515625,66.88191986083984,437.010009765625,41.40221405029297,98.70777130126953,145.42628479003906,113.58525848388672,56.61716079711914,135.30650329589844,32.75782012939453,34.813560485839844,300.5079040527344,70.04524230957031,137.32435607910156,639.4949951171875,311.0916442871094,136.7383575439453,317.9377746582031,26.30963134765625,59.98615264892578,104.35973358154297,434.4703063964844,194.84060668945312,87.83370208740234,232.1475067138672,187.783935546875,125.0838623046875,94.98709106445312,60.58159637451172,110.58226776123047,43.672115325927734,111.99540710449219,40.90494918823242,305.6558837890625,66.5473403930664,188.34498596191406,129.1328887939453,200.85311889648438,245.33999633789062,294.0404357910156,50.3328971862793,88.84078216552734,189.1230010986328,3898.81005859375
2021-03-11,118.57688903808594,226.62197875976562,104.0370101928711,62.513999938964844,451.05999755859375,41.83946228027344,98.1442642211914,150.17303466796875,117.02291870117188,57.58125305175781,134.60000610351562,32.643863677978516,34.1978645324707,300.5781555175781,70.18014526367188,138.2601318359375,633.8943481445312,311.8053283691406,136.72984313964844,321.12078857421875,26.143918991088867,59.88185501098633,105.83667755126953,453.6087341308594,194.61302185058594,87.72798919677734,234.42335510253906,186.25218200683594,128.35662841796875,94.5816879272461,61.024879455566406,110.20886993408203,43.196678161621094,111.69361877441406,40.88947296142578,310.20538330078125,66.08202362060547,187.9822540283203,130.70376586914062,199.6719512939453,252.0,293.0828857421875,49.95806884765625,88.69719696044922,190.7615509033203,3939.340087890625
2021-03-12,117.67269134521484,225.3031463623047,101.53382873535156,62.28216552734375,444.29998779296875,41.85660934448242,98.50706481933594,148.988525390625,115.45951843261719,57.208351135253906,136.19615173339844,33.257469177246094,35.15658950805664,306.4737548828125,71.0990219116211,138.99935913085938,628.6887817382812,312.2299499511719,137.12503051757812,324.926513671875,26.31716537475586,60.38370895385742,105.1072006225586,443.729248046875,197.33477783203125,88.01264190673828,238.1291046142578,186.93002319335938,127.68389129638672,95.01351928710938,61.72674560546875,111.27698516845703,43.111061096191406,111.54267883300781,41.50531005859375,312.5556335449219,66.29273986816406,189.6453399658203,131.0554656982422,208.0673370361328,269.19000244140625,293.479736328125,50.4958610534668,88.99236297607422,191.15908813476562,3943.340087890625
2021-03-15,120.55057525634766,224.40480041503906,101.75374603271484,62.810752868652344,447.5899963378906,42.36244583129883,99.25586700439453,150.1387176513672,116.93409729003906,58.01781463623047,135.51580810546875,33.09091567993164,34.91910934448242,304.04876708984375,70.69438171386719,137.54893493652344,631.1642456054688,317.5419616699219,137.82958984375,322.97344970703125,26.671161651611328,61.70308303833008,106.35902404785156,446.2818603515625,179.39181518554688,89.67173767089844,242.87249755859375,194.07833862304688,131.76577758789062,95.97415161132812,62.81645965576172,111.64171600341797,43.68462371826172,111.53433227539062,41.29176330566406,311.9610290527344,66.44198608398438,191.2554168701172,127.1087417602539,209.64828491210938,265.6300048828125,298.8456726074219,49.20840072631836,87.9473648071289,190.771240234375,3968.93994140625
2021-03-16,122.08676147460938,227.17626953125,103.21237182617188,61.99467086791992,450.5400085449219,42.585365295410156,98.99340057373047,152.05291748046875,118.71955871582031,58.918235778808594,133.8935089111328,32.994503021240234,34.611263275146484,300.2355041503906,69.58160400390625,134.095947265625,634.7283935546875,314.940185546875,138.6457977294922,323.6306457519531,26.987518310546875,62.17255783081055,106.46709442138672,439.98419189453125,181.04193115234375,90.1434097290039,245.959228515625,193.5501251220703,131.50209045410156,98.1245346069336,61.615936279296875,111.9717025756836,43.8472785949707,112.35597229003906,41.279396057128906,308.8839111328125,66.5999984741211,187.37188720703125,127.24939727783203,205.75955200195312,255.2100067138672,299.46685791015625,48.1654052734375,85.8653564453125,188.3279571533203,3962.7099609375
2021-03-17,121.2992172241211,226.53599548339844,103.12965393066406,61.41043472290039,451.010009765625,42.37102508544922,99.60324096679688,153.94993591308594,118.95936584472656,59.82774353027344,135.27159118652344,33.2662353515625,35.04224395751953,303.082275390625,70.69438171386719,135.38726806640625,639.2489624023438,316.3675231933594,138.1302947998047,321.421875,26.957395553588867,62.56915283203125,105.92672729492188,436.21917724609375,177.0872802734375,85.42639923095703,244.17166137695312,197.2915496826172,131.65667724609375,97.3489761352539,62.1884880065918,111.52014923095703,43.86440658569336,112.02899932861328,40.93589401245117,310.715087890625,66.5473403930664,188.45114135742188,125.5534439086914,212.27410888671875,263.5899963378906,302.82269287109375,48.37726593017578,86.17645263671875,189.29750061035156,3974.1201171875
2021-03-18,117.18656921386719,220.4960479736328,100.1143569946289,61.89265060424805,439.17999267578125,41.83946228027344,100.39832305908203,149.6666259765625,115.25523376464844,57.963233947753906,137.5044708251953,34.134033203125,35.89543151855469,305.7620849609375,70.76180267333984,133.42218017578125,635.3077392578125,314.8046569824219,137.87257385253906,330.429931640625,26.942325592041016,62.544883728027344,106.36803436279297,439.31390380859375,174.43190002441406,84.39354705810547,246.90093994140625,196.22630310058594,130.1566619873047,94.84607696533203,61.43122100830078,111.7633056640625,43.290836334228516,111.11510467529297,40.4013786315918,304.8536071777344,66.78437805175781,190.21151733398438,125.2017822265625,209.59373474121094,256.05999755859375,309.2325134277344,46.291263580322266,83.05744171142578,186.42759704589844,3915.4599609375
2021-03-19,116.66153717041016,220.14244079589844,100.39269256591797,61.44754409790039,441.5,41.99378967285156,99.50288391113281,151.05718994140625,116.38336181640625,57.99052810668945,135.31520080566406,33.7746467590332,34.857540130615234,302.42327880859375,69.9188232421875,131.6723175048828,640.4956665039062,313.8199462890625,137.50306701660156,333.651611328125,26.761554718017578,62.73915481567383,108.29525756835938,438.58465576171875,174.7732391357422,84.1089096069336,252.0802764892578,195.8213653564453,124.99295043945312,93.7179946899414,61.51434326171875,111.16410827636719,43.49629211425781,112.76678466796875,40.939002990722656,310.45074462890625,65.82742309570312,188.34498596191406,124.49057006835938,204.69642639160156,255.82000732421875,306.316650390625,46.030513763427734,82.46710968017578,185.32229614257812,3913.10009765625
2021-03-22,119.96722412109375,225.53248596191406,100.57743835449219,61.503173828125,452.4100036621094,43.12550735473633,100.77658081054688,154.59371948242188,119.1103744506836,59.69129943847656,131.6780548095703,33.01202392578125,34.27702331542969,298.1443176269531,69.05894470214844,130.9611053466797,641.6192016601562,312.1667175292969,137.89828491210938,334.8197937011719,27.115564346313477,62.73915481567383,109.39396667480469,448.09521484375,176.24327087402344,86.12584686279297,251.9408416748047,198.13670349121094,125.7020263671875,94.80199432373047,61.412750244140625,113.04852294921875,43.65895080566406,115.5335693359375,41.134769439697266,315.71759033203125,66.52098846435547,187.6549835205078,125.87391662597656,205.35972595214844,251.22999572753906,308.5509338378906,45.55790328979492,81.79703521728516,186.98995971679688,3940.590087890625
2021-03-23,119.14080047607422,227.0520477294922,101.10442352294922,62.38417434692383,460.20001220703125,42.87687683105469,100.70708465576172,153.460693359375,117.71576690673828,57.73585891723633,130.36105346679688,32.3458251953125,33.63492202758789,291.5019836425781,66.69853210449219,127.33967590332031,629.0224609375,313.33209228515625,137.7694091796875,336.3165588378906,26.63351058959961,61.73543930053711,108.51141357421875,445.4835510253906,174.19479370117188,85.2637710571289,252.8476104736328,197.52040100097656,124.65652465820312,93.6386947631836,59.59344482421875,115.15007781982422,43.992801666259766,116.92532348632812,41.62266540527344,321.2393493652344,68.25929260253906,184.52337646484375,124.93603515625,198.3000030517578,241.25,305.05706787109375,44.99566650390625,81.34233093261719,182.98565673828125,3910.52001953125
2021-03-24,116.75875091552734,225.02598571777344,100.66856384277344,61.97611999511719,451.510009765625,42.56822204589844,100.83060455322266,153.56362915039062,112.97232055664062,56.42616653442383,131.37277221679688,32.3458251953125,33.52937698364258,288.7607116699219,66.87556457519531,129.52935791015625,634.4473876953125,317.81298828125,139.10977172851562,338.2331237792969,26.82181739807129,61.71115493774414,106.28697204589844,438.93939208984375,170.8660430908203,83.8161392211914,255.26283264160156,197.2387237548828,121.0564956665039,92.5106201171875,59.40875244140625,115.11532592773438,44.10409927368164,116.38034057617188,41.36473083496094,319.06842041015625,68.27685546875,187.73460388183594,124.97515106201172,201.00758361816406,239.24000549316406,307.2225036621094,45.90829086303711,83.52007293701172,179.0977020263672,3889.139892578125
2021-03-25,117.24490356445312,222.0442657470703,100.66510772705078,63.645389556884766,450.989990234375,43.3055534362793,102.72183990478516,153.21170043945312,113.06116485595703,56.40796661376953,133.05621337890625,33.01202392578125,34.567283630371094,290.4300537109375,67.5499496459961,133.14146423339844,638.616943359375,317.3703308105469,139.16128540039062,338.680419921875,26.86699867248535,61.57355880737305,107.21459197998047,435.9039001464844,173.63525390625,84.4830093383789,259.12567138671875,197.37074279785156,116.94732666015625,94.60810089111328,60.10137939453125,115.91427612304688,44.53212356567383,117.0678482055664,41.64440155029297,326.9024963378906,68.3822250366211,189.2030487060547,127.58544158935547,203.75152587890625,247.19000244140625,311.6220703125,45.77790832519531,83.81523132324219,181.22105407714844,3909.52001953125
2021-03-26,117.84770202636719,226.00079345703125,100.2822494506836,65.14773559570312,469.0899963378906,45.07173538208008,105.27699279785156,161.54660034179688,118.13328552246094,59.00008010864258,135.27159118652344,33.90613555908203,34.97187805175781,287.6535949707031,67.42351531982422,134.49830627441406,664.4251708984375,324.82354736328125,141.7044677734375,343.5997009277344,27.30385971069336,62.642005920410156,109.934326171875,453.4173278808594,175.74061584472656,86.19088745117188,264.90667724609375,198.25990295410156,120.90194702148438,96.85543823242188,60.987937927246094,117.62501525878906,45.40530014038086,119.64179229736328,41.992454528808594,332.2637939453125,69.54987335205078,193.3165283203125,131.28211975097656,208.5216064453125,244.8699951171875,314.63299560546875,47.02462387084961,85.73771667480469,180.26116943359375,3974.5400390625
2021-03-29,118.022705078125,224.81573486328125,101.32532501220703,65.96381378173828,469.32000732421875,45.02886199951172,104.87557220458984,159.81263732910156,116.60541534423828,58.663570404052734,133.16954040527344,33.5817985534668,33.81084060668945,286.195068359375,65.6531982421875,133.22567749023438,665.2677001953125,326.8020935058594,142.6581268310547,345.9543151855469,27.582551956176758,63.37859344482422,110.07843017578125,451.94879150390625,176.7174072265625,86.80084991455078,263.5028991699219,200.143798828125,121.35652160644531,96.17684936523438,60.51696014404297,119.46602630615234,46.09870529174805,121.41082000732422,42.47102737426758,336.1620788574219,70.1468505859375,193.6261749267578,131.40716552734375,209.17581176757812,250.52000427246094,321.603515625,46.77202606201172,85.29100799560547,179.2237548828125,3971.090087890625
2021-03-30,116.57404327392578,221.57595825195312,101.35900115966797,65.42594909667969,465.4599914550781,44.385841369628906,103.99555969238281,159.60665893554688,115.57500457763672,57.9996223449707,134.73956298828125,34.177879333496094,34.64643478393555,291.71282958984375,66.67324829101562,134.27374267578125,657.7186279296875,318.70751953125,141.77322387695312,340.9346618652344,27.19841957092285,62.2939567565918,107.84497833251953,444.9512939453125,175.92080688476562,86.84964752197266,265.787353515625,198.0574188232422,120.86559295654297,97.18151092529297,61.43122100830078,117.62501525878906,45.499481201171875,119.50762939453125,42.18202209472656,330.1211853027344,69.64643096923828,192.9273223876953,131.7979278564453,211.77439880371094,252.00999450683594,319.6624755859375,46.193485260009766,84.50126647949219,179.883056640625,3958.550048828125
2021-03-31,118.7616195678711,225.3222198486328,102.15393829345703,65.07353210449219,475.3699951171875,44.33439636230469,102.86852264404297,162.22471618652344,117.7779541015625,58.20880889892578,132.77708435058594,33.91489791870117,34.364967346191406,287.3108215332031,65.4677505493164,132.7532196044922,661.8444213867188,318.7887268066406,141.20616149902344,339.5747985839844,27.28880500793457,62.39918899536133,107.926025390625,449.79046630859375,177.1726531982422,88.01264190673828,266.16217041015625,197.3179473876953,120.81105041503906,96.30023956298828,61.08952331542969,117.60762786865234,45.122802734375,118.59378051757812,42.209983825683594,332.6979675292969,69.20747375488281,192.02499389648438,132.8529815673828,210.6749725341797,254.72000122070312,318.7652587890625,45.49272155761719,83.59187316894531,178.90380859375,3972.889892578125
2021-04-01,119.58804321289062,231.6106719970703,105.4852294921875,66.59442138671875,483.3399963378906,44.565887451171875,102.84537506103516,164.85989379882812,122.39704895019531,58.709041595458984,134.06796264648438,34.61616897583008,34.857540130615234,287.8731994628906,65.93983459472656,135.6909942626953,673.14208984375,327.6241760253906,139.90020751953125,335.0115051269531,27.341524124145508,62.39918899536133,107.1155014038086,449.7115783691406,175.67428588867188,88.2566146850586,268.3421325683594,198.25990295410156,120.48374938964844,96.39714813232422,60.932533264160156,116.60900115966797,44.95159149169922,118.45121002197266,42.14472579956055,335.02001953125,68.96165466308594,191.78616333007812,133.8611602783203,211.46542358398438,252.9600067138672,320.0765686035156,46.76388168334961,84.35767364501953,183.21835327148438,4019.8701171875
2021-04-05,122.4076156616211,238.0328826904297,109.90220642089844,68.77375030517578,491.6199951171875,45.25669479370117,104.92960357666016,169.04017639160156,124.65328979492188,60.51896286010742,134.7786102294922,34.887908935546875,34.72560119628906,284.2708740234375,65.7543716430664,137.08949279785156,688.2317504882812,331.70758056640625,140.41571044921875,337.849853515625,27.32645606994629,62.326332092285156,107.94405364990234,458.67041015625,175.34231567382812,86.32101440429688,275.012451171875,201.46432495117188,122.83834075927734,97.84252166748047,62.576377868652344,118.493408203125,45.208412170410156,120.02749633789062,43.328712463378906,340.5699157714844,69.8220443725586,193.97116088867188,134.38479614257812,212.34678649902344,259.3599853515625,326.7452087402344,46.038665771484375,83.3685073852539,182.76266479492188,4077.909912109375
2021-04-06,122.70899963378906,236.87652587890625,109.42176818847656,68.88504791259766,491.3399963378906,44.92856979370117,103.60958099365234,167.03155517578125,122.6368637084961,59.627647399902344,133.83102416992188,34.791481018066406,35.05104064941406,287.3636169433594,66.67324829101562,137.17398071289062,686.2039184570312,330.5149841308594,140.38133239746094,332.54730224609375,27.153221130371094,61.346927642822266,108.04312896728516,461.97198486328125,173.36024475097656,85.70293426513672,273.5999450683594,204.15814208984375,124.69291687011719,99.71968078613281,62.46554946899414,118.53683471679688,45.53370666503906,120.45504760742188,43.53691101074219,339.90924072265625,70.11173248291016,193.900390625,135.18197631835938,209.55743408203125,255.1699981689453,326.9350280761719,45.90829086303711,82.62664794921875,183.95523071289062,4073.93994140625
2021-04-07,124.35212707519531,238.82611083984375,110.89625549316406,68.98747253417969,493.4100036621094,44.70404815673828,104.15766143798828,165.7440185546875,123.85384368896484,60.255226135253906,135.92791748046875,35.1070556640625,35.17418670654297,286.9154052734375,66.63111114501953,138.0937957763672,691.7254638671875,326.314208984375,140.57040405273438,333.7063903808594,27.047771453857422,61.614036560058594,108.16920471191406,459.6460266113281,172.90505981445312,85.56466674804688,272.45770263671875,204.77435302734375,124.12926483154297,99.75495147705078,62.59482955932617,118.74526977539062,45.61076354980469,120.23702239990234,43.443695068359375,338.6727294921875,69.90104675292969,193.29000854492188,134.38479614257812,209.3484649658203,252.5800018310547,327.9874572753906,46.11201095581055,83.11324310302734,181.85125732421875,4079.949951171875
2021-04-08,126.7438735961914,242.0276641845703,111.46086883544922,70.11446380615234,499.8399963378906,44.82494354248047,104.3043441772461,167.55520629882812,124.66219329833984,60.982818603515625,136.09463500976562,34.800254821777344,35.20936965942383,290.948486328125,67.60897827148438,138.00929260253906,702.785888671875,330.2982177734375,140.0204620361328,333.0219421386719,27.08543586730957,61.104087829589844,107.87198638916016,464.7019958496094,173.18003845214844,86.28848266601562,274.1667785644531,202.6968231201172,121.52923583984375,99.62275695800781,63.74922180175781,119.19680786132812,45.473785400390625,119.50762939453125,43.41571807861328,340.94744873046875,69.91860961914062,194.49310302734375,135.22105407714844,209.41200256347656,254.9499969482422,333.01702880859375,45.6312370300293,82.17992401123047,181.61859130859375,4097.169921875
2021-04-09,129.3105926513672,244.51246643066406,112.46333312988281,70.39388275146484,504.0400085449219,44.980377197265625,104.77523040771484,167.75265502929688,124.86650085449219,62.08332443237305,137.11233520507812,35.0544548034668,35.62275695800781,290.658447265625,68.04731750488281,138.703857421875,709.5891723632812,333.451171875,138.5426788330078,343.4353332519531,27.56748390197754,61.76781463623047,108.8806381225586,471.9655456542969,174.96298217773438,87.4596176147461,278.3520202636719,203.77960205078125,123.13834381103516,99.74613952636719,64.13707733154297,118.42391967773438,45.52515411376953,119.53280639648438,43.437469482421875,342.8257751464844,70.04151916503906,200.79164123535156,137.50315856933594,209.65733337402344,252.36000061035156,333.1981506347656,45.52531433105469,82.10018157958984,182.1712188720703,4128.7998046875
2021-04-12,127.5994873046875,244.5697784423828,111.17310333251953,70.8968276977539,506.0299987792969,44.531341552734375,103.89520263671875,165.177490234375,122.086181640625,59.49122619628906,136.8227996826172,35.115814208984375,35.860260009765625,291.5634765625,67.59211730957031,138.5067596435547,709.2644653320312,335.2671203613281,138.87777709960938,343.4171447753906,27.846176147460938,61.694976806640625,109.00672912597656,469.10748291015625,172.4308624267578,88.03701782226562,279.71234130859375,203.32183837890625,124.22016906738281,100.30135345458984,64.20171356201172,118.90154266357422,45.67068099975586,119.91006469726562,43.443695068359375,344.3359375,70.37512969970703,202.22471618652344,139.56634521484375,209.82090759277344,249.52000427246094,334.595703125,45.22382736206055,81.19076538085938,180.81382751464844,4127.990234375
2021-04-13,130.70095825195312,247.03543090820312,111.65898132324219,71.4090805053711,514.8599853515625,44.60905838012695,101.26289367675781,164.15603637695312,121.9617919921875,59.31841278076172,135.19097900390625,34.4671516418457,34.99827194213867,287.9083557128906,67.04414367675781,137.0238037109375,704.445068359375,336.9474792480469,137.0218963623047,341.7925720214844,27.98928451538086,61.86494827270508,110.78087615966797,477.8493957519531,173.1041717529297,88.01264190673828,279.3722229003906,203.6387481689453,121.4019546508789,101.66737365722656,63.22281265258789,117.32976531982422,45.44811248779297,119.93524169921875,43.31006622314453,344.7134704589844,69.99761962890625,202.5785369873047,140.222900390625,208.38536071777344,253.27000427246094,333.957275390625,45.394927978515625,81.55772399902344,179.8442840576172,4141.58984375
2021-04-14,128.3675537109375,244.26394653320312,111.03889465332031,71.54878997802734,510.6300048828125,44.358638763427734,102.3822250366211,163.3749237060547,119.69664764404297,58.381614685058594,132.66419982910156,34.958030700683594,36.93333053588867,294.6474609375,68.10633850097656,138.36598205566406,703.1986694335938,336.0982360839844,137.39999389648438,342.8238830566406,27.99681854248047,61.84065628051758,109.82273864746094,471.1377258300781,173.54991149902344,87.17301940917969,279.0408935546875,202.74961853027344,120.23828125,101.49114227294922,63.36134719848633,117.75528717041016,45.43954849243164,119.14713287353516,43.294532775878906,342.78802490234375,69.7079086303711,202.91465759277344,137.71412658691406,211.32009887695312,252.42999267578125,335.3031921386719,46.70684051513672,83.17707824707031,181.7543182373047,4124.66015625
2021-04-15,130.76901245117188,248.0006866455078,113.18545532226562,72.91792297363281,523.25,44.59178924560547,102.34358978271484,165.8126983642578,122.44145202636719,59.13651657104492,133.5063934326172,33.958740234375,37.15322494506836,297.45904541015625,68.13163757324219,139.4077911376953,717.9197387695312,338.8446044921875,137.80377197265625,355.9480285644531,28.32069969177246,62.05113220214844,112.02825164794922,487.2417297363281,176.31912231445312,87.9879379272461,281.4126281738281,203.60354614257812,121.52012634277344,102.81305694580078,63.94314193725586,119.179443359375,45.653568267822266,119.31482696533203,43.55556106567383,348.10205078125,70.63850402832031,203.32162475585938,140.39480590820312,211.2655487060547,251.11000061035156,336.99395751953125,46.429779052734375,82.49901580810547,180.27085876464844,4170.419921875
2021-04-16,130.4384765625,249.18577575683594,113.06163787841797,73.5326156616211,525.0800170898438,45.593467712402344,103.1232681274414,164.74832153320312,122.77014923095703,58.89094924926758,134.49786376953125,34.3181266784668,38.560546875,300.7627258300781,66.2517318725586,140.7781219482422,712.3102416992188,341.5548400878906,139.3932647705078,356.86065673828125,29.05131721496582,62.706748962402344,112.39883422851562,485.80279541015625,179.47720336914062,88.82755279541016,286.06884765625,205.1881561279297,122.10196685791016,104.29366302490234,64.63575744628906,119.1881332397461,45.95317840576172,120.86591339111328,43.69540023803711,349.9143371582031,70.84920501708984,205.32969665527344,140.4495391845703,212.0287628173828,248.17999267578125,338.0119934082031,46.16904067993164,82.132080078125,181.56039428710938,4185.47021484375
2021-04-19,131.09959411621094,247.2743377685547,113.4088363647461,73.34634399414062,516.1699829101562,45.63663864135742,102.76046752929688,160.5680389404297,120.14080810546875,57.87229537963867,133.92755126953125,34.335670471191406,38.595733642578125,301.44805908203125,67.46564483642578,139.4171600341797,711.9944458007812,340.082275390625,139.77989196777344,355.7928161621094,29.32246208190918,62.86055374145508,112.56153106689453,480.59906005859375,179.8470458984375,89.40377044677734,284.9963684082031,204.07009887695312,120.52013397216797,103.64151000976562,63.72149658203125,118.63237762451172,46.22711181640625,121.36051940917969,43.41571807861328,348.8099365234375,70.55950164794922,204.32125854492188,139.15997314453125,211.1474609375,244.14999389648438,337.94293212890625,46.022361755371094,82.37136840820312,181.72520446777344,4163.259765625
2021-04-20,129.4176025390625,246.815673828125,112.87640380859375,73.80271911621094,514.2100219726562,44.7213134765625,106.65101623535156,159.0315399169922,118.49748992919922,57.02644729614258,130.96212768554688,33.38019561767578,37.4171028137207,291.5986022949219,65.15582275390625,136.18846130371094,706.6133422851562,342.4491882324219,143.03616333007812,361.8985900878906,29.39778709411621,63.5971565246582,108.46692657470703,475.3952331542969,180.76695251464844,89.74950408935547,282.47637939453125,205.12649536132812,115.5564193725586,102.46937561035156,62.56711959838867,119.62235260009766,46.37264633178711,122.16542053222656,43.7513427734375,350.86761474609375,71.8043441772461,201.1011962890625,140.4338836669922,206.82257080078125,234.05999755859375,334.14715576171875,45.05270004272461,80.83179473876953,177.2264404296875,4134.93994140625
2021-04-21,129.79678344726562,249.03282165527344,112.84371185302734,71.39976501464844,512.3400268554688,44.84221267700195,110.8117904663086,162.14743041992188,120.9758071899414,57.93595886230469,132.07632446289062,33.941200256347656,38.03280258178711,294.5771789550781,66.80811309814453,138.14071655273438,712.380859375,345.7918701171875,143.13072204589844,363.9794006347656,29.774402618408203,64.13136291503906,110.81704711914062,473.4734802246094,181.08938598632812,91.20651245117188,284.2115783691406,204.46624755859375,118.09281921386719,102.88359069824219,63.24127960205078,118.84081268310547,46.74931335449219,123.23020935058594,43.87874984741211,353.0951843261719,71.64543151855469,203.9054412841797,139.55853271484375,211.2110595703125,235.9199981689453,334.0694274902344,45.6312370300293,81.94859313964844,177.53671264648438,4173.419921875
2021-04-22,128.28001403808594,245.77398681640625,111.56439208984375,69.73257446289062,507.2900085449219,44.47090530395508,109.0594711303711,159.4864501953125,118.11551666259766,56.90821075439453,129.29515075683594,33.62562561035156,37.55783462524414,290.693603515625,65.99884033203125,138.1219482421875,698.1510620117188,346.28875732421875,141.9192657470703,361.90765380859375,29.10403823852539,63.103397369384766,111.63053894042969,477.2185363769531,177.3907470703125,90.58914184570312,280.29644775390625,205.08245849609375,117.43826293945312,102.1609115600586,63.87848663330078,117.66093444824219,46.60378646850586,122.46726989746094,43.403297424316406,350.42401123046875,71.55712890625,202.80853271484375,138.7301025390625,207.96737670898438,234.3300018310547,327.9012145996094,45.03640365600586,80.52867889404297,177.19735717773438,4134.97998046875
2021-04-23,130.5940399169922,249.57752990722656,113.91253662109375,69.82572174072266,515.8400268554688,44.82494354248047,109.94721984863281,162.07875061035156,120.3006820678711,53.87953186035156,131.76925659179688,34.34442901611328,38.5781364440918,298.1619873046875,68.24124145507812,135.4656982421875,713.8201904296875,350.6521911621094,142.21136474609375,365.3484191894531,29.119102478027344,63.03861999511719,111.45879364013672,481.0426330566406,178.97451782226562,91.68392944335938,282.4154357910156,206.5086212158203,118.35645294189453,103.60624694824219,65.0051498413086,117.05790710449219,46.62946319580078,122.26602172851562,43.474754333496094,352.33056640625,70.44471740722656,198.5977325439453,139.8634033203125,210.02093505859375,238.3800048828125,325.4856262207031,45.28085708618164,81.00728607177734,177.449462890625,4180.169921875
2021-04-26,130.98294067382812,249.95985412597656,114.4078369140625,69.38797760009766,515.7000122070312,44.59178924560547,109.28331756591797,164.25904846191406,123.43634033203125,53.44296646118164,132.09393310546875,34.546051025390625,38.82442092895508,301.82586669921875,68.72174835205078,141.1066436767578,718.3409423828125,346.8487854003906,141.00851440429688,361.2870788574219,29.134172439575195,62.75533676147461,110.79896545410156,486.9067077636719,177.552001953125,91.6921615600586,279.01470947265625,204.51026916503906,119.6383056640625,102.1609115600586,63.98008346557617,114.7156753540039,45.936065673828125,120.19514465332031,42.856353759765625,347.83782958984375,69.99445343017578,195.96157836914062,137.4015350341797,210.4317169189453,241.44000244140625,320.9047546386719,45.3704948425293,80.98335266113281,178.6614227294922,4187.6201171875
2021-04-27,130.66212463378906,250.3612823486328,113.46926879882812,70.0585708618164,517.3200073242188,44.358638763427734,109.62297058105469,163.27191162109375,122.59248352050781,52.72444534301758,132.6992645263672,34.958030700683594,39.66001510620117,304.558349609375,69.0926513671875,141.1254119873047,720.263427734375,347.03863525390625,140.20089721679688,360.04583740234375,28.9609317779541,62.617740631103516,110.00352478027344,483.1418151855469,172.80068969726562,91.73332214355469,279.5379943847656,206.8607635498047,120.10192108154297,102.3636245727539,64.46031188964844,114.645751953125,45.867576599121094,119.80108642578125,43.002418518066406,349.4328918457031,69.35877990722656,197.20892333984375,151.71920776367188,210.2308807373047,242.47000122070312,321.97442626953125,45.96533203125,81.9246597290039,179.0201416015625,4186.72021484375
2021-04-28,129.87452697753906,243.2796173095703,116.84017944335938,69.63945007324219,515.47998046875,44.134124755859375,110.38722229003906,156.0701446533203,121.31336212158203,52.4061164855957,133.55909729003906,35.089515686035156,39.651214599609375,305.858642578125,69.7417984008789,143.17152404785156,716.5504150390625,343.3707275390625,139.16989135742188,360.1280212402344,29.232080459594727,62.39918899536133,109.7775650024414,478.7856140136719,171.22642517089844,92.13666534423828,278.77069091796875,204.59832763671875,118.82918548583984,99.0587158203125,64.59882354736328,114.83804321289062,45.876136779785156,118.91236877441406,42.85013961791992,348.8476867675781,69.54418182373047,197.15582275390625,155.03292846679688,212.0197296142578,235.4600067138672,321.7330322265625,47.35055923461914,83.93490600585938,177.80819702148438,4183.18017578125
2021-04-29,129.77732849121094,241.32044982910156,118.51029205322266,70.66398620605469,516.0900268554688,44.43635177612305,111.34440612792969,159.503662109375,126.74079132080078,53.00639724731445,136.1560516357422,36.036231994628906,40.67152404785156,310.12884521484375,70.80848693847656,145.1331787109375,726.2415161132812,354.7718200683594,141.0772705078125,366.4801025390625,29.073904037475586,59.639015197753906,109.37985229492188,457.684814453125,172.79122924804688,91.28057098388672,283.67974853515625,207.0632781982422,121.14739227294922,101.02400970458984,65.95638275146484,115.80813598632812,46.44969177246094,120.68141174316406,43.39085388183594,353.3312683105469,70.47119903564453,198.06698608398438,159.21412658691406,207.6114501953125,235.94000244140625,328.1255798339844,48.026878356933594,85.27503967285156,179.6891326904297,4211.47021484375
2021-04-30,127.81340789794922,241.00506591796875,116.5657958984375,70.5894546508789,508.3399963378906,43.961429595947266,109.52263641357422,155.80087280273438,123.29422760009766,52.32426452636719,134.94529724121094,35.527809143066406,39.62482833862305,306.157470703125,69.88569641113281,143.9317626953125,719.2012939453125,352.6849060058594,139.81423950195312,363.97027587890625,29.111572265625,60.30274200439453,108.53923034667969,463.4404602050781,173.331787109375,91.78271484375,282.2235412597656,207.8291778564453,120.56556701660156,100.900634765625,65.56848907470703,116.60343170166016,46.20999526977539,120.86591339111328,43.477874755859375,351.9597473144531,71.24812316894531,197.30621337890625,159.3235626220703,208.19558715820312,234.30999755859375,328.30670166015625,46.64165115356445,82.21980285644531,180.35813903808594,4181.169921875
2021-05-03,128.86341857910156,240.6992645263672,116.04971313476562,72.02377319335938,503.4599914550781,44.185943603515625,111.73809051513672,154.32492065429688,122.0772705078125,52.07868957519531,134.5504913330078,35.554107666015625,40.003047943115234,307.65997314453125,69.80950927734375,145.292724609375,724.7492065429688,355.85589599609375,141.94508361816406,370.4502258300781,30.00035285949707,61.50071334838867,108.04207611083984,460.6315612792969,176.31912231445312,94.40038299560547,287.9784240722656,207.37132263183594,120.9383316040039,101.98463439941406,66.56590270996094,117.98430633544922,46.63802719116211,122.23251342773438,44.164642333984375,358.798583984375,71.57479858398438,197.44773864746094,165.841552734375,208.25033569335938,235.19000244140625,332.4044494628906,47.92910385131836,84.18218994140625,179.86367797851562,4192.66015625
2021-05-04,124.3034896850586,236.8096160888672,114.25428771972656,73.14143371582031,490.70001220703125,43.78873062133789,112.51004791259766,154.52346801757812,119.13704681396484,51.75127029418945,136.4104766845703,35.9398078918457,40.231746673583984,307.3786926269531,69.96187591552734,145.03927612304688,734.238525390625,358.7738952636719,144.14453125,375.4150695800781,30.090744018554688,61.508792877197266,106.24334716796875,458.5618591308594,178.48138427734375,93.75830078125,290.1582946777344,205.8748016357422,119.59283447265625,100.56575012207031,65.40226745605469,117.58226776123047,46.346961975097656,120.69816589355469,43.72957992553711,354.98663330078125,71.59245300292969,199.42042541503906,167.49061584472656,213.03289794921875,233.6300048828125,334.27655029296875,48.230594635009766,84.64485168457031,178.6420135498047,4164.66015625
2021-05-05,124.54657745361328,235.548095703125,114.64754486083984,73.75617218017578,486.69000244140625,44.151397705078125,112.10092163085938,156.7847900390625,119.60781860351562,51.70579147338867,138.2002716064453,36.28166961669922,40.40765380859375,314.2143859863281,71.54500579833984,146.78504943847656,747.0370483398438,354.19366455078125,143.5431365966797,376.4737854003906,30.10581398010254,62.89292526245117,107.12010955810547,461.0159912109375,182.85333251953125,95.30584716796875,289.5304870605469,206.91357421875,120.19283294677734,100.01052856445312,65.59619140625,116.63839721679688,46.22711181640625,120.6395263671875,43.692298889160156,352.3475341796875,71.79552459716797,200.09271240234375,167.65469360351562,217.1125946044922,228.17999267578125,333.3189392089844,49.6810188293457,86.91832733154297,175.98541259765625,4167.58984375
2021-05-06,126.14108276367188,238.66363525390625,115.76590728759766,74.26841735839844,483.6099853515625,45.28260040283203,114.57115173339844,159.04615783691406,120.8070297241211,52.33539581298828,140.98147583007812,36.82514953613281,41.10403823852539,321.5509948730469,73.50910186767578,147.24501037597656,761.161376953125,351.9441833496094,144.11878967285156,378.72802734375,29.809167861938477,62.95769500732422,107.37322998046875,463.351806640625,183.87757873535156,95.55282592773438,294.3523864746094,206.75515747070312,121.35652160644531,101.12096405029297,66.27037048339844,118.1066665649414,46.68939208984375,122.03961944580078,44.0042724609375,362.052490234375,72.6695556640625,202.27780151367188,167.85791015625,216.37335205078125,229.80999755859375,334.1557312011719,50.153621673583984,86.96617126464844,176.2568817138672,4201.6201171875
2021-05-07,126.81307220458984,241.27267456054688,116.488037109375,74.88312530517578,488.7300109863281,46.137481689453125,113.54076385498047,162.0584716796875,122.4503402709961,52.77465057373047,141.46400451660156,36.97417068481445,41.02470016479492,325.8737487792969,74.24561309814453,149.2159881591797,767.0692138671875,352.9740905761719,144.77171325683594,381.1739501953125,30.105812072753906,63.467620849609375,107.51782989501953,461.68609619140625,185.32855224609375,95.28115844726562,295.8084716796875,206.73753356933594,125.2838134765625,100.76842498779297,68.13582611083984,118.11540222167969,46.6637077331543,122.03961944580078,43.739097595214844,363.5281677246094,72.55480194091797,202.39280700683594,169.98367309570312,219.95111083984375,235.47000122070312,336.74383544921875,50.87068176269531,87.76388549804688,179.2140655517578,4232.60009765625
2021-05-10,123.54073333740234,236.22662353515625,113.50740051269531,74.65028381347656,479.3800048828125,45.90433120727539,114.09495544433594,157.1300811767578,114.53572082519531,51.21895980834961,141.4464874267578,36.86021423339844,41.07758331298828,323.9320983886719,73.20430755615234,148.93441772460938,752.6904907226562,352.6578063964844,146.29249572753906,384.1310119628906,30.31878662109375,63.27338790893555,107.50879669189453,456.7781066894531,184.70263671875,95.66804504394531,297.4390563964844,208.73593139648438,124.00199127197266,100.73318481445312,67.40626525878906,120.3177490234375,47.00613784790039,123.0122299194336,43.93251037597656,360.84173583984375,73.57892608642578,204.294677734375,168.91297912597656,221.4296875,232.92999267578125,339.1593933105469,50.992923736572266,87.40492248535156,178.6905059814453,4188.43017578125
2021-05-11,122.62525177001953,235.3187255859375,112.43310546875,72.35908508300781,485.19000244140625,45.61936950683594,112.57286834716797,158.1226348876953,114.02937316894531,50.36790084838867,139.0951690673828,36.439449310302734,40.30187225341797,316.2353515625,71.8921127319336,144.94541931152344,740.9713745117188,343.0003356933594,145.09820556640625,375.74371337890625,29.930866241455078,62.698673248291016,107.01165771484375,457.3004150390625,184.69314575195312,94.57323455810547,288.31854248046875,205.8748016357422,124.65652465820312,100.07221221923828,66.50122833251953,119.72349548339844,46.50105285644531,122.11508178710938,43.53630828857422,357.72021484375,72.78433227539062,202.72007751464844,167.50625610351562,218.40863037109375,228.8800048828125,334.56988525390625,49.37137985229492,85.1155014038086,176.14053344726562,4152.10009765625
2021-05-12,119.56716918945312,228.4091339111328,108.97552490234375,71.48357391357422,472.0899963378906,44.5572509765625,110.29362487792969,152.4261016845703,110.69831085205078,49.06843185424805,138.13885498046875,36.097591400146484,40.231361389160156,311.38531494140625,70.84233856201172,142.94622802734375,722.8883056640625,333.9842529296875,144.51402282714844,369.96649169921875,30.189476013183594,63.135780334472656,105.167724609375,448.2135009765625,183.2231903076172,94.63086700439453,276.4076843261719,200.66323852539062,121.26557922363281,97.14349365234375,64.44363403320312,118.45622253417969,46.2613639831543,120.924560546875,42.410072326660156,352.0638122558594,72.44001770019531,194.65237426757812,164.6692657470703,216.60150146484375,220.77999877929688,328.3584289550781,49.635929107666016,85.64995574951172,172.43679809570312,4063.0400390625
2021-05-13,121.70977783203125,232.26051330566406,110.40145874023438,72.77821350097656,474.1600036621094,45.325775146484375,112.5338363647461,154.4889373779297,112.91017150878906,49.42533493041992,141.692138671875,36.6761360168457,40.90129089355469,315.260009765625,71.84130859375,144.61691284179688,736.4857177734375,343.02740478515625,146.02613830566406,372.8779602050781,30.50132942199707,63.69429016113281,106.16199493408203,450.3226623535156,185.69029235839844,95.98085021972656,283.74951171875,202.27426147460938,121.46560668945312,97.7628402709961,65.71341705322266,120.36146545410156,46.6637077331543,122.71878051757812,43.12761306762695,358.99725341796875,73.50830841064453,198.7122344970703,168.55349731445312,219.11138916015625,222.63999938964844,334.52667236328125,49.0241584777832,85.09954833984375,172.91189575195312,4112.5
2021-05-14,124.12508392333984,237.15367126464844,112.8451919555664,73.47673034667969,486.55999755859375,45.67981719970703,112.93196105957031,158.18307495117188,115.61053466796875,50.651580810546875,143.8942413330078,37.131954193115234,41.394920349121094,324.0111083984375,73.94931030273438,147.49835205078125,752.1812744140625,342.5395202636719,146.2495574951172,374.0096435546875,30.44049072265625,63.37051010131836,106.93933868408203,452.4416809082031,186.90003967285156,95.84092712402344,282.18865966796875,203.9908905029297,123.5747299194336,98.39105224609375,67.1314926147461,120.6148910522461,46.8520393371582,122.90320587158203,43.526947021484375,363.6226806640625,73.77315521240234,201.98143005371094,169.1083984375,221.08282470703125,228.47000122070312,337.1234130859375,50.23942184448242,87.32514953613281,168.41311645507812,4173.85009765625
2021-05-17,122.97586059570312,234.31529235839844,113.36723327636719,73.6537094116211,482.739990234375,45.7143440246582,113.26756286621094,156.0770721435547,115.2996597290039,50.63328170776367,144.4733428955078,37.46504592895508,42.22352981567383,324.4328918457031,74.5757827758789,147.22618103027344,745.6764526367188,338.7361755371094,146.3955841064453,372.94183349609375,30.508943557739258,64.64940643310547,105.5202407836914,446.38037109375,186.25230407714844,96.21956634521484,279.0322570800781,203.95567321777344,124.01107788085938,98.1964111328125,66.74221801757812,120.37018585205078,46.77499008178711,122.55107116699219,43.33039855957031,363.18756103515625,73.76432037353516,201.19081115722656,169.03797912597656,223.4193572998047,227.97999572753906,337.416748046875,51.41336441040039,88.3940658569336,164.9033203125,4163.2900390625
2021-05-18,121.5928955078125,232.30831909179688,112.05718994140625,73.29047393798828,480.6199951171875,45.705718994140625,112.3309097290039,154.38534545898438,114.50906372070312,50.18487548828125,142.43788146972656,36.956626892089844,41.306785583496094,320.3121337890625,73.62760162353516,145.47103881835938,737.4951782226562,334.37261962890625,146.44715881347656,374.5389709472656,30.463302612304688,64.25277709960938,105.73717498779297,448.0459899902344,185.39498901367188,96.48299407958984,276.1896667480469,204.17578125,123.23834991455078,98.27604675292969,65.93585968017578,119.13789367675781,46.51818084716797,121.99774932861328,44.2725715637207,362.099853515625,73.3758773803711,197.5039825439453,167.24050903320312,218.56382751464844,227.5500030517578,334.05224609375,49.958343505859375,85.73748779296875,164.51547241210938,4127.830078125
2021-05-19,121.43708801269531,232.88307189941406,112.50444030761719,73.33702087402344,480.4700012207031,45.30850601196289,111.7689208984375,156.84524536132812,116.0635757446289,50.66073226928711,141.34996032714844,36.79009246826172,40.69853973388672,314.8822021484375,72.8487548828125,145.22698974609375,736.0731811523438,334.86956787109375,146.1292724609375,373.7358703613281,30.295961380004883,64.23657989501953,105.19483184814453,450.35223388671875,187.1857452392578,95.36348724365234,274.1841735839844,202.6087646484375,120.87468719482422,97.0373306274414,62.450927734375,119.38262176513672,46.37264633178711,121.93065643310547,44.27568817138672,359.1202392578125,73.46416473388672,196.61566162109375,167.52186584472656,216.19078063964844,224.4199981689453,332.6029357910156,48.759605407714844,83.33123016357422,164.1179656982422,4115.68017578125
2021-05-20,123.9887466430664,236.10157775878906,114.26023864746094,73.31842041015625,491.6700134277344,45.63663864135742,112.30747985839844,159.93519592285156,117.82235717773438,51.20064926147461,141.1043243408203,36.70242691040039,40.310691833496094,316.1122131347656,73.20430755615234,145.97784423828125,741.6560668945312,338.35675048828125,146.97982788085938,372.9509582519531,30.516551971435547,64.47941589355469,106.47834777832031,458.57177734375,190.0625,96.40066528320312,275.448486328125,204.3957977294922,121.15650939941406,98.57686614990234,62.441650390625,120.60616302490234,46.78355407714844,123.4397964477539,44.43168640136719,362.8280944824219,74.2410888671875,197.33526611328125,167.20140075683594,214.47488403320312,227.64999389648438,335.00115966796875,48.64387512207031,83.62191009521484,166.14434814453125,4159.1201171875
2021-05-21,122.15777587890625,234.84677124023438,113.62528228759766,73.60713195800781,488.07000732421875,45.273963928222656,112.9787826538086,159.6848907470703,116.77421569824219,51.319618225097656,142.70982360839844,37.16702651977539,40.442909240722656,321.8057861328125,74.78742218017578,147.2355499267578,755.6046752929688,341.0399169921875,146.88531494140625,375.67974853515625,30.387243270874023,64.09089660644531,105.87274169921875,455.66436767578125,190.39588928222656,95.58573913574219,275.3351135253906,203.5683135986328,120.60193634033203,98.14332580566406,62.13579177856445,120.60616302490234,46.757869720458984,123.33084869384766,44.22264862060547,360.122802734375,74.36470794677734,198.2858123779297,166.37686157226562,216.5284881591797,234.82000732421875,334.05224609375,48.709999084472656,84.07412719726562,167.15269470214844,4155.85986328125
2021-05-24,123.78419494628906,240.22052001953125,116.93923950195312,73.93310546875,497.8299865722656,46.10293197631836,112.9631576538086,162.86114501953125,118.06221771240234,52.124916076660156,143.48191833496094,37.368629455566406,40.760250091552734,323.58941650390625,75.93033599853516,148.89688110351562,765.7786865234375,342.4402160644531,147.447265625,375.0591735839844,30.2807559967041,63.96946716308594,106.01737976074219,455.7826843261719,191.4818115234375,95.41284942626953,274.5241394042969,204.15814208984375,121.87471008300781,99.55899047851562,61.50553512573242,120.57122039794922,46.91197204589844,123.95964813232422,44.22576904296875,362.7052001953125,74.51478576660156,199.88485717773438,167.6018829345703,218.1804962158203,237.44000244140625,334.4749755859375,49.28044128417969,85.26918029785156,169.00454711914062,4197.0498046875
2021-05-25,123.58943939208984,241.12094116210938,117.0298843383789,73.42085266113281,505.0799865722656,46.03385925292969,112.23724365234375,162.8697967529297,118.80835723876953,52.04255676269531,141.99923706054688,36.82514953613281,40.628021240234375,320.2682189941406,75.22765350341797,148.30555725097656,767.455322265625,342.7207946777344,147.0409698486328,376.9757080078125,29.9156494140625,62.731048583984375,107.02070617675781,457.3200378417969,189.76724243164062,94.30158233642578,276.1896667480469,204.36065673828125,122.11106872558594,99.65633392333984,62.348960876464844,120.98196411132812,46.90340805053711,124.3369140625,44.40671920776367,364.5307922363281,74.68252563476562,199.0320281982422,166.07850646972656,216.46458435058594,240.74000549316406,332.87030029296875,48.16437530517578,83.8722152709961,170.80795288085938,4188.1298828125
2021-05-26,123.54073333740234,240.90061950683594,117.89366912841797,73.8213882446289,506.9800109863281,45.688453674316406,111.91720581054688,162.5763397216797,118.22209930419922,52.08831787109375,141.9816436767578,36.85144805908203,40.90129089355469,322.807373046875,75.64248657226562,148.840576171875,769.6148071289062,342.7932434082031,146.16778564453125,377.12176513671875,29.603788375854492,62.51249694824219,105.5292739868164,453.05267333984375,191.4532470703125,94.4168472290039,276.6953430175781,204.5454559326172,124.4474868774414,99.85102081298828,62.89580535888672,120.71107482910156,47.10886001586914,124.3369140625,44.35368347167969,364.75775146484375,74.54126739501953,199.23635864257812,167.90036010742188,216.95742797851562,241.3699951171875,331.386474609375,48.726539611816406,84.07412719726562,171.0988006591797,4195.990234375
2021-05-27,122.0116958618164,238.81240844726562,117.02047729492188,73.5605697631836,498.2799987792969,45.697086334228516,112.26062774658203,163.24093627929688,118.71064758300781,52.829559326171875,144.19256591796875,37.29850387573242,41.21862030029297,326.2956237792969,76.44674682617188,149.92930603027344,769.3514404296875,344.486083984375,145.9429473876953,376.6564025878906,29.39842414855957,61.45214080810547,104.57115936279297,465.6579284667969,189.74818420410156,92.45771026611328,277.950927734375,206.75515747070312,124.1474380493164,100.43498229980469,62.32115173339844,117.9668197631836,47.50263977050781,122.8361587524414,44.20393371582031,366.5359802246094,73.887939453125,205.45501708984375,167.10719299316406,220.21580505371094,250.6999969482422,334.1988830566406,48.412384033203125,83.17779541015625,173.59059143066406,4200.8798828125
2021-05-28,121.35917663574219,239.16683959960938,116.73171997070312,73.33702087402344,504.5799865722656,45.67981719970703,112.19818878173828,163.8364715576172,119.51009368896484,52.27134323120117,144.09608459472656,37.15824890136719,41.183372497558594,327.97064208984375,76.99702453613281,150.29534912109375,769.8869018554688,343.5174560546875,146.32337951660156,375.9444885253906,29.459264755249023,61.42787551879883,105.43888854980469,462.7209777832031,190.26254272460938,93.18209838867188,278.07305908203125,207.0384063720703,124.30686950683594,100.76235961914062,62.59922409057617,117.85323333740234,47.33143615722656,124.03507995605469,44.31001281738281,357.8053283691406,73.9673843383789,205.13516235351562,168.5207061767578,220.0332794189453,247.02000427246094,331.9494323730469,48.255313873291016,83.80762481689453,173.2124481201172,4204.10986328125
2021-06-01,121.03778076171875,236.98287963867188,117.93675231933594,74.1100845336914,495.9100036621094,45.43803024291992,112.5494613647461,163.12872314453125,118.97714233398438,52.06085968017578,145.6840362548828,37.622840881347656,41.65937423706055,337.1568298339844,77.97906494140625,153.70242309570312,769.772705078125,338.0768127441406,143.10728454589844,371.1986389160156,29.284332275390625,60.853172302246094,95.62262725830078,440.5557861328125,189.00518798828125,92.36715698242188,275.8059997558594,206.4630126953125,122.53052520751953,100.28456115722656,62.274803161621094,116.13152313232422,47.322872161865234,123.77523040771484,44.1945686340332,357.7676086425781,72.81965637207031,206.9474639892578,167.4919891357422,221.56658935546875,254.72999572753906,331.706298828125,49.983131408691406,86.11701965332031,173.39666748046875,4202.0400390625
2021-06-02,121.7974624633789,236.88706970214844,117.41223907470703,74.76205444335938,495.7699890136719,45.73162078857422,113.74373626708984,164.63916015625,119.47711944580078,52.60078048706055,145.69285583496094,37.64037322998047,41.262699127197266,338.03839111328125,78.52935028076172,154.04026794433594,778.99853515625,343.84326171875,143.6865234375,370.4045715332031,29.504913330078125,61.411678314208984,96.6259536743164,442.7239074707031,189.68150329589844,91.70040893554688,274.55255126953125,206.94100952148438,122.22078704833984,99.98372650146484,61.1533317565918,116.63839721679688,47.511207580566406,124.26982879638672,44.097877502441406,359.9998474121094,73.17278289794922,204.98414611816406,166.4083251953125,222.20547485351562,255.6199951171875,334.4594421386719,50.37996292114258,87.27168273925781,171.61268615722656,4208.1201171875
2021-06-03,120.31709289550781,235.364013671875,116.2725830078125,75.52578735351562,493.1400146484375,46.05113220214844,113.61101531982422,160.53936767578125,117.65576171875,51.466041564941406,145.7893524169922,38.07170104980469,40.954185485839844,342.6932067871094,79.0288314819336,154.41574096679688,776.9878540039062,345.2193603515625,143.5481719970703,372.330322265625,29.64182472229004,62.69680404663086,98.70490264892578,438.8998718261719,193.0820770263672,92.36715698242188,272.974853515625,205.76368713378906,122.22078704833984,98.32028198242188,61.023555755615234,118.7271728515625,47.631046295166016,124.7132339477539,44.17584991455078,363.1023864746094,74.11748504638672,203.61607360839844,166.4632568359375,222.55230712890625,250.32000732421875,336.42236328125,50.57838439941406,86.87602233886719,170.8758087158203,4192.85009765625
2021-06-04,122.60578918457031,240.2301025390625,118.55039978027344,77.20227813720703,504.5,46.690120697021484,115.0706787109375,164.05223083496094,119.94139862060547,52.50011444091797,146.02622985839844,38.08931350708008,41.394920349121094,345.0999755859375,79.54524230957031,154.86627197265625,782.13818359375,348.1433410644531,143.48765563964844,370.2129821777344,29.778736114501953,62.866451263427734,98.78624725341797,442.28045654296875,192.43435668945312,92.49065399169922,272.606689453125,206.5869598388672,121.8291244506836,99.09008026123047,60.838199615478516,118.81456756591797,48.14468765258789,124.8567886352539,44.25385665893555,366.554931640625,74.13514709472656,204.3711700439453,165.4031219482422,222.7165985107422,249.9199981689453,342.2847900390625,50.80158996582031,87.57047271728516,171.78720092773438,4229.89013671875
2021-06-07,122.61551666259766,243.12294006347656,118.98280334472656,78.18023681640625,509.4700012207031,46.56060028076172,115.53902435302734,162.74029541015625,119.0307388305664,52.24388122558594,145.3419189453125,37.9572639465332,41.52715301513672,342.19952392578125,78.91030883789062,155.72976684570312,780.4714965820312,345.1106872558594,142.51072692871094,365.293701171875,29.657033920288086,61.75518798828125,99.42802429199219,438.03271484375,211.9616241455078,93.02570343017578,271.6863708496094,205.09100341796875,122.02040100097656,98.50607299804688,60.5416145324707,119.2253189086914,47.973480224609375,124.78081512451172,43.95746994018555,359.82012939453125,74.0733413696289,202.71881103515625,167.201416015625,218.82850646972656,252.66000366210938,340.0353698730469,50.47090148925781,87.00521850585938,171.60299682617188,4226.52001953125
2021-06-08,123.43358612060547,241.93519592285156,118.7916030883789,78.80425262451172,509.20001220703125,46.74193572998047,116.35858917236328,161.34205627441406,119.81640625,52.161521911621094,144.7628631591797,37.74600601196289,41.086395263671875,339.14923095703125,78.55473327636719,156.28353881835938,780.08349609375,347.9712829589844,141.25717163085938,366.653564453125,29.550548553466797,61.41587448120117,97.52985382080078,434.63250732421875,210.22796630859375,92.47416687011719,272.51025390625,205.93191528320312,121.4738540649414,98.6741943359375,60.940162658691406,117.84446716308594,47.63961410522461,123.61531066894531,43.623653411865234,359.1580810546875,73.2169418334961,204.15794372558594,164.71994018554688,219.19357299804688,252.75999450683594,337.4471130371094,51.36376190185547,87.79656219482422,170.9630889892578,4227.259765625
2021-06-09,123.81343078613281,242.9122314453125,119.26213836669922,78.72042083740234,514.6799926757812,46.64695739746094,117.60752868652344,160.9277801513672,118.6468276977539,52.161521911621094,142.95547485351562,37.253055572509766,40.478172302246094,337.45654296875,78.4531478881836,154.01214599609375,768.1068115234375,348.17041015625,143.1591339111328,366.0694274902344,30.2807559967041,62.807071685791016,98.56932830810547,441.7383728027344,215.27655029296875,93.84061431884766,269.3898620605469,204.896240234375,120.09832763671875,98.5591812133789,60.272830963134766,117.80075073242188,47.49408721923828,123.38728332519531,43.38967514038086,359.4039611816406,72.89027404785156,202.38121032714844,157.88803100585938,214.16461181640625,248.05999755859375,335.9445495605469,51.793643951416016,87.02944946289062,170.681884765625,4219.5498046875
2021-06-10,122.82003021240234,246.40847778320312,120.60883331298828,76.65275573730469,535.52001953125,47.51909255981445,117.50603485107422,162.2655792236328,119.83426666259766,52.5092658996582,140.72705078125,36.698482513427734,39.74653244018555,329.6632080078125,77.61503601074219,152.266357421875,765.02001953125,350.0895690917969,144.44732666015625,366.4253234863281,30.94249725341797,64.58848571777344,99.56361389160156,458.19720458984375,222.4588165283203,95.68451690673828,270.2401428222656,207.6580047607422,119.31492614746094,99.28473663330078,60.03184509277344,118.6747055053711,47.86219024658203,124.65411376953125,43.6392707824707,362.28900146484375,73.80847930908203,200.99533081054688,159.56854248046875,206.02330017089844,248.33999633789062,336.74371337890625,51.876319885253906,87.53816223144531,171.19577026367188,4239.18017578125
2021-06-11,124.0276870727539,247.03115844726562,120.36465454101562,77.21158599853516,541.260009765625,47.29458999633789,118.0836410522461,162.8438720703125,120.1913833618164,52.939369201660156,140.63052368164062,36.84812545776367,40.26662063598633,333.2866516113281,77.92828369140625,154.4063720703125,776.6790771484375,355.3038330078125,142.61451721191406,363.1398010253906,30.53936767578125,64.69876098632812,99.34666442871094,458.4337463378906,213.45713806152344,95.00951385498047,272.3963317871094,209.7293701171875,120.18943786621094,99.59440612792969,60.94942855834961,117.8619384765625,48.07619857788086,124.73014831542969,43.910675048828125,361.1727294921875,73.83495330810547,200.04478454589844,159.56854248046875,201.4324951171875,247.27999877929688,336.74371337890625,51.39682388305664,87.13442993164062,171.9811248779297,4247.43994140625
2021-06-14,127.0760269165039,248.9469757080078,121.29134368896484,76.95079040527344,556.9500122070312,46.77647399902344,117.10796356201172,164.21624755859375,122.59305572509766,53.250511169433594,138.244140625,36.40798568725586,39.79942321777344,328.7640380859375,76.80229949951172,153.7493438720703,773.2573852539062,358.8162841796875,142.9689483642578,364.298828125,30.143844604492188,64.55329132080078,99.86186218261719,463.5419006347656,215.37181091308594,94.9930419921875,271.1253662109375,209.77365112304688,119.66107177734375,99.49710083007812,60.365516662597656,117.90563201904297,47.91232681274414,125.47332000732422,43.85139846801758,362.9984130859375,73.64073181152344,198.25914001464844,157.91156005859375,199.8899688720703,245.13999938964844,337.9509582519531,51.31414794921875,87.182861328125,172.7567596435547,4255.14990234375
2021-06-15,126.2579574584961,247.48135375976562,120.2750015258789,76.03804016113281,548.4600219726562,46.44834518432617,116.58495330810547,162.79212951660156,121.04847717285156,53.06748962402344,136.14724731445312,36.43440246582031,40.07268142700195,327.3359375,76.78535461425781,156.0582733154297,776.9878540039062,358.49945068359375,142.20819091796875,365.3210144042969,30.113414764404297,64.7671890258789,99.79859161376953,463.55169677734375,212.91421508789062,95.34701538085938,268.6098327636719,209.21597290039062,118.6863784790039,99.0015869140625,60.615760803222656,117.67842102050781,47.791587829589844,125.48175811767578,43.67669677734375,363.1402282714844,73.51712036132812,197.6639404296875,158.89317321777344,200.30072021484375,246.5399932861328,338.55010986328125,53.18252944946289,89.06428527832031,170.5074005126953,4246.58984375
2021-06-16,126.75463104248047,246.54261779785156,119.63409423828125,71.79093933105469,543.3300170898438,46.172027587890625,115.39070892333984,162.03257751464844,120.48600769042969,52.36285400390625,137.10357666015625,36.636863708496094,40.16965103149414,327.0714416503906,77.12400817871094,154.56591796875,766.7045288085938,355.54827880859375,142.15628051757812,362.55572509765625,29.892822265625,65.54576110839844,99.48225402832031,461.914794921875,210.28515625,95.10006713867188,265.3929138183594,208.5343475341797,118.78656005859375,98.53264617919922,60.43038558959961,116.04411315917969,47.1533088684082,124.23185729980469,42.787559509277344,358.88372802734375,72.35174560546875,194.5457305908203,157.38546752929688,198.2014923095703,242.27000427246094,333.1653747558594,52.99238204956055,88.55558776855469,169.34390258789062,4223.7001953125
2021-06-17,128.3518524169922,249.9143829345703,120.59595489501953,72.23800659179688,551.3599853515625,45.878421783447266,113.65005493164062,161.96351623535156,120.84313201904297,52.32624053955078,133.14674377441406,35.03477096557617,37.71909713745117,318.6962585449219,74.42340850830078,152.17251586914062,766.2371826171875,362.2471923828125,142.83926391601562,362.64697265625,30.029743194580078,66.07623291015625,100.90135955810547,479.3294982910156,211.66635131835938,94.58145904541016,265.69097900390625,207.02955627441406,117.43840026855469,98.5591812133789,59.96696090698242,117.10160064697266,47.39482879638672,125.43106842041016,42.96538543701172,363.9347839355469,72.77552795410156,192.1470947265625,155.52435302734375,191.16461181640625,239.22000122070312,332.55743408203125,51.248008728027344,86.45613861083984,169.33419799804688,4221.85986328125
2021-06-18,127.05655670166016,248.50628662109375,118.97882843017578,70.99927520751953,565.5900268554688,44.963096618652344,111.71424865722656,158.01043701171875,118.7449951171875,50.94441604614258,129.77769470214844,34.13688659667969,36.802345275878906,307.52642822265625,71.189453125,148.45571899414062,741.5079345703125,353.69256591796875,140.03817749023438,356.6653747558594,29.520118713378906,65.54576110839844,99.72630310058594,475.7696533203125,208.18002319335938,93.11624908447266,265.2440185546875,203.2585906982422,116.97381591796875,97.0638427734375,58.7342643737793,115.388671875,46.3770637512207,122.81300354003906,42.16985321044922,360.2742004394531,71.5306396484375,188.78013610839844,155.30445861816406,190.62608337402344,237.35000610351562,329.3351135253906,49.93354415893555,83.19396209716797,167.1720733642578,4166.4501953125
2021-06-21,128.8485565185547,251.5715789794922,120.66429901123047,72.63850402832031,567.3499755859375,45.921600341796875,114.46964263916016,160.6343231201172,119.60212707519531,51.127445220947266,131.97984313964844,34.99074935913086,38.151039123535156,315.2051696777344,72.75562286376953,154.7723846435547,759.56982421875,361.6678161621094,141.64620971679688,364.63470458984375,29.984106063842773,65.66552734375,100.7296142578125,476.844482421875,212.1044921875,94.44154357910156,269.6177673339844,206.1620635986328,118.49507904052734,98.18755340576172,60.16160202026367,116.29756927490234,46.88593673706055,123.77576446533203,42.55357360839844,365.8739013671875,71.9014663696289,191.8895263671875,159.6627655029297,194.59634399414062,245.27999877929688,332.21002197265625,51.74404525756836,85.63252258300781,168.67491149902344,4224.7900390625
2021-06-22,130.4846954345703,254.3302764892578,121.17741394042969,73.2811508178711,575.739990234375,45.99068069458008,114.2433090209961,161.4369659423828,120.60206604003906,51.127445220947266,131.78683471679688,35.18442153930664,38.38022232055664,315.1962890625,72.55245208740234,154.39695739746094,762.656494140625,365.5966491699219,141.4559783935547,365.2026672363281,30.128625869750977,65.18641662597656,100.2957534790039,485.3743591308594,210.93289184570312,94.4168472290039,274.0967712402344,207.02955627441406,120.68133544921875,98.96620178222656,61.08845138549805,116.34126281738281,47.05844497680664,123.96159362792969,42.750125885009766,370.9628601074219,71.76902770996094,191.43641662597656,161.29611206054688,194.52337646484375,243.77999877929688,332.19256591796875,52.73609924316406,85.9151382446289,168.2191925048828,4246.43994140625
2021-06-23,130.2120361328125,254.1004180908203,120.975830078125,72.7409439086914,574.22998046875,45.55891799926758,112.8772964477539,160.6256561279297,120.99491882324219,50.56922149658203,132.58522033691406,35.38688278198242,38.75044250488281,318.2994689941406,72.69635009765625,155.82363891601562,763.2384643554688,362.8537292480469,140.60012817382812,362.33551025390625,29.702674865722656,64.66452026367188,100.1872787475586,487.15924072265625,206.79884338378906,93.84061431884766,273.1852722167969,206.4630126953125,121.24613952636719,98.70958709716797,61.04210662841797,116.1751937866211,46.67893600463867,122.33164978027344,42.41630935668945,370.7642822265625,70.85083770751953,190.69908142089844,160.21246337890625,195.1256866455078,243.57000732421875,327.71966552734375,53.124664306640625,85.81017303466797,169.99351501464844,4241.83984375
2021-06-24,129.92958068847656,255.46060180664062,121.34532165527344,72.4056625366211,578.260009765625,45.576194763183594,113.52517700195312,162.79212951660156,123.13765716552734,51.31045913696289,133.8047332763672,35.94145202636719,39.82587432861328,325.0877990722656,73.72073364257812,157.87911987304688,764.931884765625,372.2231750488281,141.23983764648438,365.36749267578125,29.809167861938477,65.33187103271484,100.96461486816406,488.4806213378906,221.9158172607422,94.44976806640625,273.3342590332031,206.54269409179688,121.70157623291016,99.09008026123047,62.070892333984375,116.25386810302734,46.91181564331055,123.02415466308594,42.712677001953125,370.85882568359375,71.1245346069336,193.3908233642578,161.8458251953125,200.19119262695312,250.57000732421875,328.0671691894531,53.339595794677734,86.5126724243164,172.5143585205078,4266.490234375
2021-06-25,129.63743591308594,253.8609161376953,121.35374450683594,73.07626342773438,579.6599731445312,45.81797409057617,114.61795806884766,162.41233825683594,122.89657592773438,51.1640510559082,135.15586853027344,36.636863708496094,40.88365936279297,325.10540771484375,74.8382339477539,159.04298400878906,770.8321533203125,373.291259765625,141.9661102294922,370.9368591308594,29.64942741394043,66.0505599975586,101.8865966796875,486.02520751953125,219.29629516601562,93.00100708007812,274.9031677246094,205.7371826171875,140.60357666015625,100.0191421508789,62.589942932128906,117.91436767578125,46.8514404296875,123.64911651611328,43.218082427978516,373.16680908203125,71.91913604736328,194.3236541748047,161.46107482910156,197.4257049560547,248.3800048828125,331.78436279296875,53.45534133911133,86.64187622070312,172.92161560058594,4280.7001953125
2021-06-28,131.26382446289062,257.40509033203125,121.38097381591797,73.11349487304688,588.7999877929688,45.73162078857422,113.40807342529297,165.31240844726562,124.74476623535156,52.60078048706055,135.40151977539062,36.584049224853516,40.36358642578125,325.0525817871094,74.24561309814453,154.65972900390625,774.9857788085938,371.8791809082031,141.80181884765625,367.7398681640625,29.75591468811035,65.75967407226562,104.58018493652344,498.0854187011719,217.3911895751953,93.0174560546875,275.4729309082031,204.55982971191406,138.79078674316406,99.31127166748047,61.626007080078125,118.26396179199219,46.79969024658203,124.18114471435547,43.08393859863281,375.0869140625,72.1486587524414,192.59129333496094,161.16265869140625,197.3892059326172,239.9600067138672,330.0994873046875,52.09125900268555,83.96912384033203,171.19577026367188,4290.60986328125
2021-06-29,132.77340698242188,259.9722900390625,121.11997985839844,72.7409439086914,590.75,45.688453674316406,113.61101531982422,166.4776153564453,127.33391571044922,51.9327507019043,135.23483276367188,35.994258880615234,39.48208999633789,328.49951171875,76.73457336425781,154.16232299804688,770.3910522460938,371.679931640625,141.8104705810547,364.66217041015625,29.740697860717773,66.05912780761719,105.94505310058594,501.1817321777344,218.48663330078125,92.44123840332031,278.9439697265625,203.9224853515625,142.0610809326172,99.33781433105469,61.8206672668457,117.45992279052734,46.45469284057617,124.09673309326172,42.8343620300293,377.21527099609375,71.73369598388672,191.84507751464844,163.03160095214844,196.32135009765625,235.75999450683594,324.3238220214844,51.76884078979492,83.78341674804688,168.63612365722656,4291.7998046875
2021-06-30,133.38697814941406,259.4933776855469,120.93867492675781,72.49879455566406,585.6400146484375,45.76615905761719,114.42279052734375,165.97695922851562,127.61070251464844,51.3745231628418,136.46310424804688,36.29355239868164,39.922828674316406,334.5914001464844,77.62350463867188,155.08213806152344,771.6609497070312,371.56219482421875,142.42430114746094,366.8056640625,29.786338806152344,66.5382308959961,104.78809356689453,497.464111328125,218.6295166015625,92.72111511230469,279.5137023925781,204.47132873535156,140.73110961914062,98.93080139160156,62.487998962402344,117.92313385009766,46.67032241821289,125.13549041748047,43.994911193847656,374.2640380859375,71.822021484375,194.8655548095703,163.3143310546875,198.63047790527344,239.55999755859375,328.60565185546875,52.149147033691406,84.57474517822266,170.4201202392578,4297.5
2021-07-01,133.68890380859375,260.1639099121094,121.29034423828125,74.0821304321289,584.72998046875,46.14610290527344,114.61795806884766,164.71682739257812,125.7090072631836,51.25556182861328,137.81422424316406,36.566436767578125,40.02861022949219,330.5888671875,77.9028549194336,157.09593200683594,775.4180908203125,373.14642333984375,143.4790496826172,370.88189697265625,30.090599060058594,66.7264633178711,105.8998794555664,502.4538879394531,220.16314697265625,94.05464172363281,281.83642578125,205.60440063476562,143.9285125732422,100.34651184082031,62.91435241699219,118.19404602050781,46.54094314575195,125.16085052490234,43.46455001831055,373.18572998046875,72.16632080078125,195.99375915527344,165.08119201660156,197.79080200195312,239.72999572753906,330.2297058105469,52.297943115234375,85.76173400878906,171.86476135253906,4319.93994140625
2021-07-02,136.3087615966797,265.9591064453125,124.07682037353516,76.20570373535156,593.0700073242188,46.55479049682617,109.2945327758789,165.89932250976562,127.29822540283203,51.941890716552734,137.681884765625,36.2231330871582,39.72890090942383,329.8572082519531,77.91133117675781,158.56396484375,788.1178588867188,375.34613037109375,146.0899200439453,374.9764404296875,30.21989631652832,67.24835968017578,106.6952896118164,506.1913146972656,222.85885620117188,94.80371856689453,282.8532409667969,206.80824279785156,145.51356506347656,101.726806640625,63.25727844238281,118.77083587646484,46.73069381713867,125.76044464111328,43.711002349853516,377.3571472167969,72.13101196289062,196.61566162109375,166.10987854003906,198.74911499023438,236.67999267578125,331.332763671875,52.22353744506836,85.64867401123047,171.71934509277344,4352.33984375
2021-07-06,138.31500244140625,265.9687805175781,125.00052642822266,77.37922668457031,596.9000244140625,46.067848205566406,108.32662963867188,165.02755737304688,126.05722045898438,51.328765869140625,135.36997985839844,35.27244567871094,38.33614730834961,326.06634521484375,76.37054443359375,159.56146240234375,787.2799072265625,376.28759765625,145.2167510986328,375.8008117675781,29.88522720336914,66.82914733886719,107.40032958984375,509.87939453125,224.2495574951172,95.26470184326172,279.8380126953125,206.02928161621094,145.85061645507812,102.3992691040039,63.14604568481445,118.8407974243164,46.47193908691406,125.94625854492188,43.65797805786133,377.2814636230469,72.36939239501953,194.1637420654297,165.92141723632812,194.87925720214844,236.13999938964844,328.88348388671875,50.735450744628906,83.96912384033203,168.40341186523438,4343.5400390625
2021-07-07,140.7984619140625,268.14312744140625,125.28185272216797,80.18270874023438,605.77001953125,46.31132507324219,109.13842010498047,163.8019561767578,124.96795654296875,51.209808349609375,135.52877807617188,34.99074935913086,38.256805419921875,324.1357116699219,76.21815490722656,160.89773559570312,794.5647583007812,379.44708251953125,146.4617156982422,377.0831604003906,29.930866241455078,67.2141342163086,108.34942626953125,515.4606323242188,224.63058471679688,96.10431671142578,283.53692626953125,207.6934356689453,145.89614868164062,103.64684295654297,62.70117950439453,119.73220825195312,46.8514404296875,126.50362396240234,43.58622360229492,382.7865905761719,72.97859954833984,196.10037231445312,168.25367736816406,195.9471435546875,231.77999877929688,333.06121826171875,49.941810607910156,83.11322784423828,167.55990600585938,4358.1298828125
2021-07-08,139.503173828125,265.7388610839844,123.86532592773438,79.7170181274414,605.9500122070312,46.31132507324219,109.85650634765625,162.4727020263672,123.46800994873047,50.68818664550781,133.19041442871094,34.13688659667969,37.30480194091797,316.4394226074219,74.19480895996094,157.62295532226562,773.0103149414062,377.5459899902344,146.1763916015625,375.5168151855469,29.854799270629883,66.83767700195312,107.79804992675781,511.4078369140625,225.86888122558594,95.7750473022461,279.20697021484375,206.10894775390625,146.3242645263672,102.62931060791016,61.97822570800781,119.71472930908203,46.68757247924805,126.56278991699219,43.54878234863281,385.12298583984375,72.696044921875,194.83889770507812,166.53396606445312,193.59239196777344,236.77000427246094,329.96917724609375,49.718597412109375,82.84674072265625,167.54052734375,4320.81982421875
2021-07-09,141.32437133789062,266.23687744140625,124.33536529541016,81.73812103271484,604.5,46.72869110107422,110.46534729003906,164.224853515625,126.2714614868164,51.23725509643555,137.45242309570312,35.246036529541016,38.70636749267578,327.7414245605469,76.47213745117188,161.80111694335938,794.8910522460938,375.3915100097656,146.75564575195312,377.495361328125,30.128625869750977,66.7264633178711,108.23191833496094,510.07647705078125,223.83995056152344,95.96439361572266,282.3185119628906,208.6228790283203,146.6613311767578,103.9388427734375,63.35922622680664,119.7584457397461,46.97218704223633,126.2418212890625,43.77028274536133,390.0605773925781,72.77552795410156,199.2985382080078,167.9866943359375,198.4387969970703,239.58999633789062,332.7397155761719,50.619720458984375,84.03372955322266,171.6514434814453,4369.5498046875
2021-07-12,140.73025512695312,265.6429443359375,125.77862548828125,81.1047592163086,600.2000122070312,46.28523635864258,109.99699401855469,165.64903259277344,127.20002746582031,51.914451599121094,139.42019653320312,35.7653923034668,38.92674255371094,335.44647216796875,78.5208740234375,163.36325073242188,807.7759399414062,372.7391052246094,146.522216796875,381.09527587890625,30.242721557617188,66.35000610351562,107.39129638671875,507.5421447753906,224.8115692138672,96.82870483398438,282.01171875,208.56089782714844,147.40830993652344,104.81478881835938,63.2294807434082,119.85456085205078,46.989444732666016,126.26716613769531,43.692298889160156,385.8134460449219,73.2169418334961,199.9026641845703,167.52334594726562,199.49755859375,238.2899932861328,329.23095703125,50.57011032104492,84.20329284667969,178.76806640625,4384.6298828125
2021-07-13,141.84054565429688,269.14886474609375,126.14118194580078,81.09546661376953,605.010009765625,46.36349868774414,109.49746704101562,165.02755737304688,126.04826354980469,52.04255676269531,137.34654235839844,35.08758544921875,38.10694885253906,331.4617004394531,78.91030883789062,162.44102478027344,800.8529663085938,370.2044677734375,146.3406982421875,383.3853759765625,30.15904998779297,66.40133666992188,107.2466812133789,507.1576232910156,224.13525390625,97.0592041015625,277.90087890625,209.056640625,147.1988525390625,105.77925109863281,62.69189453125,119.70600128173828,47.455204010009766,129.1808624267578,43.85763168334961,385.03790283203125,72.96089935302734,199.0675506591797,165.90574645996094,196.40353393554688,228.1999969482422,328.1626281738281,50.330360412597656,83.9206771850586,178.06028747558594,4369.2099609375
2021-07-14,145.25897216796875,270.61444091796875,127.02824401855469,82.52571868896484,608.8300170898438,47.03303527832031,109.13842010498047,165.09661865234375,128.34283447265625,51.72226333618164,136.8788604736328,34.20731735229492,39.62312316894531,330.06878662109375,78.27536010742188,162.34695434570312,776.3792114257812,371.679931640625,147.33486938476562,379.90447998046875,30.387243270874023,66.40992736816406,106.3121109008789,503.6865234375,225.13543701171875,97.68344116210938,279.8029479980469,209.9064178466797,147.1531982421875,106.00045013427734,63.61873245239258,120.58866119384766,48.524715423583984,130.5152130126953,44.16025924682617,387.7715148925781,73.48180389404297,202.34568786621094,166.10987854003906,193.16342163085938,224.4499969482422,327.27679443359375,49.21430587768555,82.33802795410156,177.8372802734375,4374.2998046875
2021-07-15,144.60647583007812,269.1967468261719,125.80785369873047,80.61869049072266,606.1699829101562,46.65044403076172,109.63015747070312,162.49002075195312,126.29830169677734,51.07253646850586,137.17889404296875,34.180912017822266,39.66720199584961,329.14312744140625,78.41926574707031,162.65744018554688,776.0972900390625,372.53082275390625,145.56259155273438,384.76849365234375,30.493732452392578,66.64945220947266,105.8493881225586,507.3350524902344,220.4870147705078,97.53362274169922,282.8620300292969,209.6851348876953,147.28988647460938,105.26604461669922,63.09043884277344,121.61994934082031,48.67996597290039,131.11485290527344,44.1945686340332,389.5403137207031,73.83495330810547,206.82305908203125,167.15431213378906,192.95347595214844,222.75999450683594,328.518798828125,48.734798431396484,81.79703521728516,178.54505920410156,4360.02978515625
2021-07-16,142.57098388671875,268.9285888671875,125.77317810058594,81.78723907470703,606.0999755859375,46.69392395019531,108.42028045654297,160.6429443359375,124.7358169555664,50.30384063720703,134.04635620117188,33.37984848022461,39.03251647949219,321.6054992675781,77.2509994506836,159.9849395751953,771.7051391601562,375.15606689453125,145.3291473388672,384.4479064941406,30.691482543945312,66.75213623046875,106.62061309814453,512.5714111328125,221.42999267578125,97.79998779296875,281.83642578125,207.79966735839844,145.61373901367188,105.0537109375,62.478736877441406,122.79983520507812,48.64545822143555,131.5962371826172,44.16338348388672,388.1687927246094,74.50594329833984,204.6199493408203,165.3560333251953,189.7955780029297,217.74000549316406,327.5547180175781,47.387264251708984,79.63301086425781,173.85238647460938,4327.16015625
2021-07-19,138.73373413085938,265.3460693359375,123.40372467041016,81.31047058105469,602.0499877929688,46.13741683959961,107.65532684326172,160.7465057373047,123.91444396972656,50.00185775756836,129.68728637695312,32.508392333984375,37.94828414916992,312.7190246582031,75.64248657226562,153.20948791503906,745.3707275390625,370.3854064941406,144.27442932128906,374.70166015625,30.53936767578125,65.92222595214844,107.7820053100586,514.3759155273438,223.0302734375,96.06871795654297,279.4961853027344,202.93992614746094,143.81008911132812,102.03648376464844,60.272830963134766,122.73863983154297,48.06758499145508,131.579345703125,44.060428619384766,391.7442626953125,74.13514709472656,196.02932739257812,166.0156707763672,186.34542846679688,206.99000549316406,323.10791015625,45.758628845214844,77.48512268066406,167.6859588623047,4258.490234375
2021-07-20,142.33726501464844,267.55889892578125,125.01985931396484,82.88096618652344,608.719970703125,46.589576721191406,109.2554931640625,162.06707763671875,124.59297180175781,50.550926208496094,132.10507202148438,33.17740249633789,39.526161193847656,321.5702819824219,78.15684509277344,158.91217041015625,775.0740356445312,376.930419921875,145.63174438476562,378.283203125,31.22393798828125,65.1693115234375,107.72756958007812,515.3226318359375,223.86856079101562,96.59307861328125,285.176025390625,207.37477111816406,145.51356506347656,103.89459991455078,61.63529586791992,122.08316802978516,48.15383529663086,131.5962371826172,44.26009750366211,393.72119140625,73.39840698242188,204.02467346191406,166.8401641845703,190.82325744628906,217.14999389648438,330.0213317871094,46.26293182373047,77.94538879394531,171.37030029296875,4323.06005859375
2021-07-21,141.60675048828125,269.5511474609375,126.34674072265625,83.84381103515625,612.260009765625,46.850440979003906,110.29362487792969,167.65142822265625,126.93217468261719,51.45689010620117,134.88465881347656,33.855201721191406,40.372398376464844,329.2753601074219,81.00138854980469,162.33749389648438,778.4606323242188,377.5459899902344,146.53086853027344,379.8129577636719,31.201122283935547,65.35753631591797,107.95439147949219,507.1181335449219,226.03082275390625,97.37548828125,286.061279296875,208.8441925048828,146.73419189453125,105.53150177001953,62.54360580444336,121.65489959716797,48.77483367919922,131.10641479492188,44.041709899902344,392.5577392578125,72.94572448730469,205.97023010253906,166.83238220214844,193.36502075195312,222.5399932861328,330.8116760253906,47.751014709472656,80.60197448730469,171.50601196289062,4358.68994140625
2021-07-22,142.9702911376953,274.0917053222656,127.21099853515625,84.77864074707031,623.6799926757812,47.4243278503418,109.83308410644531,158.73545837402344,127.17324829101562,51.209808349609375,133.1815948486328,33.415069580078125,39.693641662597656,328.5790100097656,80.90825653076172,160.8224639892578,764.5086059570312,378.9400329589844,146.9544677734375,380.8480224609375,31.543407440185547,65.47730255126953,107.29203033447266,517.216064453125,227.17388916015625,97.83328247070312,286.32427978515625,211.26962280273438,149.1026611328125,108.50447082519531,62.348960876464844,121.1888427734375,48.70583724975586,131.06411743164062,44.072906494140625,394.950927734375,72.64391326904297,206.76089477539062,167.44485473632812,191.92434692382812,220.8699951171875,329.97784423828125,47.213653564453125,79.79448699951172,169.7996063232422,4367.47998046875
2021-07-23,144.6843719482422,277.4730529785156,131.76121520996094,81.97418975830078,625.8699951171875,48.02430725097656,110.32485961914062,162.1724853515625,129.35169982910156,48.50106430053711,132.92568969726562,33.18620681762695,39.305789947509766,329.76025390625,80.04473114013672,162.96800231933594,766.351806640625,378.8495788574219,148.51927185058594,382.6158447265625,31.703136444091797,66.34144592285156,109.60572814941406,524.8681640625,232.5653076171875,98.37429809570312,291.7411193847656,215.06712341308594,151.54397583007812,111.459716796875,63.19239807128906,122.93891906738281,49.17158508300781,132.7447967529297,44.43479919433594,400.52215576171875,73.9220962524414,203.72265625,166.1962890625,192.26390075683594,221.52000427246094,330.7073669433594,47.155784606933594,79.82678985595703,170.77886962890625,4411.7900390625
2021-07-26,145.10308837890625,276.8790588378906,132.77159118652344,82.13310241699219,620.7999877929688,48.23299026489258,111.4410400390625,163.396240234375,128.11964416503906,49.69987106323242,133.81689453125,33.56471633911133,39.67601013183594,331.39117431640625,81.72944641113281,162.43161010742188,768.5919189453125,374.2327575683594,148.58847045898438,378.8053283691406,31.802021026611328,66.08477020263672,108.4443359375,521.771728515625,231.66993713378906,98.04136657714844,290.2861022949219,215.9700469970703,150.38705444335938,111.53936767578125,63.692893981933594,123.3698501586914,49.214717864990234,132.65191650390625,44.497188568115234,400.3330993652344,74.64109802246094,203.66046142578125,164.7984619140625,193.64028930664062,225.85000610351562,319.6597900390625,48.346248626708984,81.51441192626953,173.2997283935547,4422.2998046875
2021-07-27,142.94107055664062,274.47479248046875,130.6566925048828,82.0770263671875,618.280029296875,48.06777572631836,111.4254379272461,160.67962646484375,125.82508087158203,48.6657829284668,133.64044189453125,33.432674407958984,39.79060745239258,330.4566650390625,81.67864227294922,162.74217224121094,760.1165771484375,373.6805725097656,149.27145385742188,380.23431396484375,32.02260208129883,66.60667419433594,108.70746612548828,522.915771484375,232.0224151611328,98.18286895751953,286.85015869140625,218.0679473876953,149.91339111328125,111.51282501220703,63.44263458251953,123.87113952636719,49.38721466064453,133.38662719726562,44.500308990478516,401.3829650878906,74.51681518554688,204.64657592773438,153.2784423828125,192.60340881347656,222.27000427246094,325.4615783691406,47.80888748168945,81.2398681640625,174.03660583496094,4401.4599609375
2021-07-28,141.19775390625,274.1683044433594,134.81117248535156,81.49742889404297,620.9199829101562,47.62432098388672,110.66051483154297,162.1724853515625,127.17324829101562,48.565120697021484,133.8610382080078,33.56471633911133,40.11676025390625,329.9189147949219,81.33153533935547,159.99436950683594,759.084716796875,372.59423828125,148.85650634765625,374.8023681640625,33.04944610595703,67.01737976074219,109.35167694091797,520.9334716796875,234.81336975097656,98.67394256591797,285.3250427246094,214.02261352539062,150.72413635253906,108.30980682373047,62.91435241699219,122.0330810546875,48.938716888427734,132.1620635986328,44.319358825683594,399.37762451171875,73.83335876464844,204.76205444335938,150.80484008789062,194.01651000976562,231.57000732421875,323.7939758300781,48.13130569458008,81.70012664794922,173.64874267578125,4400.64013671875
2021-07-29,141.84054565429688,274.43646240234375,134.4976348876953,81.9181137084961,621.7000122070312,47.88517761230469,110.78539276123047,164.75888061523438,134.80685424804688,49.14164733886719,135.00816345214844,34.04887008666992,40.98943328857422,332.84576416015625,82.10759735107422,161.810546875,766.7399291992188,383.4391784667969,148.85650634765625,377.4678955078125,32.84223175048828,65.8195571899414,109.86886596679688,526.3572387695312,233.6893310546875,98.9402847290039,286.9991455078125,216.0054168701172,152.1178436279297,108.28324890136719,63.80409240722656,122.666259765625,49.20608901977539,132.4323272705078,44.375518798828125,403.0262756347656,74.13512420654297,206.88526916503906,150.62420654296875,195.0442352294922,231.6300048828125,323.6116027832031,48.71826934814453,82.82251739501953,172.92161560058594,4419.14990234375
2021-07-30,142.0548095703125,272.9134216308594,133.45655822753906,81.46002960205078,621.6300048828125,48.14604187011719,110.02823638916016,165.44451904296875,133.74440002441406,49.15994644165039,133.93162536621094,33.767173767089844,40.49580001831055,330.4919738769531,81.85176849365234,160.47425842285156,764.7818603515625,388.1012878417969,148.87376403808594,377.59613037109375,32.85757827758789,65.7682113647461,109.76904296875,532.5106201171875,231.94619750976562,96.80117797851562,287.665283203125,214.84584045410156,152.59156799316406,107.44268798828125,63.77631759643555,125.08480072021484,49.188838958740234,132.55052185058594,44.472232818603516,407.2339172363281,70.56684112548828,207.69371032714844,150.27084350585938,189.71295166015625,226.47999572753906,322.80389404296875,47.59394073486328,82.2088394165039,170.6625213623047,4395.259765625
2021-08-02,141.7237091064453,272.82720947265625,133.58338928222656,81.89004516601562,618.75,48.215599060058594,110.38729858398438,165.5313262939453,132.90512084960938,49.12334442138672,133.3933563232422,33.415069580078125,40.36358642578125,333.4100036621094,82.06495666503906,159.28855895996094,770.15283203125,393.1072998046875,148.9342803955078,380.664794921875,33.7402229309082,65.1778793334961,109.71461486816406,526.268310546875,234.8990936279297,96.09368133544922,286.8151550292969,212.53543090820312,153.72109985351562,106.5047836303711,62.97922134399414,124.7770004272461,49.05946731567383,132.01852416992188,44.36928176879883,406.4757385253906,70.60235595703125,206.47662353515625,150.726318359375,188.2539825439453,225.33999633789062,319.876953125,47.602203369140625,82.06348419189453,170.20681762695312,4387.16015625
2021-08-03,143.51568603515625,275.0303039550781,134.35154724121094,83.89056396484375,621.280029296875,48.911231994628906,112.45578002929688,164.33358764648438,132.0926513671875,49.47108840942383,134.9110870361328,33.93442916870117,41.280338287353516,335.3231506347656,82.3804931640625,159.07211303710938,776.2823486328125,394.7367858886719,150.76708984375,386.463134765625,35.060359954833984,65.3746566772461,110.80340576171875,529.5325927734375,243.84352111816406,96.75955963134766,290.9523010253906,209.7470703125,155.980224609375,105.40762329101562,63.93387985229492,126.59745025634766,49.093963623046875,132.31407165527344,44.86844253540039,412.3039245605469,70.49584197998047,206.68096923828125,152.46176147460938,191.31875610351562,229.08999633789062,320.875732421875,48.11476135253906,82.84674072265625,167.72474670410156,4423.14990234375
2021-08-04,143.1163787841797,274.446044921875,133.85179138183594,84.18034362792969,625.6799926757812,48.424285888671875,111.43325805664062,166.9720916748047,132.33372497558594,49.324668884277344,133.45513916015625,33.687957763671875,40.68092727661133,333.1191101074219,82.11611938476562,158.14990234375,777.869873046875,397.8599548339844,149.87664794921875,386.13336181640625,34.68427276611328,64.57894897460938,110.30437469482422,531.3963623046875,250.0160675048828,95.78570556640625,289.52349853515625,207.87045288085938,156.59971618652344,104.6290054321289,62.33042907714844,125.26068878173828,48.38671112060547,130.1013946533203,44.562713623046875,412.2755126953125,69.45730590820312,203.96255493164062,149.82322692871094,187.66676330566406,226.6300048828125,314.09259033203125,46.99044418334961,80.98954772949219,167.32720947265625,4402.66015625
2021-08-05,143.22344970703125,277.3292541503906,134.96722412109375,83.60076141357422,632.0800170898438,48.48515319824219,111.4410400390625,167.6490936279297,131.09274291992188,49.635986328125,135.14053344726562,34.34815979003906,41.60165786743164,338.7965087890625,83.4294204711914,159.6273193359375,784.281494140625,399.8696594238281,150.16192626953125,376.65264892578125,34.58449935913086,64.67308044433594,110.88507080078125,534.8180541992188,251.6544647216797,95.81902313232422,291.9778137207031,209.27796936035156,158.3668975830078,105.31914520263672,63.5631217956543,125.32225036621094,48.73170852661133,130.3209686279297,45.389442443847656,419.9989929199219,70.0342788696289,204.2201690673828,149.53268432617188,190.1167449951172,229.94000244140625,313.34564208984375,47.28805923461914,81.7405014038086,171.33151245117188,4429.10009765625
2021-08-06,142.54071044921875,277.27191162109375,134.45901489257812,83.68489837646484,631.3800048828125,48.337337493896484,112.47139739990234,167.4755096435547,130.60165405273438,49.66361999511719,138.97903442382812,35.342864990234375,43.17754364013672,350.7774658203125,85.04975891113281,161.2553253173828,790.2874755859375,399.7428283691406,149.6604766845703,380.2525939941406,34.59217071533203,64.54476165771484,110.84876251220703,530.7257690429688,250.94003295898438,95.2613296508789,289.11163330078125,209.13633728027344,157.41043090820312,105.33683013916016,64.23973083496094,124.36363220214844,48.85246658325195,130.33787536621094,45.308326721191406,416.6252746582031,69.79460906982422,204.04248046875,151.24456787109375,191.18112182617188,231.3300018310547,314.44866943359375,47.83368682861328,82.32188415527344,171.73873901367188,4436.52001953125
2021-08-09,142.49197387695312,276.1893615722656,135.62245178222656,84.04013061523438,629.219970703125,48.23299026489258,111.52395629882812,165.2969970703125,131.1730499267578,49.78335952758789,138.82901000976562,35.80059814453125,43.071311950683594,352.5318298339844,85.91107940673828,160.70953369140625,795.47314453125,394.7911682128906,150.17919921875,376.3595275878906,35.29061508178711,64.44207000732422,111.74703979492188,533.6444702148438,254.4835205078125,94.93670654296875,288.1650085449219,207.7376708984375,156.47216796875,104.3547134399414,63.88751220703125,125.04083251953125,48.861087799072266,130.35475158691406,45.41752624511719,417.42138671875,69.53719329833984,202.75428771972656,149.97242736816406,191.67666625976562,232.27000427246094,313.5714416503906,47.28805923461914,80.94917297363281,171.34120178222656,4432.35009765625
2021-08-10,142.01405334472656,274.3789978027344,135.51747131347656,83.79708099365234,621.739990234375,48.3547248840332,111.62657165527344,164.60263061523438,130.2356414794922,49.682037353515625,140.5320281982422,36.46961212158203,43.938926696777344,359.6639404296875,87.01972961425781,159.49559020996094,804.812744140625,393.3245544433594,150.2310791015625,377.1931457519531,36.98683547973633,64.33086395263672,111.32965087890625,532.8656616210938,256.66485595703125,95.56930541992188,290.5491027832031,206.64889526367188,156.9276580810547,102.98323822021484,66.20465850830078,125.1199722290039,48.99045181274414,130.4223175048828,46.3846549987793,419.84735107421875,69.88336181640625,205.9969482421875,149.681884765625,196.4298095703125,235.77999877929688,314.6137390136719,48.09823226928711,82.4268569946289,171.68055725097656,4436.75
2021-08-11,142.26763916015625,274.8675537109375,134.99441528320312,83.78773498535156,626.030029296875,48.572113037109375,112.2187271118164,164.47244262695312,130.9587860107422,49.866249084472656,142.20863342285156,36.92734909057617,44.85081481933594,364.8830261230469,88.58888244628906,160.6060028076172,808.8079223632812,392.51898193359375,150.25704956054688,373.49237060546875,35.54389953613281,64.34796142578125,110.2045669555664,529.7987670898438,251.5687255859375,94.65375518798828,295.3875427246094,208.50782775878906,156.0166778564453,103.48065948486328,66.70697784423828,125.4277572631836,48.93008804321289,130.93748474121094,46.79957962036133,421.0509033203125,70.21180725097656,208.04019165039062,151.08750915527344,203.3943634033203,239.49000549316406,315.5342712402344,48.23877716064453,83.04861450195312,172.66949462890625,4442.41015625
2021-08-12,145.22299194335938,277.6070556640625,135.90078735351562,83.95598602294922,634.3499755859375,49.032958984375,112.96094512939453,163.0577392578125,131.37840270996094,49.31361389160156,142.76451110839844,37.1034049987793,45.284629821777344,365.86151123046875,89.2625961303711,158.58277893066406,810.0867309570312,395.3705139160156,151.46737670898438,371.8619689941406,36.257686614990234,65.05809783935547,111.42945861816406,534.4827880859375,251.77896118164062,96.25181579589844,292.77545166015625,209.4992218017578,155.4427490234375,102.81446838378906,66.5581283569336,125.71798706054688,49.024959564208984,130.9628448486328,46.6743278503418,422.0555114746094,69.93663024902344,206.87176513671875,152.06126403808594,202.0913543701172,238.17999267578125,312.4510803222656,48.12967300415039,82.8790512084961,173.83297729492188,4460.830078125
2021-08-13,145.4278564453125,280.5191650390625,136.42929077148438,84.48884582519531,637.3099975585938,49.10253143310547,113.04777526855469,163.7781219482422,132.70867919921875,49.26756286621094,141.16737365722656,36.64566421508789,44.59407043457031,362.14111328125,88.6400375366211,156.2866668701172,808.6050415039062,399.88775634765625,152.37513732910156,375.2603759765625,37.20941925048828,65.63987731933594,111.65629577636719,537.0762939453125,252.4861602783203,96.95098876953125,290.4088439941406,211.40243530273438,156.3993377685547,103.71160125732422,65.57209777832031,126.32482147216797,49.36134338378906,132.18743896484375,46.821495056152344,424.3867492675781,70.51358032226562,206.71121215820312,152.32823181152344,200.5589599609375,234.4600067138672,310.9138488769531,47.64292526245117,82.32996368408203,175.56849670410156,4468.0
2021-08-16,147.39805603027344,282.1954345703125,137.00579833984375,84.90016174316406,636.9400024414062,48.93730545043945,113.37152862548828,164.77627563476562,132.25340270996094,49.24913787841797,140.2408447265625,36.34637451171875,43.74415588378906,359.9988708496094,88.4524154663086,155.97613525390625,815.6868286132812,403.8436584472656,153.7498016357422,382.16705322265625,37.53945541381836,66.67512512207031,113.1080322265625,546.7598876953125,257.9618835449219,98.55740356445312,293.67822265625,213.3055877685547,157.00958251953125,104.40443420410156,65.44186401367188,127.20430755615234,49.576969146728516,133.4795379638672,47.20350646972656,429.1629943847656,70.81539154052734,208.4771728515625,154.75474548339844,199.76988220214844,229.05999755859375,312.8852844238281,46.94636917114258,81.49019622802734,173.63906860351562,4479.7099609375
2021-08-17,146.49098205566406,280.7393493652344,135.37332153320312,85.02169036865234,635.010009765625,48.702545166015625,112.44770050048828,161.71246337890625,128.93206787109375,48.53071212768555,138.54661560058594,36.17031478881836,43.12443161010742,357.01910400390625,87.72754669189453,154.9409637451172,802.2197875976562,402.0965881347656,155.158935546875,386.353271484375,38.69840621948242,67.44514465332031,114.0425796508789,548.5841674804688,260.6089782714844,99.59785461425781,281.1440124511719,212.69482421875,155.4610137939453,103.5428466796875,64.32559204101562,127.41535186767578,49.40446472167969,133.35284423828125,47.18784713745117,428.6701965332031,71.03730010986328,206.4346923828125,155.29660034179688,195.85169982910156,222.22000122070312,314.05780029296875,46.627471923828125,81.33677673339844,170.47830200195312,4448.080078125
2021-08-18,142.75527954101562,279.021484375,134.17227172851562,83.14271545410156,626.77001953125,47.95474624633789,110.1185302734375,159.52529907226562,126.94110107421875,48.07018280029297,137.28475952148438,35.90623474121094,42.46928024291992,351.5796813964844,86.35454559326172,152.56959533691406,795.420166015625,389.2599792480469,153.18783569335938,382.267822265625,37.84646224975586,66.55535125732422,112.44568634033203,537.0961303710938,256.6048583984375,97.62516784667969,281.8452453613281,210.74737548828125,153.7758026123047,102.7522964477539,67.9069595336914,126.02579498291016,48.73170852661133,131.9847412109375,46.686859130859375,422.8609924316406,69.37743377685547,203.7322235107422,152.97219848632812,192.52081298828125,219.0,309.7152099609375,45.64556884765625,79.13536834716797,169.4214630126953,4400.27001953125
2021-08-19,143.08688354492188,284.8182373046875,134.40109252929688,82.9277114868164,637.6599731445312,49.79814529418945,108.97369384765625,160.6015167236328,125.53938293457031,48.30044174194336,136.13768005371094,35.378074645996094,41.83184814453125,346.968994140625,85.04975891113281,149.65237426757812,797.0694580078125,392.8266906738281,154.380859375,391.9499816894531,37.455020904541016,67.12857818603516,114.06980895996094,544.2157592773438,258.40142822265625,98.15788269042969,283.0285949707031,209.9949493408203,150.84254455566406,101.5442886352539,68.45580291748047,127.5121078491211,49.04221725463867,134.2058868408203,47.003108978271484,430.48974609375,70.09640502929688,203.11679077148438,152.39109802246094,187.60252380371094,212.16000366210938,307.4831237792969,44.25244903564453,77.16313934326172,167.97683715820312,4405.7998046875
2021-08-20,144.540283203125,292.10260009765625,136.1340789794922,83.14271545410156,647.3400268554688,50.624202728271484,109.83429718017578,160.54075622558594,126.8606948852539,47.904396057128906,136.52590942382812,35.53652572631836,41.98235321044922,348.99664306640625,85.84285736083984,150.32989501953125,808.87841796875,396.0675048828125,155.13302612304688,393.61712646484375,37.393619537353516,67.31681060791016,114.61421203613281,547.2924194335938,258.88885498046875,98.89866638183594,288.58563232421875,211.1103057861328,152.8466033935547,101.81962585449219,68.8744125366211,127.60005187988281,48.85246658325195,133.73292541503906,47.42268371582031,434.9722900390625,69.94551086425781,203.09002685546875,152.54896545410156,188.0521240234375,212.6699981689453,310.21026611328125,44.26084518432617,77.17131805419922,169.78990173339844,4441.669921875
2021-08-23,146.02281188964844,292.3808898925781,138.7214813232422,83.31096649169922,656.8599853515625,50.902462005615234,110.23698425292969,163.04039001464844,128.69102478027344,49.0280876159668,138.27308654785156,36.011878967285156,42.15056228637695,353.91595458984375,87.1220474243164,150.98863220214844,818.3063354492188,397.4253845214844,154.46337890625,389.6324768066406,38.322322845458984,67.06013488769531,114.1786880493164,544.9356079101562,255.93592834472656,99.34812927246094,287.2708435058594,212.14601135253906,154.60470581054688,102.28152465820312,69.88839721679688,126.94924926757812,48.67996597290039,133.31063842773438,47.10956954956055,431.12469482421875,69.57271575927734,204.3476104736328,152.35952758789062,191.906005859375,219.39999389648438,310.36663818359375,46.08197021484375,79.15994262695312,172.2526092529297,4479.52978515625
2021-08-24,145.9350128173828,290.43267822265625,139.92996215820312,82.77812957763672,657.239990234375,51.58069610595703,110.41065979003906,163.0143585205078,128.9767608642578,49.56230163574219,139.1289825439453,36.51362228393555,42.81455993652344,360.18402099609375,87.91515350341797,151.69439697265625,819.479248046875,396.139892578125,152.5326690673828,387.84625244140625,37.132667541503906,66.4954605102539,113.87019348144531,542.8449096679688,251.1100311279297,99.6144790649414,284.7816162109375,211.05714416503906,154.84158325195312,102.2193603515625,70.05579376220703,125.9202651977539,48.309085845947266,131.65533447265625,46.62422180175781,428.1490478515625,68.94247436523438,205.5338897705078,152.5726318359375,195.0717315673828,221.42999267578125,311.79962158203125,46.459617614746094,80.06830596923828,173.03794860839844,4486.22998046875
2021-08-25,144.70608520507812,289.8471984863281,140.73977661132812,82.84358215332031,656.7999877929688,51.60677719116211,110.42645263671875,163.24867248535156,128.449951171875,49.56230163574219,141.996826171875,37.1034049987793,43.63791275024414,364.20404052734375,88.7679443359375,156.38075256347656,828.5895385742188,397.0649108886719,151.5238800048828,384.4844970703125,36.464927673339844,65.9393310546875,113.18060302734375,540.468505859375,252.16123962402344,100.21376037597656,283.88751220703125,211.41127014160156,154.71405029296875,102.65459442138672,70.52091979980469,125.47175598144531,48.360836029052734,131.07261657714844,46.64302062988281,427.61834716796875,68.92473602294922,205.73013305664062,152.25689697265625,197.0629425048828,221.02999877929688,311.58258056640625,46.543540954589844,80.61660766601562,172.8828125,4496.18994140625
2021-08-26,143.90625,287.0448913574219,140.10731506347656,82.93704223632812,652.3900146484375,51.476356506347656,109.57377624511719,163.14454650878906,127.11970520019531,48.93598175048828,142.729248046875,37.00657272338867,43.42544174194336,363.57818603515625,88.55476379394531,155.75027465820312,825.3794555664062,396.4392395019531,150.71507263183594,381.8373718261719,36.365150451660156,65.51155090332031,113.84297180175781,545.0933837890625,249.724365234375,100.21376037597656,281.783935546875,209.7470703125,152.05409240722656,101.5442886352539,68.6883773803711,125.25189971923828,47.903709411621094,130.5912322998047,46.138885498046875,425.79876708984375,68.6229248046875,205.9263153076172,151.85426330566406,193.83297729492188,216.5,314.07513427734375,45.91411209106445,79.56092834472656,171.18605041503906,4470.0
2021-08-27,144.940185546875,287.6495056152344,142.64663696289062,83.5259780883789,658.52001953125,51.319828033447266,110.07118225097656,165.3577880859375,129.324951171875,49.635986328125,143.87637329101562,37.40269088745117,44.09828567504883,369.9962158203125,89.92776489257812,158.70510864257812,842.18896484375,397.4730224609375,150.39329528808594,383.58685302734375,35.766483306884766,65.2805404663086,113.04452514648438,540.8924560546875,248.2239990234375,99.53124237060547,283.44921875,210.21621704101562,152.90724182128906,102.25489044189453,68.50232696533203,125.1551513671875,47.99857711791992,130.8530731201172,45.878997802734375,426.7748718261719,68.73832702636719,206.158203125,152.59634399414062,195.2919921875,221.75,314.39654541015625,46.8036994934082,80.72299194335938,174.65708923339844,4509.3701171875
2021-08-30,149.3488006591797,291.36358642578125,143.2275848388672,83.61947631835938,665.989990234375,51.41548156738281,109.72377014160156,166.1475830078125,130.298095703125,49.682037353515625,141.5732879638672,36.672080993652344,42.85882568359375,364.6272277832031,88.7679443359375,154.57395935058594,836.1388549804688,402.7055969238281,151.02813720703125,383.1654968261719,35.8892822265625,65.45166015625,114.26941680908203,550.7733764648438,250.6704559326172,100.35526275634766,286.70989990234375,209.42843627929688,153.31781005859375,102.69012451171875,67.72093200683594,125.70037841796875,48.45570755004883,131.74822998046875,46.24848175048828,432.0723876953125,68.92473602294922,206.80931091308594,153.15684509277344,194.02569580078125,217.66000366210938,314.44866943359375,46.29177474975586,80.51840209960938,174.50196838378906,4528.7900390625
2021-08-31,148.090576171875,289.7224426269531,143.33360290527344,83.32032012939453,663.7000122070312,51.319828033447266,110.80546569824219,165.69627380371094,130.96775817871094,49.79256820678711,141.14088439941406,36.75129699707031,40.45957946777344,366.3193054199219,89.05792236328125,156.1737823486328,831.9143676757812,402.47882080078125,150.56724548339844,381.30596923828125,35.35969161987305,65.27196502685547,114.6595687866211,547.2431030273438,246.8287811279297,100.53005981445312,285.9035339355469,211.35092163085938,150.3158721923828,104.36002349853516,67.6465072631836,125.22550964355469,48.56782913208008,132.07763671875,46.37373352050781,431.65533447265625,69.19100952148438,206.84498596191406,154.4357147216797,193.49346923828125,219.5,314.7548828125,45.75465393066406,79.19265747070312,175.78179931640625,4522.68017578125
2021-09-01,148.75387573242188,289.6744384765625,143.84669494628906,84.08687591552734,665.8900146484375,51.337223052978516,109.98433685302734,163.474365234375,131.3623809814453,49.433345794677734,140.93797302246094,36.258338928222656,38.46759033203125,366.45220947265625,88.95558166503906,154.74337768554688,832.3818359375,406.8316650390625,151.0977325439453,382.2952880859375,35.336666107177734,65.1778793334961,115.59415435791016,553.9191284179688,245.97828674316406,93.44683074951172,285.1194152832031,211.965087890625,150.15167236328125,104.32449340820312,67.0511474609375,126.50072479248047,48.89558792114258,133.361328125,46.27351760864258,432.6314392089844,69.52831268310547,204.96307373046875,155.0435791015625,190.82325744628906,218.1199951171875,312.00799560546875,45.125247955322266,78.32520294189453,177.89544677734375,4524.08984375
2021-09-02,149.8657684326172,289.0218505859375,141.93637084960938,83.94666290283203,664.6400146484375,51.76329040527344,110.54492950439453,164.3943634033203,130.16937255859375,49.488616943359375,141.59088134765625,36.29373550415039,39.45915603637695,367.1963195800781,89.39904022216797,152.49427795410156,838.4230346679688,407.5390930175781,152.13262939453125,388.1210632324219,35.950679779052734,65.98210144042969,116.5831298828125,557.6170043945312,248.05203247070312,93.23875427246094,288.73138427734375,213.49594116210938,149.33958435058594,104.25343322753906,66.85581970214844,126.59745025634766,48.9645881652832,133.4591064453125,46.51776885986328,436.8487243652344,69.69697570800781,206.006591796875,156.45663452148438,194.3284912109375,220.8300018310547,313.2239685058594,46.22464370727539,79.9619369506836,176.32476806640625,4536.9501953125
2021-09-03,150.49978637695312,289.0123596191406,142.38462829589844,84.13361358642578,666.5900268554688,51.667640686035156,110.20538330078125,164.8022918701172,129.72988891601562,49.285980224609375,140.73497009277344,36.320281982421875,39.105018615722656,364.370361328125,88.90441131591797,149.90646362304688,830.2208862304688,409.96942138671875,152.228271484375,387.342529296875,35.950679779052734,66.10189056396484,116.99140167236328,560.2202758789062,248.0137481689453,92.90581512451172,291.0220031738281,212.56141662597656,148.99285888671875,104.09355926513672,66.11161804199219,126.6854019165039,48.93008804321289,133.57814025878906,46.733821868896484,438.34600830078125,69.15550994873047,203.6786346435547,155.78561401367188,193.03468322753906,218.1699981689453,311.43060302734375,46.04839324951172,79.78187561035156,175.49093627929688,4535.43017578125
2021-09-07,152.8308868408203,288.0909729003906,142.92051696777344,82.93704223632812,661.3900146484375,51.19811248779297,109.0052719116211,164.43777465820312,128.94056701660156,49.414939880371094,140.48794555664062,36.559165954589844,39.228981018066406,363.4933776855469,88.84471130371094,150.30169677734375,819.19287109375,405.108642578125,149.8627471923828,385.8584899902344,35.88160705566406,65.00676727294922,116.49236297607422,561.2655639648438,243.49365234375,90.75005340576172,289.79742431640625,210.2205810546875,148.39971923828125,102.85000610351562,64.97674560546875,126.21045684814453,48.01582717895508,131.40135192871094,46.11384201049805,435.5503234863281,68.25898742675781,198.8355712890625,154.38046264648438,191.071044921875,214.24000549316406,305.4819030761719,45.77984619140625,79.43000030517578,178.72927856445312,4520.02978515625
2021-09-08,151.2898406982422,288.11968994140625,142.33657836914062,83.6381607055664,663.219970703125,51.02418899536133,109.48690795898438,163.86492919921875,127.8372802734375,49.341243743896484,139.86143493652344,36.08138656616211,38.795162200927734,358.78045654296875,88.32451629638672,149.5582275390625,818.7588500976562,408.6363525390625,149.4975128173828,380.49993896484375,35.6973991394043,64.476318359375,117.10028076171875,564.6283569335938,243.53189086914062,91.8570785522461,292.1143493652344,212.3833770751953,146.6387939453125,104.84857177734375,64.94882202148438,127.16910552978516,48.66271209716797,133.2635040283203,46.17332458496094,441.3312072753906,69.04013061523438,200.14666748046875,153.59893798828125,189.73135375976562,211.3800048828125,307.458984375,45.360233306884766,78.88167572021484,179.51461791992188,4514.06982421875
2021-09-09,150.2754364013672,285.2789306640625,142.18800354003906,83.70359802246094,661.6799926757812,50.95463562011719,108.75260925292969,163.57850646972656,126.99410247802734,49.18466567993164,140.4702911376953,36.21410369873047,39.27323913574219,358.40850830078125,88.55476379394531,149.99118041992188,816.81005859375,409.34368896484375,146.1666259765625,379.73046875,35.3289909362793,63.158714294433594,116.12039184570312,560.8809814453125,229.3503875732422,89.2851333618164,292.28179931640625,212.37448120117188,149.0384521484375,105.5147476196289,64.60464477539062,126.63259887695312,48.17970657348633,132.42169189453125,45.84767150878906,441.5585632324219,68.61406707763672,198.8355712890625,149.20970153808594,188.49258422851562,213.94000244140625,305.2457580566406,45.39379119873047,78.56254577636719,180.25149536132812,4493.27978515625
2021-09-10,145.30105590820312,283.80096435546875,139.54808044433594,83.83446502685547,658.9400024414062,50.33726501464844,108.18415832519531,165.47059631347656,127.98079681396484,49.589935302734375,138.85545349121094,35.63015365600586,39.24667739868164,357.4339599609375,88.36714935302734,149.3606719970703,811.920654296875,408.30078125,145.21002197265625,371.2828369140625,34.99127960205078,62.84214782714844,116.86438751220703,564.016845703125,228.87257385253906,88.79405212402344,292.4404296875,212.88180541992188,149.2666015625,106.00325775146484,64.06511688232422,126.7557601928711,47.964088439941406,132.19212341308594,45.68172073364258,440.81939697265625,68.38328552246094,198.33609008789062,152.56475830078125,188.11636352539062,210.3000030517578,302.5776672363281,45.30147933959961,78.61980438232422,178.51596069335938,4458.580078125
2021-09-13,145.8667755126953,285.0293884277344,140.99087524414062,83.09598541259766,645.1500244140625,50.51986312866211,109.07635498046875,168.36080932617188,128.63555908203125,50.6491584777832,141.0614776611328,36.222957611083984,40.51270294189453,362.5543518066406,89.03233337402344,151.92965698242188,811.6015625,407.5572204589844,144.19248962402344,381.0357360839844,34.21608352661133,62.61113739013672,114.88640594482422,551.3650512695312,227.40093994140625,89.45993041992188,295.52374267578125,214.68862915039062,145.5529327392578,105.86114501953125,63.90696716308594,128.118896484375,48.360836029052734,132.44723510742188,45.42182922363281,435.60723876953125,68.68507385253906,199.4331512451172,153.45681762695312,189.20826721191406,214.47999572753906,302.95379638671875,46.46800994873047,80.17469787597656,179.34979248046875,4468.72998046875
2021-09-14,144.47195434570312,287.7167053222656,141.2008819580078,80.75891876220703,645.010009765625,50.31986999511719,107.55252075195312,169.341552734375,126.59941864013672,50.216251373291016,138.59959411621094,35.24968338012695,40.76945114135742,357.6199645996094,86.90887451171875,150.0758514404297,798.9261474609375,409.52508544921875,143.32276916503906,379.2157897949219,34.315860748291016,62.24856185913086,115.27657318115234,554.8477172851562,222.7470245361328,88.62759399414062,293.4710998535156,214.61740112304688,144.85946655273438,105.5769271850586,64.63256072998047,127.89904022216797,48.39558410644531,131.92849731445312,45.18384552001953,434.42266845703125,68.61406707763672,196.39169311523438,150.78857421875,185.6572265625,211.57000732421875,301.2303466796875,45.805030822753906,78.7261734008789,176.84832763671875,4443.0498046875
2021-09-15,145.35955810546875,292.5440368652344,143.068115234375,82.0115966796875,661.0800170898438,50.05031204223633,108.32627868652344,171.4158935546875,123.99819946289062,50.768890380859375,139.56138610839844,35.5151252746582,41.291786193847656,356.07855224609375,87.87254333496094,151.82618713378906,805.7467651367188,410.0328674316406,143.8620147705078,383.7934265136719,34.36191177368164,62.85285186767578,115.67579650878906,555.4002075195312,223.35861206054688,89.70130157470703,293.6913757324219,214.48385620117188,144.08389282226562,101.82850646972656,64.63256072998047,127.62640380859375,48.56069564819336,132.66830444335938,45.26213836669922,436.6211853027344,68.53417205810547,197.72958374023438,152.63580322265625,188.7770233154297,214.22000122070312,301.8689270019531,47.34919357299805,80.3956527709961,178.79713439941406,4480.7001953125
2021-09-16,145.12545776367188,292.927978515625,142.25634765625,81.56283569335938,665.1099853515625,49.85032653808594,107.71833038330078,170.82568359375,124.14176177978516,50.50178909301758,139.4996337890625,35.7894172668457,40.97307586669922,351.4100341796875,87.38642883300781,153.04010009765625,788.7308349609375,411.7559814453125,143.68809509277344,383.1683654785156,34.13166046142578,62.12772750854492,115.63043212890625,552.9140014648438,220.78794860839844,89.9593276977539,296.3518981933594,216.46868896484375,143.801025390625,101.85517120361328,65.56279754638672,126.73815155029297,48.100128173828125,132.27716064453125,45.412437438964844,439.06622314453125,67.8773193359375,195.9100799560547,152.3358154296875,186.82260131835938,213.36000061035156,298.7459411621094,46.84566116333008,79.64276123046875,177.7597198486328,4473.75
2021-09-17,142.4626922607422,287.7934265136719,139.47280883789062,80.75891876220703,654.47998046875,49.43294906616211,106.77086639404297,170.3309783935547,119.83623504638672,49.97677993774414,139.1378173828125,35.83365249633789,41.141292572021484,346.7857360839844,86.77242279052734,154.2540283203125,776.4983520507812,404.83660888671875,143.2793426513672,386.2201843261719,33.686492919921875,61.87739181518555,115.0406494140625,588.7855834960938,219.88967895507812,89.66800689697266,295.7176513671875,215.827880859375,142.724365234375,100.7359848022461,65.49767303466797,126.9404525756836,47.3093147277832,131.0612030029297,45.318504333496094,435.4649963378906,67.66429138183594,194.87542724609375,150.0149383544922,183.289794921875,213.36000061035156,298.2910461425781,46.29177474975586,79.18448638916016,177.88577270507812,4432.990234375
2021-09-20,139.41954040527344,282.44769287109375,137.4119110107422,80.55326080322266,641.2899780273438,48.598201751708984,106.04446411132812,167.1543731689453,119.08275604248047,48.79781723022461,134.97291564941406,34.60380554199219,40.556968688964844,334.97698974609375,84.1116943359375,151.10157775878906,759.3497924804688,403.4311218261719,142.46185302734375,379.3628234863281,33.9244270324707,62.09318542480469,113.29856872558594,582.2742309570312,221.36135864257812,88.56099700927734,291.7884521484375,212.80172729492188,140.74436950683594,99.32366180419922,64.28837585449219,125.6652603149414,46.97909164428711,130.61900329589844,44.69538497924805,427.5330505371094,67.61100769042969,192.41372680664062,149.50967407226562,175.09568786621094,209.5,296.0864562988281,45.05811309814453,77.56412506103516,173.17367553710938,4357.72998046875
2021-09-21,139.89749145507812,282.9276123046875,137.72247314453125,81.25438690185547,645.8900146484375,48.050376892089844,104.98648071289062,167.4755096435547,118.17681121826172,48.696502685546875,134.99050903320312,34.62150192260742,40.592376708984375,332.9482727050781,83.83024597167969,153.6423797607422,748.6937255859375,403.7303161621094,143.0880126953125,379.0318603515625,33.70952224731445,62.12772750854492,113.53445434570312,589.0224609375,219.95657348632812,89.18525695800781,294.4401550292969,214.0567169189453,141.4469451904297,99.6789779663086,64.45580291748047,125.85872650146484,46.970401763916016,130.5594940185547,44.78305435180664,428.4522705078125,67.80630493164062,191.67344665527344,149.77806091308594,174.19642639160156,208.50999450683594,293.9782409667969,45.01614761352539,77.62140655517578,165.9601287841797,4354.18994140625
2021-09-22,142.2578887939453,286.55535888671875,138.961181640625,82.67529296875,626.0800170898438,48.276466369628906,106.29711151123047,170.04457092285156,119.30699920654297,49.27676773071289,137.57601928710938,35.5151252746582,41.681339263916016,341.479248046875,85.96226501464844,157.613525390625,753.8401489257812,404.1293029785156,142.56619262695312,375.6859436035156,33.732547760009766,62.18815612792969,113.09896850585938,598.483642578125,218.16958618164062,88.5693359375,295.9466247558594,216.3975067138672,143.65505981445312,100.4339828491211,64.67906951904297,126.28965759277344,47.03993225097656,130.95912170410156,44.67971420288086,428.6607971191406,67.84180450439453,193.56431579589844,146.28089904785156,175.5819854736328,216.97999572753906,298.94720458984375,46.333736419677734,79.90461730957031,168.36465454101562,4395.64013671875
2021-09-23,143.21371459960938,287.495849609375,139.88490295410156,83.59141540527344,630.8400268554688,49.293827056884766,107.95518493652344,172.43136596679688,120.1142807006836,49.76493835449219,142.2262420654297,36.88654327392578,42.31877517700195,347.14007568359375,88.30745697021484,163.1373748779297,776.0908813476562,409.5976257324219,143.37501525878906,375.0699768066406,33.916744232177734,63.06003952026367,113.68871307373047,600.0621948242188,221.8773956298828,89.36005401611328,295.9290466308594,217.86611938476562,145.60769653320312,101.38440704345703,65.7674331665039,126.80852508544922,46.96171569824219,131.0612030029297,44.70478057861328,429.08721923828125,68.05484771728516,195.9546356201172,147.4571533203125,180.41773986816406,221.10000610351562,301.1078186035156,47.90309524536133,81.88507080078125,170.88552856445312,4448.97998046875
2021-09-24,143.30152893066406,287.2943420410156,140.87448120117188,84.07752990722656,622.7100219726562,49.32860565185547,108.55523681640625,174.14987182617188,120.08737182617188,49.93993377685547,143.86753845214844,37.28470230102539,42.42501449584961,346.24530029296875,87.76165771484375,165.35826110839844,774.7179565429688,410.87640380859375,142.94015502929688,374.1968078613281,33.72486877441406,63.543453216552734,112.84490966796875,601.5914916992188,221.3996124267578,89.11868286132812,297.32098388671875,219.32574462890625,136.49237060546875,101.3577651977539,66.13951110839844,126.24568939208984,46.831356048583984,131.12069702148438,44.830020904541016,443.27386474609375,68.01934051513672,195.49977111816406,148.42816162109375,180.60128784179688,221.38999938964844,305.7618103027344,48.331092834472656,82.32696533203125,170.6431121826172,4455.47998046875
2021-09-27,141.7897186279297,282.322998046875,139.74224853515625,85.1058349609375,603.6500244140625,48.8851432800293,109.40003967285156,173.87216186523438,119.72857666015625,50.3452033996582,147.34423828125,38.275638580322266,42.10629653930664,354.18280029296875,89.62928771972656,166.34628295898438,775.4708251953125,403.84820556640625,141.90521240234375,372.5329895019531,33.44089126586914,63.32763671875,109.40612030029297,586.6842041015625,216.3538818359375,89.65968322753906,300.7743835449219,220.82997131347656,135.07810974121094,100.97579956054688,66.1767349243164,124.58351135253906,46.58803176879883,129.8622283935547,44.541954040527344,436.4600830078125,67.46902465820312,194.34918212890625,147.4966278076172,183.51918029785156,224.16000366210938,309.12103271484375,49.76617431640625,84.26649475097656,172.83433532714844,4443.10986328125
2021-09-28,138.4149169921875,272.101806640625,134.54965209960938,84.59166717529297,578.77001953125,48.276466369628906,108.53943634033203,169.1505889892578,116.51741027832031,49.737300872802734,146.55006408691406,38.18716812133789,40.65435791015625,345.0494384765625,87.01972961425781,162.93032836914062,762.2728881835938,386.4184875488281,141.59214782714844,366.420166015625,33.03409957885742,63.29310607910156,107.73662567138672,568.7089233398438,211.7668914794922,89.3434066772461,294.0700988769531,216.96714782714844,132.57801818847656,99.22595977783203,65.1906967163086,123.64250183105469,45.74509048461914,128.44215393066406,43.99398422241211,423.94134521484375,67.30036926269531,191.7358856201172,147.43345642089844,184.02389526367188,218.41000366210938,308.0625915527344,50.2864875793457,84.58564758300781,169.20816040039062,4352.6298828125
2021-09-29,139.31227111816406,272.5624694824219,133.0870819091797,85.30213928222656,577.7000122070312,48.24168395996094,109.88957977294922,167.57095336914062,115.96127319335938,49.26756286621094,146.43533325195312,38.107540130615234,41.6370735168457,340.9654541015625,84.89624786376953,161.42469787597656,758.7296752929688,386.8809814453125,142.64447021484375,368.0655517578125,33.41018295288086,64.82105255126953,108.389892578125,571.816650390625,220.13815307617188,90.5918960571289,296.82763671875,217.4210662841797,133.23497009277344,99.6345443725586,65.02326202392578,124.90011596679688,46.0231819152832,129.5050811767578,43.97520446777344,428.1490478515625,68.41878509521484,191.69129943847656,145.8388214111328,181.56471252441406,225.36000061035156,306.43548583984375,50.2529296875,84.56111145019531,167.42416381835938,4359.4599609375
2021-09-30,138.0150146484375,270.56634521484375,132.41595458984375,81.45068359375,575.719970703125,47.32868194580078,109.69218444824219,166.82460021972656,115.69216918945312,49.074134826660156,144.44110107421875,37.55897521972656,41.088165283203125,334.888427734375,82.98596954345703,157.65115356445312,742.865478515625,385.31219482421875,140.45285034179688,359.1766662597656,33.011070251464844,64.83831024169922,107.18313598632812,563.6577758789062,220.7975311279297,89.7845458984375,289.18951416015625,214.59959411621094,132.51416015625,97.98241424560547,61.376747131347656,122.9477310180664,45.59737014770508,127.89796447753906,43.64328384399414,425.83673095703125,67.08733367919922,189.33660888671875,143.75474548339844,176.15087890625,219.94000244140625,301.8952941894531,49.36334228515625,83.0225830078125,164.02101135253906,4307.5400390625
2021-10-01,139.13670349121094,277.4571838378906,135.2559356689453,83.89056396484375,577.469970703125,47.94605255126953,113.1583251953125,168.19589233398438,115.44999694824219,49.608360290527344,147.4765625,38.116390228271484,41.628211975097656,336.63348388671875,84.4698486328125,163.6831817626953,745.7265014648438,388.45880126953125,139.55709838867188,360.730224609375,32.949676513671875,70.26811218261719,106.3484115600586,565.0289916992188,219.40231323242188,90.79998779296875,290.59912109375,216.21951293945312,134.1838836669922,100.3007583618164,61.9627799987793,122.75423431396484,46.07532501220703,128.35714721679688,42.91370391845703,424.87005615234375,67.08733367919922,192.34237670898438,143.27320861816406,178.31642150878906,226.0,304.2572021484375,51.13411331176758,85.37947845458984,170.65281677246094,4357.0400390625
2021-10-04,135.71315002441406,271.70843505859375,132.3996124267578,83.44184875488281,558.489990234375,47.473323822021484,113.78207397460938,165.25360107421875,113.62913513183594,49.24913787841797,147.31773376464844,38.346431732177734,41.628211975097656,331.45111083984375,82.84954071044922,162.47866821289062,731.2617797851562,377.11419677734375,138.4700164794922,355.7479553222656,32.55824279785156,71.73563385009766,104.82410430908203,561.35888671875,214.87266540527344,90.5003662109375,287.6125793457031,216.35299682617188,134.2568817138672,99.00389862060547,61.265113830566406,122.0594711303711,46.04924392700195,127.7193832397461,42.50037384033203,417.108642578125,66.6257553100586,191.05801391601562,140.84963989257812,177.21530151367188,223.7899932861328,302.6737365722656,51.79710388183594,85.69861602783203,168.180419921875,4300.4599609375
2021-10-05,137.6346435546875,277.130859375,134.7408447265625,85.5264892578125,566.7000122070312,47.87600326538086,113.02407836914062,168.27398681640625,114.39157104492188,49.691253662109375,149.72348022460938,39.12504196166992,42.460426330566406,341.7804870605469,84.59777069091797,164.45480346679688,742.9717407226562,385.5298156738281,138.78309631347656,361.6493835449219,32.48149108886719,70.44075775146484,105.14167022705078,564.2003784179688,220.68283081054688,91.14958953857422,290.2642822265625,218.2576904296875,136.373779296875,98.46206665039062,60.56745147705078,122.53438568115234,46.12745666503906,128.47616577148438,42.77906036376953,422.8894348144531,66.05766296386719,192.40484619140625,141.83642578125,176.63720703125,224.4199981689453,304.2134704589844,51.71317672729492,86.63157653808594,169.29542541503906,4345.72021484375
2021-10-06,138.50271606445312,281.3056945800781,136.268310546875,85.38623809814453,570.3099975585938,47.21945571899414,112.40035247802734,168.7166290283203,114.86698150634766,49.718875885009766,150.0430145263672,39.14273452758789,42.380741119384766,343.7648620605469,84.51250457763672,163.17503356933594,741.8822631835938,387.914794921875,139.07008361816406,362.4031066894531,32.2512321472168,69.62933349609375,105.69512939453125,567.8704833984375,217.7395477294922,90.99143981933594,291.0395812988281,219.93099975585938,135.7715606689453,99.16380310058594,59.84185791015625,124.17013549804688,46.67493438720703,131.76695251464844,43.092185974121094,425.82720947265625,66.66128540039062,193.42161560058594,142.6495361328125,176.05001831054688,224.99000549316406,306.17303466796875,50.764854431152344,85.87046813964844,170.13893127441406,4363.5498046875
2021-10-07,139.7609100341797,282.9756164550781,137.91265869140625,86.29305267333984,578.9600219726562,48.16490173339844,111.96609497070312,169.51513671875,114.66961669921875,49.9030876159668,150.992919921875,39.036556243896484,42.283363342285156,346.0415344238281,84.25666046142578,164.42027282714844,746.1339721679688,392.4852600097656,140.31373596191406,372.0090026855469,32.80384826660156,70.73428344726562,106.98353576660156,575.6741943359375,222.83302307128906,92.28153991699219,297.3121643066406,221.01686096191406,138.55447387695312,99.67008972167969,60.44651412963867,125.1639404296875,46.822669982910156,132.98291015625,43.599449157714844,429.1724548339844,67.09619903564453,194.76840209960938,143.36000061035156,179.6194305419922,226.47999572753906,307.7388916015625,50.90751647949219,86.48424530029297,172.30108642578125,4399.759765625
2021-10-08,139.38050842285156,282.9756164550781,138.4678955078125,88.54440307617188,576.8599853515625,48.217411041259766,113.079345703125,169.4544219970703,113.51254272460938,49.56230163574219,151.1083221435547,39.2312126159668,42.49584197998047,347.9815979003906,85.31412506103516,165.23155212402344,747.9497680664062,389.6922607421875,139.95713806152344,375.4652404785156,32.58126449584961,69.60342407226562,107.4190673828125,576.0787353515625,223.5592803955078,92.53958892822266,294.5458984375,220.46499633789062,139.12933349609375,98.79072570800781,60.22325134277344,124.64508056640625,47.031227111816406,132.6768341064453,43.730960845947266,428.2059326171875,67.09619903564453,194.1708221435547,144.85205078125,179.0780792236328,226.38999938964844,309.46234130859375,52.183143615722656,88.42375946044922,171.360595703125,4391.33984375
2021-10-11,139.29275512695312,282.3805847167969,137.60459899902344,89.38867950439453,573.0700073242188,48.08610534667969,112.45563507080078,167.83135986328125,112.06841278076172,49.22151565551758,147.9302978515625,38.735740661621094,41.85840606689453,341.2755432128906,82.96892547607422,163.6372833251953,743.8131713867188,388.57672119140625,139.3657684326172,372.2756042480469,32.28193664550781,68.99915313720703,106.04899597167969,570.8892211914062,223.30130004882812,91.84043884277344,296.8628845214844,219.4682159423828,137.12193298339844,98.5420150756836,58.62325668334961,125.1639404296875,47.1268310546875,132.85536193847656,43.69025421142578,426.1683349609375,67.2826156616211,192.0212860107422,143.47056579589844,176.99508666992188,226.4499969482422,312.3753662109375,51.6628303527832,87.67086791992188,168.23861694335938,4361.18994140625
2021-10-12,138.02474975585938,281.0849304199219,135.16282653808594,89.65132904052734,580.6900024414062,47.5171012878418,110.90809631347656,163.587158203125,110.28340911865234,48.051753997802734,146.79397583007812,38.52339172363281,41.3006477355957,342.41827392578125,83.38679504394531,165.00514221191406,740.677490234375,390.5537414550781,137.139404296875,370.66693115234375,32.12075424194336,68.70564270019531,106.44821166992188,568.1761474609375,222.45079040527344,90.36717224121094,297.593994140625,217.63462829589844,139.92318725585938,98.59529876708984,58.576744079589844,124.97923278808594,47.1268310546875,133.44207763671875,43.64328384399414,423.4864196777344,67.16722106933594,191.1650848388672,143.6678924560547,174.26986694335938,223.57000732421875,313.28515625,51.3942756652832,87.68724060058594,167.86048889160156,4350.64990234375
2021-10-13,137.4395751953125,284.3768005371094,136.28515625,90.429931640625,591.1199951171875,47.81472396850586,111.13703918457031,162.38943481445312,112.1580810546875,48.13465881347656,142.9235076904297,38.16947937011719,40.76945114135742,342.22344970703125,84.06050872802734,159.16571044921875,768.6859130859375,390.3360595703125,138.45262145996094,370.951904296875,31.790721893310547,68.15316009521484,106.15786743164062,565.857666015625,225.94837951660156,90.33389282226562,298.01702880859375,215.9702606201172,142.6148681640625,98.38213348388672,59.06975555419922,125.26946258544922,47.135520935058594,134.34344482421875,43.327030181884766,421.99859619140625,67.52227783203125,192.27996826171875,145.3020477294922,173.37059020996094,221.77999877929688,316.46954345703125,51.25160217285156,88.21098327636719,167.69566345214844,4363.7998046875
2021-10-14,140.2193603515625,290.5574035644531,139.8204803466797,89.37928771972656,607.510009765625,48.71640396118164,113.21357727050781,167.0675811767578,115.40516662597656,49.64519500732422,145.11614990234375,39.87710952758789,40.114295959472656,346.5553894042969,86.14134979248047,161.79769897460938,790.5645141601562,400.6288146972656,139.24403381347656,386.40399169921875,31.98259925842285,67.61795806884766,107.08692169189453,569.5967407226562,226.1873016357422,91.74919128417969,303.1001892089844,217.66134643554688,143.38131713867188,99.36809539794922,59.66511154174805,126.6854019165039,47.457061767578125,135.42335510253906,43.796714782714844,427.0781555175781,67.99272918701172,194.96466064453125,151.11221313476562,178.31642150878906,217.44000244140625,316.74072265625,52.03207778930664,89.04571533203125,169.10150146484375,4438.259765625
2021-10-15,141.2727508544922,291.9586181640625,140.03546142578125,89.42620086669922,610.0900268554688,48.36623764038086,114.17684173583984,168.76870727539062,116.78649139404297,50.160980224609375,147.9036407470703,41.027320861816406,42.83226776123047,359.7283935546875,87.1050033569336,165.85418701171875,803.6297607421875,402.5694885253906,140.2789306640625,393.4912414550781,31.84444236755371,67.61795806884766,107.01404571533203,574.5692749023438,227.324462890625,92.10299682617188,308.70318603515625,215.61428833007812,144.17514038085938,98.99500274658203,59.860469818115234,127.01081085205078,47.34407424926758,135.0407257080078,44.009639739990234,428.7176513671875,67.68204498291016,196.8644256591797,152.95159912109375,182.61993408203125,217.0399932861328,319.84625244140625,52.5272331237793,89.70040893554688,171.08912658691406,4471.3701171875
2021-10-18,142.94065856933594,294.9146423339844,141.4321746826172,90.53311920166016,622.8300170898438,48.313720703125,112.36876678466797,169.16795349121094,116.71472930908203,50.170204162597656,147.8503875732422,40.94768524169922,43.761871337890625,366.4787902832031,86.48247528076172,166.80699157714844,793.9304809570312,406.14251708984375,139.25274658203125,390.31988525390625,31.713966369628906,66.59931945800781,106.40379333496094,580.1334838867188,228.3756561279297,90.50237274169922,312.7557678222656,215.62313842773438,145.47080993652344,100.70044708251953,60.130226135253906,125.1815414428711,46.87480545043945,134.42849731445312,44.36346435546875,437.77740478515625,66.82105255126953,196.78411865234375,152.66738891601562,181.8491668701172,216.97999572753906,319.30377197265625,52.50205993652344,89.65948486328125,165.93104553222656,4486.4599609375
2021-10-19,145.0962371826172,295.8167419433594,141.88687133789062,91.04904174804688,636.0700073242188,48.79520034790039,112.1003189086914,172.0494842529297,118.84952545166016,50.851783752441406,149.64358520507812,41.12464141845703,44.5675163269043,365.12335205078125,86.77242279052734,167.26925659179688,798.6604614257812,409.0716247558594,142.5139617919922,390.0992736816406,32.30496597290039,68.61930847167969,108.69910430908203,584.148681640625,231.5579376220703,90.51921081542969,315.3810119628906,216.0771026611328,144.00180053710938,100.8070297241211,59.44184875488281,123.70403289794922,47.05731201171875,136.13763427734375,45.30598068237305,442.6389465332031,66.37723541259766,197.8098602294922,152.983154296875,184.5652618408203,215.97000122070312,324.6138916015625,53.290924072265625,91.41077423095703,165.96983337402344,4519.6298828125
2021-10-20,145.58387756347656,295.0297546386719,140.4326934814453,90.65506744384766,632.3699951171875,49.197879791259766,112.03714752197266,173.04759216308594,118.54456329345703,50.9991569519043,151.65872192382812,41.664363861083984,44.408145904541016,361.34063720703125,85.84285736083984,169.42958068847656,799.7943725585938,399.52252197265625,142.43572998046875,399.944091796875,32.84990310668945,69.98326110839844,112.31512451171875,597.4676513671875,232.90536499023438,91.32797241210938,315.59246826171875,213.36241149902344,144.57662963867188,101.13567352294922,59.40464782714844,124.187744140625,47.47442626953125,137.16653442382812,45.7161750793457,445.1881408691406,67.06484985351562,199.4688262939453,154.1515350341797,187.3639373779297,216.1699981689453,324.66644287109375,53.58465576171875,92.60557556152344,165.3590087890625,4536.18994140625
2021-10-21,145.7985076904297,298.24493408203125,140.548583984375,90.33612823486328,638.6599731445312,48.75141525268555,101.32295227050781,174.70533752441406,119.34291076660156,51.579429626464844,150.4691619873047,41.43431854248047,44.558650970458984,361.07489013671875,85.518798828125,167.42015075683594,800.4940795898438,403.94793701171875,142.10528564453125,406.55328369140625,32.89594650268555,70.06958770751953,113.89996337890625,600.2396850585938,230.46847534179688,91.62281799316406,321.2218933105469,214.8577117919922,147.98004150390625,101.65087127685547,60.16744613647461,123.29400634765625,47.231101989746094,135.35531616210938,45.96980285644531,452.2578125,66.87731170654297,200.2537078857422,157.4434356689453,185.48287963867188,214.33999633789062,326.4247741699219,52.611148834228516,91.4435043334961,166.1249542236328,4549.77978515625
2021-10-22,145.02792358398438,296.7092590332031,136.26979064941406,92.16537475585938,643.5800170898438,48.243682861328125,100.9676513671875,172.778564453125,118.06021881103516,45.55568313598633,152.49317932128906,42.089054107666016,44.85081481933594,367.0368347167969,86.81505584716797,176.48597717285156,810.458984375,408.5274963378906,142.38357543945312,412.87762451171875,33.12620162963867,70.05231475830078,115.42108154296875,603.7421264648438,232.9340362548828,91.94293975830078,322.4288635253906,212.22320556640625,149.16622924804688,101.74857330322266,59.68372344970703,124.62134552001953,47.31801223754883,136.027099609375,46.448883056640625,456.7687683105469,67.42203521728516,193.90321350097656,160.89324951171875,185.13226318359375,212.97000122070312,327.70196533203125,52.972023010253906,92.31095123291016,164.2633819580078,4544.89990234375
2021-10-25,144.9792022705078,295.7207946777344,136.15145874023438,91.82765197753906,646.969970703125,48.26994323730469,100.77816772460938,173.75927734375,118.33827209472656,45.50963592529297,151.7474822998047,42.03597640991211,44.81540298461914,367.4178161621094,86.90887451171875,171.98611450195312,819.1129760742188,405.6982116699219,142.69664001464844,413.1809997558594,33.1185302734375,70.4925765991211,115.29356384277344,599.5886840820312,234.17630004882812,91.40376281738281,327.07159423828125,211.24411010742188,149.84144592285156,101.89069366455078,60.70696258544922,124.63904571533203,47.1268310546875,135.38934326171875,46.98745346069336,464.4543151855469,67.10057067871094,194.0281219482422,160.96426391601562,186.5716094970703,212.8699951171875,329.21539306640625,54.00426483154297,93.17024993896484,166.77455139160156,4566.47998046875
2021-10-26,145.6424102783203,297.6211242675781,137.99539184570312,90.9740219116211,642.5,48.85647964477539,100.37550354003906,170.96458435058594,118.34722137451172,44.46882629394531,152.15582275390625,42.43411636352539,44.82426452636719,369.9513854980469,88.23921966552734,170.703125,825.1717529296875,421.3413391113281,144.14898681640625,417.9149169921875,33.4332160949707,71.00188446044922,116.7053451538086,600.170654296875,237.41587829589844,92.23778533935547,325.2568359375,210.42529296875,149.44911193847656,102.07723999023438,60.772090911865234,126.40884399414062,47.33539581298828,137.04750061035156,46.5772590637207,460.1235046386719,68.01141357421875,194.7237548828125,172.15045166015625,184.20034790039062,209.80999755859375,290.3565673828125,55.25471496582031,93.37483215332031,166.80364990234375,4574.7900390625
2021-10-27,145.1840057373047,310.1550598144531,144.83926391601562,90.0828628540039,640.0800170898438,49.18037796020508,98.8279800415039,162.38943481445312,117.68348693847656,44.109615325927734,148.9866485595703,41.6201286315918,44.31076431274414,364.0869140625,86.87474060058594,167.94847106933594,812.4962768554688,419.5093994140625,142.40093994140625,416.84869384765625,32.98037338256836,70.38898468017578,116.3227767944336,604.0677490234375,239.0691375732422,91.31951904296875,328.00543212890625,216.04147338867188,148.1351318359375,100.8248062133789,60.05580520629883,125.50629425048828,48.24786376953125,136.57130432128906,46.19524383544922,463.5162048339844,67.77924346923828,192.40484619140625,167.52439880371094,180.96182250976562,206.61000061035156,289.50799560546875,53.819637298583984,91.71353912353516,164.38943481445312,4551.68017578125
2021-10-28,148.8123779296875,311.2875671386719,144.47425842285156,90.27047729492188,639.280029296875,49.232906341552734,99.35697174072266,163.0577392578125,119.91693115234375,44.28462219238281,151.2325897216797,42.274864196777344,45.47055435180664,367.4798278808594,88.0168228149414,164.72213745117188,828.6264038085938,425.77587890625,141.62696838378906,418.6503601074219,33.14155578613281,74.7138442993164,116.3227767944336,611.7432250976562,242.10801696777344,92.38943481445312,327.3447265625,218.5069122314453,150.06039428710938,100.5494384765625,60.651153564453125,126.2584228515625,48.69975280761719,137.4301300048828,46.48331832885742,465.6138916015625,68.65438842773438,194.86654663085938,168.85853576660156,188.30618286132812,207.85000610351562,289.9017028808594,53.97068786621094,92.57286071777344,164.51547241210938,4596.419921875
2021-10-29,146.110595703125,318.2647399902344,146.65049743652344,89.99842834472656,650.3599853515625,48.99653625488281,98.77272033691406,163.72145080566406,119.3338851928711,45.13200378417969,150.81539916992188,42.274864196777344,45.293487548828125,366.1776428222656,88.25726318359375,163.93911743164062,835.6947631835938,429.9927062988281,141.6530303955078,423.27398681640625,33.571380615234375,76.00867462158203,117.3975830078125,624.5687866210938,243.45547485351562,96.60157775878906,327.4944763183594,218.55140686035156,152.6426544189453,94.21625518798828,60.92092514038086,126.53276824951172,48.98651885986328,137.41314697265625,46.78705596923828,466.5726013183594,68.03821563720703,194.9913787841797,168.51907348632812,188.232421875,207.02999877929688,290.71527099609375,54.10497283935547,93.69397735595703,163.92405700683594,4605.3798828125
2021-11-01,145.29129028320312,316.10540771484375,142.14439392089844,88.5350341796875,640.2000122070312,49.1103401184082,99.70439147949219,163.71270751953125,120.92155456542969,45.638580322265625,150.7354736328125,42.336795806884766,45.78041458129883,369.1452331542969,89.30487060546875,164.34475708007812,829.290771484375,420.03546142578125,141.77479553222656,417.427734375,33.49460983276367,75.82742309570312,117.443115234375,626.5714111328125,238.24728393554688,96.71951293945312,322.86053466796875,223.0283660888672,151.7666778564453,97.52941131591797,61.99999237060547,126.2230224609375,48.81272506713867,137.1240234375,46.90290451049805,466.8858642578125,67.82389831542969,196.0081787109375,166.490234375,189.4964599609375,214.5800018310547,289.4992980957031,55.078487396240234,93.72672271728516,165.0099639892578,4613.669921875
2021-11-02,146.32516479492188,319.7139587402344,144.06166076660156,89.93276977539062,640.4000244140625,50.440956115722656,99.62542724609375,165.34571838378906,121.29830169677734,45.92410659790039,151.33023071289062,42.36334228515625,45.417423248291016,375.4793395996094,89.87161254882812,163.36367797851562,839.5833129882812,418.2218017578125,144.00985717773438,415.52490234375,34.88383483886719,76.84606170654297,116.3227767944336,627.6566772460938,245.45274353027344,98.16848754882812,323.5740661621094,221.83566284179688,153.13534545898438,98.99500274658203,62.623268127441406,127.47959899902344,48.751888275146484,138.3825225830078,46.88099670410156,471.7457580566406,68.10964965820312,197.2836151123047,165.10086059570312,191.1018829345703,212.77000427246094,285.45770263671875,54.398712158203125,93.15387725830078,164.66091918945312,4630.64990234375
2021-11-03,147.75894165039062,320.5488586425781,145.21617126464844,90.19540405273438,655.1799926757812,50.46721649169922,100.37550354003906,165.2147216796875,124.2134780883789,46.412269592285156,151.38351440429688,42.796878814697266,46.03715896606445,370.2082824707031,88.11128234863281,162.83544921875,842.9935913085938,412.6628112792969,143.54891967773438,420.3876037597656,34.400291442871094,76.55253601074219,117.22452545166016,633.74365234375,254.4451904296875,99.04461669921875,325.05413818359375,222.86813354492188,157.396484375,100.0253677368164,63.655792236328125,128.3556365966797,48.9170036315918,139.7090301513672,47.025020599365234,476.81451416015625,69.0026626586914,198.71963500976562,167.9428253173828,187.8079833984375,213.3800048828125,289.86669921875,53.65179443359375,92.4828109741211,164.9033203125,4660.56982421875
2021-11-04,147.24205017089844,322.8905944824219,146.8699493408203,89.70762634277344,674.0800170898438,50.00324630737305,99.80630493164062,166.89141845703125,140.02719116210938,46.66083908081055,149.39501953125,41.876712799072266,44.98843765258789,361.50018310546875,85.68975830078125,162.75991821289062,845.0662841796875,419.6455078125,143.1488800048828,419.8637390136719,33.95121383666992,78.15818786621094,117.57975769042969,631.1688232421875,258.97479248046875,98.61497497558594,327.88201904296875,225.5916748046875,160.07904052734375,99.62565612792969,64.87439727783203,128.59457397460938,49.18639373779297,139.717529296875,47.369468688964844,489.42938232421875,69.02051544189453,198.44313049316406,166.34815979003906,187.8448944091797,213.02999877929688,293.4971008300781,54.05462646484375,92.89201354980469,165.0972137451172,4680.06005859375
2021-11-05,147.76947021484375,322.5259094238281,147.4489288330078,89.06974792480469,662.719970703125,49.959476470947266,102.08570861816406,168.89122009277344,146.2343292236328,47.226585388183594,149.18199157714844,41.55819320678711,44.828460693359375,360.6231384277344,85.75845336914062,166.68438720703125,846.0140380859375,417.4146423339844,142.13131713867188,418.9903259277344,37.63669204711914,70.44940185546875,113.28060913085938,608.51708984375,253.24105834960938,98.71607208251953,324.5519104003906,226.7042999267578,161.96778869628906,103.84484100341797,66.23255157470703,129.23171997070312,49.394962310791016,141.15457153320312,47.04069137573242,487.0563659667969,69.51168060302734,201.6272735595703,164.37460327148438,189.95779418945312,224.4600067138672,297.33746337890625,54.566558837890625,93.89859771728516,170.28439331054688,4697.52978515625
2021-11-08,146.94894409179688,323.4184875488281,147.62623596191406,89.24797058105469,666.02001953125,49.898197174072266,102.85376739501953,167.9830322265625,148.7637481689453,47.81088638305664,150.07858276367188,41.88555145263672,45.21062088012695,361.7393798828125,85.93018341064453,169.85411071777344,855.5449829101562,418.6571044921875,141.6443328857422,425.2502746582031,37.419898986816406,71.37307739257812,115.49394226074219,616.0841674804688,248.96942138671875,97.77255249023438,324.7193603515625,225.2712860107422,156.80337524414062,102.2904281616211,65.01395416259766,128.26715087890625,48.9517707824707,138.118896484375,46.74008560180664,478.2193603515625,69.42239379882812,201.33294677734375,165.22714233398438,197.68048095703125,222.67999267578125,298.9908752441406,55.154014587402344,94.23411560058594,171.48663330078125,4701.7001953125
2021-11-09,147.3104248046875,322.4204406738281,147.51478576660156,88.73204040527344,667.9199829101562,50.28338623046875,101.13814544677734,166.61195373535156,149.5620574951172,47.48628234863281,148.9422607421875,41.478553771972656,44.33966064453125,359.090576171875,85.62102508544922,169.67486572265625,856.32470703125,418.9471740722656,141.3312530517578,426.8405456542969,36.622413635253906,71.40760803222656,115.15692138671875,610.2732543945312,250.39324951171875,97.39346313476562,326.5342102050781,224.8707733154297,158.60089111328125,101.37553405761719,65.06063079833984,128.65650939941406,49.09081268310547,139.03724670410156,46.90290451049805,482.8704528808594,69.69922637939453,203.13462829589844,165.74819946289062,193.58384704589844,220.7899932861328,295.8329162597656,55.69111251831055,94.9297103881836,169.78021240234375,4685.25
2021-11-10,144.48745727539062,317.477783203125,144.51829528808594,88.01908874511719,647.5,50.572265625,100.61090087890625,163.3197479248047,143.33705139160156,47.07818603515625,148.80023193359375,41.78822708129883,44.75736618041992,353.571533203125,83.95516204833984,171.1182098388672,849.645751953125,411.9010314941406,142.86187744140625,422.7500915527344,37.954132080078125,72.52119445800781,116.42298126220703,618.4419555664062,252.90660095214844,98.35382843017578,324.7104797363281,225.2980194091797,153.52769470214844,101.02760314941406,64.38835906982422,129.9219512939453,49.290687561035156,139.4879608154297,46.480194091796875,479.8329772949219,70.08322143554688,201.91635131835938,167.0744171142578,190.68667602539062,218.5,295.3604431152344,54.59397506713867,93.41576385498047,169.14028930664062,4646.7099609375
2021-11-11,144.4386444091797,319.0421142578125,144.39248657226562,88.21607971191406,643.1699829101562,49.68810272216797,100.65274047851562,164.6995391845703,147.48106384277344,46.864871978759766,148.7913818359375,42.018280029296875,44.96177673339844,356.424072265625,84.90831756591797,171.03329467773438,855.3059692382812,409.46160888671875,141.80955505371094,420.44281005859375,38.85227584838867,72.5298080444336,115.90381622314453,622.9998779296875,250.97622680664062,98.25273132324219,323.8736877441406,222.65455627441406,152.3506317138672,99.41294860839844,63.697418212890625,129.55026245117188,49.308067321777344,138.3400421142578,46.49897384643555,486.1641845703125,69.64562225341797,197.9749755859375,168.3769989013672,192.40284729003906,219.3800048828125,293.8382873535156,54.69601821899414,93.42394256591797,157.17588806152344,4649.27001953125
2021-11-12,146.5094451904297,323.1593322753906,147.27655029296875,87.74705505371094,657.5999755859375,49.74062728881836,99.55640411376953,165.991943359375,147.947509765625,46.66083908081055,148.1255645751953,41.505104064941406,45.290611267089844,358.7008056640625,85.74125671386719,171.58987426757812,860.5231323242188,411.13018798828125,143.50547790527344,421.9135437011719,38.50386047363281,72.5125503540039,116.99681854248047,626.7194213867188,248.93414306640625,98.53916931152344,328.278564453125,223.1084442138672,154.28500366210938,99.66273498535156,64.23897552490234,129.69186401367188,49.19508743286133,138.3059844970703,46.267269134521484,490.9007263183594,69.68133544921875,199.21112060546875,168.29803466796875,193.08563232421875,220.9600067138672,296.6114196777344,54.2792854309082,93.4812240600586,154.77137756347656,4682.85009765625
2021-11-15,146.51918029785156,322.5355224609375,147.05270385742188,88.19733428955078,659.72998046875,50.13456344604492,99.48110961914062,165.24966430664062,151.1497039794922,46.67010498046875,147.8592529296875,41.628963470458984,45.39726638793945,358.6122131347656,86.05039978027344,172.7596435546875,844.3577880859375,416.4988098144531,142.20960998535156,414.3851318359375,38.44192123413086,72.24494934082031,117.8985366821289,623.8681030273438,247.7644805908203,98.42963409423828,326.91290283203125,225.1288604736328,154.06602478027344,99.79652404785156,64.72449493408203,130.43515014648438,49.203773498535156,139.28387451171875,46.0011100769043,493.4825439453125,69.92247009277344,199.2827911376953,166.97972106933594,191.64625549316406,233.08999633789062,298.2385559082031,54.74705505371094,95.60076141357422,153.60789489746094,4682.7998046875
2021-11-16,147.49598693847656,325.8370056152344,146.4821319580078,89.6888427734375,671.030029296875,49.898197174072266,99.13800048828125,164.629638671875,163.0795135498047,46.93907165527344,146.79397583007812,41.655513763427734,44.76625061035156,357.08837890625,86.46257781982422,170.67481994628906,840.5578002929688,426.5557861328125,141.47039794921875,413.30047607421875,38.4032096862793,72.60750579833984,119.21924591064453,632.8657836914062,247.0838165283203,98.0758285522461,345.6337585449219,224.70164489746094,156.78512573242188,100.11769104003906,64.89257049560547,130.24937438964844,48.85616683959961,138.86720275878906,44.830020904541016,499.96563720703125,69.54739379882812,198.2974395751953,167.2559814453125,189.54258728027344,225.8000030517578,297.7574157714844,55.299888610839844,95.97720336914062,153.9957275390625,4700.89990234375
2021-11-17,149.92820739746094,326.0581970214844,146.6514892578125,89.42620086669922,670.6699829101562,49.68810272216797,98.80322265625,165.5465850830078,164.6312713623047,46.58663558959961,146.00393676757812,41.15119171142578,44.29520797729492,346.8654479980469,83.87787628173828,169.43902587890625,825.1364135742188,422.1393737792969,142.00086975097656,412.6845703125,39.38650894165039,71.30401611328125,117.15166473388672,628.7418823242188,250.40097045898438,98.85929107666016,347.8538513183594,224.9063720703125,156.70297241210938,100.37639617919922,68.67407989501953,130.16970825195312,48.58678436279297,138.91822814941406,44.44488525390625,499.557373046875,69.27950286865234,197.50917053222656,164.08251953125,187.28207397460938,226.6199951171875,299.174560546875,54.69601821899414,95.54676055908203,152.54136657714844,4688.669921875
2021-11-18,154.20657348632812,328.1252746582031,148.42613220214844,88.79769134521484,670.9600219726562,46.94807815551758,97.63158416748047,168.95236206054688,167.12489318847656,46.076534271240234,144.7433624267578,40.98307800292969,44.348541259765625,346.7059631347656,83.87787628173828,166.23155212402344,817.3681640625,420.71563720703125,141.23556518554688,413.16259765625,39.80461502075195,71.69245910644531,116.25901794433594,629.0673217773438,250.54476928710938,98.62342071533203,357.5445861816406,225.6094970703125,156.34715270996094,100.71538543701172,68.25391387939453,130.18740844726562,48.15226745605469,138.96072387695312,44.8268928527832,502.4810485839844,68.21681213378906,197.69729614257812,163.7825469970703,185.8426971435547,227.25,299.2532653808594,54.100677490234375,94.7437744140625,150.84463500976562,4704.5400390625
2021-11-19,156.82440185546875,329.8945007324219,147.52268981933594,88.15042877197266,688.3699951171875,46.615421295166016,97.1210708618164,170.4281768798828,165.9408721923828,45.92813491821289,142.85247802734375,40.16908264160156,43.38869094848633,343.18023681640625,83.21666717529297,163.7127227783203,810.44140625,418.339599609375,141.6617431640625,404.45758056640625,39.33230972290039,69.6638412475586,115.5303726196289,627.508544921875,249.9408416748047,97.92417907714844,360.0465393066406,224.2477569580078,159.5680694580078,98.82416534423828,66.31178283691406,129.9219512939453,47.9089469909668,139.29238891601562,44.58578872680664,506.6765441894531,68.94015502929688,195.7176055908203,165.38504028320312,184.93850708007812,214.1300048828125,298.6934509277344,51.60017776489258,92.64112854003906,149.31272888183594,4697.9599609375
2021-11-22,157.2834930419922,326.7407531738281,144.92295837402344,88.75078582763672,673.5700073242188,47.7972297668457,97.4725570678711,168.10523986816406,162.71177673339844,46.21564865112305,145.89736938476562,40.94768524169922,44.73958969116211,350.9492492675781,85.28614044189453,161.22222900390625,814.321044921875,415.45587158203125,139.79713439941406,402.1962890625,39.64201354980469,70.47529602050781,114.09123992919922,625.4467163085938,249.6915283203125,97.42716979980469,360.1346435546875,225.6094970703125,158.98410034179688,99.421875,65.24737548828125,130.78915405273438,48.20440673828125,139.5814666748047,45.33415222167969,512.2389526367188,69.26164245605469,195.4041290283203,167.2969512939453,186.7284698486328,209.89999389648438,301.79034423828125,52.31460952758789,94.2967529296875,149.46786499023438,4682.93994140625
2021-11-23,157.66441345214844,324.6736145019531,144.40786743164062,87.18421173095703,665.1599731445312,48.410011291503906,97.7403793334961,168.2275390625,162.2991485595703,45.538597106933594,149.38613891601562,42.027130126953125,45.68165969848633,359.96759033203125,87.46725463867188,161.17506408691406,828.58203125,415.6463623046875,140.66380310058594,411.0115966796875,39.549102783203125,71.47666931152344,113.38079833984375,624.262939453125,251.14881896972656,100.1482162475586,359.7646179199219,227.54087829589844,157.0771026611328,101.32197570800781,66.2464370727539,132.24044799804688,48.56069564819336,140.516845703125,45.65666961669922,517.56396484375,69.59204864501953,193.48716735839844,168.0347442626953,189.45033264160156,209.1300048828125,301.9651794433594,53.69242858886719,96.27525329589844,146.43312072753906,4690.7001953125
2021-11-24,158.18212890625,324.8947448730469,144.74264526367188,87.78457641601562,668.3200073242188,48.620113372802734,97.69017791748047,169.06588745117188,162.0928192138672,46.15072250366211,148.21434020996094,42.14213943481445,45.6016731262207,353.6335144042969,86.83177947998047,161.89202880859375,824.4100341796875,421.0602722167969,140.26988220214844,413.79681396484375,39.40199279785156,71.02777099609375,113.91818237304688,624.49951171875,251.18716430664062,99.96288299560547,363.0594177246094,228.84036254882812,156.9676055908203,101.6698989868164,66.74130249023438,131.5501708984375,48.169654846191406,139.2328338623047,45.88525390625,521.8070678710938,69.44023132324219,190.09213256835938,165.38504028320312,191.0557861328125,210.60000610351562,300.5654602050781,53.990108489990234,97.0119857788086,146.73367309570312,4701.4599609375
2021-11-26,153.1711883544922,316.9817199707031,140.84278869628906,86.61198425292969,662.0999755859375,47.85850524902344,96.92021942138672,164.40260314941406,157.63490295410156,45.24180221557617,143.7490692138672,40.48760223388672,43.04207992553711,344.95196533203125,84.09256744384766,147.93955993652344,798.6515502929688,412.88482666015625,139.3594970703125,404.374755859375,41.809940338134766,68.33445739746094,114.65596008300781,630.1624145507812,249.6244659423828,98.15166473388672,354.76953125,222.5210418701172,153.3087158203125,98.71712493896484,64.76185607910156,130.4971160888672,46.692317962646484,137.02200317382812,45.371734619140625,518.3897705078125,68.81511688232422,186.50900268554688,162.8701934814453,183.36073303222656,199.2100067138672,299.81317138671875,52.093482971191406,94.7934341430664,143.6020050048828,4594.6201171875
2021-11-29,156.52157592773438,323.66412353515625,144.15872192382812,87.18421173095703,687.489990234375,48.81270217895508,99.17147064208984,169.7470245361328,164.81069946289062,46.37331771850586,143.127685546875,40.337196350097656,43.69087219238281,342.42724609375,83.49147033691406,148.920654296875,822.0007934570312,422.33203125,139.84095764160156,415.48822021484375,40.571128845214844,64.64839935302734,116.6142578125,640.0576782226562,244.31304931640625,98.47175598144531,358.3991394042969,222.7791748046875,154.99671936035156,98.77957153320312,65.98499298095703,131.86875915527344,47.43098831176758,139.5729522705078,44.66093444824219,526.6954345703125,69.39556884765625,186.01637268066406,162.34658813476562,180.76805114746094,198.5,298.5097351074219,52.38264846801758,95.07488250732422,143.31114196777344,4655.27001953125
2021-11-30,161.46417236328125,317.856689453125,140.5599822998047,85.12045288085938,669.8499755859375,48.00732421875,97.99981689453125,167.9917449951172,161.95828247070312,45.631351470947266,140.99713134765625,39.346229553222656,42.464385986328125,337.51055908203125,81.4219970703125,143.675537109375,801.2824096679688,413.97479248046875,136.49700927734375,408.336669921875,41.60089111328125,64.66567993164062,114.5557632446289,624.331787109375,237.8032989501953,97.11547088623047,352.9282531738281,218.9127655029297,154.42190551757812,97.80721282958984,64.7991943359375,127.93975067138672,45.93344497680664,135.86549377441406,44.03467559814453,511.98260498046875,66.99339294433594,181.1613006591797,157.3724365234375,178.39678955078125,197.85000610351562,294.00250244140625,50.894256591796875,93.4358139038086,140.4897003173828,4567.0
2021-12-01,160.94644165039062,317.3663024902344,139.7219696044922,84.19176483154297,657.4099731445312,48.17364501953125,97.84916687011719,167.45904541015625,158.1317138671875,45.07486343383789,140.1626739501953,38.788818359375,41.95779800415039,335.27532958984375,81.7998275756836,141.56239318847656,797.4912109375,407.9159851074219,138.3790740966797,408.4469299316406,42.336421966552734,64.25994110107422,115.43927764892578,617.741455078125,238.84832763671875,97.64618682861328,354.2198181152344,218.53689575195312,152.10426330566406,96.93299102783203,63.50135040283203,129.55026245117188,45.80207061767578,136.1886444091797,42.94187927246094,502.92718505859375,67.32380676269531,178.6352081298828,154.02456665039062,176.66221618652344,188.19000244140625,289.6805419921875,50.851741790771484,92.79839324951172,137.82339477539062,4513.0400390625
2021-12-02,159.9598846435547,316.79901123046875,141.61839294433594,84.41691589355469,671.8800048828125,49.15410614013672,97.83243560791016,169.04844665527344,159.39224243164062,45.909584045410156,143.10997009277344,39.90901184082031,43.468685150146484,345.1247863769531,84.89114379882812,147.8923797607422,813.8959350585938,418.73480224609375,137.51243591308594,409.9912414550781,41.066654205322266,63.785133361816406,116.93305206298828,619.1524658203125,237.64990234375,98.45491790771484,360.7218017578125,222.6717529296875,155.11534118652344,99.39509582519531,65.59285736083984,130.31130981445312,46.476417541503906,137.50271606445312,42.41897201538086,498.81719970703125,67.40418243408203,182.73779296875,158.58619689941406,181.57077026367188,202.3800048828125,291.5416259765625,52.118988037109375,95.31497192382812,142.71969604492188,4577.10009765625
2021-12-03,158.08448791503906,310.5686950683594,140.66299438476562,82.77527618408203,616.530029296875,49.22413635253906,99.45599365234375,168.8737335205078,158.92404174804688,45.67771911621094,140.5177764892578,39.00218963623047,42.4377326965332,340.84130859375,84.33300018310547,147.1094207763672,796.8181762695312,414.056640625,139.51705932617188,414.3717956542969,42.01898956298828,63.31035614013672,118.6545639038086,627.56787109375,235.44485473632812,100.1229248046875,360.7571716308594,223.14608764648438,155.613525390625,99.23452758789062,66.00367736816406,132.62974548339844,46.88801574707031,141.0040740966797,43.0577392578125,502.06341552734375,68.55615234375,182.28994750976562,159.24468994140625,182.50265502929688,198.49000549316406,294.43475341796875,51.78729248046875,94.71067810058594,141.76951599121094,4538.43017578125
2021-12-06,161.4837188720703,313.62615966796875,141.80560302734375,83.43194580078125,622.0399780273438,49.86318588256836,100.35147094726562,169.9478759765625,157.96966552734375,47.291507720947266,142.17784118652344,39.251121520996094,43.37979507446289,346.6921691894531,85.24323272705078,151.5809783935547,797.9393920898438,414.7015686035156,142.63340759277344,424.3225402832031,39.858802795410156,63.37943649291992,120.65838623046875,613.8939208984375,236.1638641357422,102.22901153564453,367.73681640625,228.92767333984375,154.39779663085938,101.125732421875,67.82440948486328,134.6385040283203,48.087806701660156,142.4679718017578,43.5242919921875,506.1165466308594,70.17250061035156,184.7533416748047,160.2998046875,185.7135467529297,205.8800048828125,299.8592529296875,52.3741455078125,96.19245147705078,145.79322814941406,4591.669921875
2021-12-07,167.2076873779297,322.01983642578125,145.88131713867188,84.47318267822266,649.9600219726562,50.8436393737793,101.74909210205078,173.80776977539062,165.41571044921875,48.75689697265625,144.31724548339844,39.74897766113281,44.65959930419922,356.3190612792969,88.0168228149414,157.4958953857422,819.4918823242188,427.3553161621094,143.00106811523438,428.5832214355469,40.04462814331055,62.39531707763672,120.61282348632812,620.2672729492188,234.9942169189453,102.36380004882812,368.1614685058594,232.61495971679688,156.57330322265625,103.71273803710938,69.20628356933594,134.2845458984375,48.35053253173828,142.30532836914062,43.383399963378906,514.4884033203125,69.4848861694336,185.55953979492188,162.94158935546875,188.67530822753906,208.8300018310547,299.1624755859375,52.96099090576172,97.61629486083984,146.21981811523438,4686.75
2021-12-08,171.01722717285156,322.06793212890625,146.78968811035156,83.43194580078125,653.0999755859375,49.915706634521484,102.9542007446289,171.50230407714844,164.434326171875,47.996376037597656,142.66607666015625,39.260013580322266,43.913055419921875,353.8344421386719,86.94345092773438,159.36378479003906,822.10791015625,429.6625671386719,143.85891723632812,432.3919677734375,39.79686737060547,63.198143005371094,120.56727600097656,629.5805053710938,234.23683166503906,102.66709899902344,363.8002624511719,232.3196563720703,155.62266540527344,103.70384216308594,69.41168975830078,134.88624572753906,48.166622161865234,142.5535430908203,42.945011138916016,503.18341064453125,69.44023132324219,183.320068359375,162.41006469726562,188.3984832763672,211.02999877929688,300.84710693359375,53.114078521728516,98.0550537109375,148.67283630371094,4701.2099609375
2021-12-09,170.50929260253906,320.2700500488281,146.24685668945312,83.27244567871094,632.5700073242188,50.37967300415039,103.41448974609375,168.89122009277344,164.10116577148438,46.81850051879883,142.44415283203125,39.55339813232422,44.16190719604492,353.0952453613281,86.36811828613281,158.50534057617188,817.8543701171875,424.81182861328125,145.22450256347656,436.50506591796875,40.323360443115234,62.89600372314453,120.71302032470703,628.514892578125,232.8754119873047,104.58783721923828,363.8798828125,234.789794921875,153.65733337402344,102.90096282958984,69.1129150390625,135.67384338378906,48.04401397705078,142.37379455566406,43.542354583740234,497.69720458984375,69.65454864501953,184.52938842773438,163.8539276123047,188.34312438964844,207.55999755859375,303.0699157714844,53.25016784667969,97.79842376708984,148.2849884033203,4667.4501953125
2021-12-10,175.28578186035156,329.34649658203125,146.6064453125,96.27408599853516,654.4500122070312,51.86786651611328,103.84965515136719,171.1617431640625,165.55975341796875,46.9205207824707,141.87596130371094,39.58006286621094,44.61516189575195,348.25958251953125,84.52189636230469,157.57138061523438,823.2648315429688,430.2711486816406,144.8656005859375,441.0331726074219,40.86534118652344,62.6888313293457,122.38896179199219,633.8820190429688,234.0642547607422,105.69983673095703,367.471435546875,237.14364624023438,154.534912109375,104.13204956054688,69.77584838867188,137.56752014160156,49.2875862121582,144.6509552001953,44.337738037109375,530.4351196289062,70.96728515625,187.94232177734375,165.8927764892578,187.72496032714844,205.05999755859375,304.19891357421875,53.590370178222656,97.9639892578125,148.06199645996094,4712.02001953125
2021-12-13,171.661865234375,326.3274230957031,144.45196533203125,94.64187622070312,658.2999877929688,51.3076057434082,102.58595275878906,168.75148010253906,165.05557250976562,46.37331771850586,140.18931579589844,38.7443733215332,43.15761947631836,342.5422058105469,83.43993377685547,154.05264282226562,816.5908203125,434.98565673828125,147.4567108154297,440.9502258300781,42.739051818847656,63.37943649291992,123.83721160888672,637.3348999023438,238.2730255126953,106.57596588134766,358.48370361328125,235.4610595703125,152.50563049316406,103.08828735351562,68.28192138671875,139.523193359375,50.583709716796875,145.37005615234375,45.13628005981445,528.9164428710938,72.4585952758789,187.42274475097656,163.6714630126953,185.6858367919922,197.39999389648438,304.7898254394531,52.41666793823242,95.92755889892578,145.8513641357422,4668.97021484375
2021-12-14,170.2846221923828,315.69329833984375,142.55052185058594,93.70380401611328,614.8599853515625,50.572265625,103.573486328125,166.15786743164062,163.84909057617188,46.09508514404297,141.2634735107422,39.233341217041016,43.45090866088867,346.26470947265625,84.8568115234375,153.62808227539062,802.9935913085938,427.2463684082031,149.0673828125,442.1675109863281,43.00230407714844,64.24212646484375,121.08646392822266,623.87255859375,239.08798217773438,107.23306274414062,355.79443359375,234.95091247558594,151.18936157226562,102.33004760742188,68.1045150756836,140.0364227294922,50.618736267089844,145.01051330566406,45.56698226928711,517.639892578125,73.3426742553711,185.1385040283203,161.6326141357422,186.04568481445312,195.5,304.8692626953125,52.340126037597656,96.20901489257812,144.5618896484375,4634.08984375
2021-12-15,175.13929748535156,321.7603759765625,145.06063842773438,97.23095703125,630.3300170898438,52.463138580322266,103.0295181274414,168.9261474609375,170.4217529296875,46.99472427368164,140.20704650878906,39.064422607421875,43.495330810546875,347.23541259765625,85.38060760498047,153.05264282226562,814.1436767578125,435.08563232421875,149.81146240234375,455.9269714355469,45.52638244628906,65.61029815673828,123.47286224365234,647.194580078125,263.9190979003906,109.70980072021484,360.7571716308594,236.7409210205078,149.81820678710938,102.30329132080078,68.216552734375,140.5762176513672,50.846435546875,146.87673950195312,45.82791519165039,536.7568969726562,73.90526580810547,187.89749145507812,163.24305725097656,186.8852996826172,195.42999267578125,303.7930908203125,52.1104850769043,95.66265869140625,145.82228088378906,4709.85009765625
2021-12-16,168.2626495361328,312.3858337402344,143.08346557617188,96.82756805419922,566.0900268554688,52.795806884765625,105.38954162597656,164.38514709472656,160.40061950683594,47.14311218261719,142.39976501464844,40.00680160522461,44.704036712646484,353.87896728515625,86.12767791748047,153.76962280273438,820.0523681640625,433.1416320800781,151.44837951660156,454.5252380371094,47.423301696777344,66.15059661865234,123.95557403564453,652.6328125,267.52392578125,111.01556396484375,353.43243408203125,237.66270446777344,148.73960876464844,101.33090209960938,68.59938049316406,142.56724548339844,51.36313247680664,147.0907745361328,45.0639762878418,524.5596313476562,74.96794891357422,187.76316833496094,164.9884033203125,190.22535705566406,190.7899932861328,304.16363525390625,52.19553756713867,96.55669403076172,144.22251892089844,4668.669921875
2021-12-17,167.16859436035156,311.3282165527344,140.3890838623047,90.63632202148438,556.6400146484375,52.9271125793457,106.61978912353516,162.69094848632812,159.18515014648438,46.94834518432617,139.15953063964844,39.011070251464844,42.61548614501953,340.0130310058594,83.40558624267578,150.9489288330078,812.951416015625,424.7936096191406,147.26412963867188,449.231689453125,46.05287170410156,65.95886993408203,124.88463592529297,642.5855712890625,256.3835144042969,109.12008666992188,343.21514892578125,234.21702575683594,147.4964599609375,96.90621185302734,69.1129150390625,139.3373565673828,50.557430267333984,144.07737731933594,43.62095260620117,519.79443359375,73.65523529052734,183.78591918945312,163.89358520507812,185.79656982421875,192.6300048828125,303.5462646484375,51.05585861206055,94.04012298583984,144.23220825195312,4620.64013671875
2021-12-20,165.81088256835938,307.58807373046875,140.272216796875,85.96472930908203,549.77001953125,52.839576721191406,106.33522033691406,160.8920440673828,159.06809997558594,46.0023193359375,136.65618896484375,38.370967864990234,41.637855529785156,330.93829345703125,81.894287109375,147.06224060058594,798.4642944335938,418.1625061035156,146.84396362304688,446.10546875,47.24523162841797,66.58631896972656,122.94456481933594,640.8583374023438,252.6060791015625,110.24053955078125,344.4713134765625,234.243896484375,143.4927520751953,96.42448425292969,67.67501068115234,139.69131469726562,50.39104080200195,145.03619384765625,43.762420654296875,520.6962890625,73.69093322753906,179.0203857421875,160.5933380126953,180.34364318847656,188.47999572753906,297.6188659667969,50.315921783447266,94.08152770996094,142.01190185546875,4568.02001953125
2021-12-21,168.97569274902344,314.6838073730469,142.12013244628906,85.84276580810547,557.52001953125,53.42609405517578,107.93368530273438,162.75210571289062,161.68820190429688,47.08747100830078,138.56478881835938,39.286678314208984,42.49105453491211,338.6950378417969,83.95516204833984,151.79794311523438,810.548583984375,427.382568359375,146.37123107910156,449.3146667480469,45.642520904541016,65.82817077636719,123.20869445800781,636.9302368164062,253.9483184814453,109.47392272949219,345.4178771972656,236.62457275390625,152.3136444091797,98.45841979980469,69.20628356933594,139.60281372070312,50.59246826171875,144.60813903808594,43.894466400146484,517.7254638671875,73.30694580078125,180.6506805419922,164.2981719970703,182.97320556640625,199.52000427246094,300.5736999511719,51.455596923828125,95.5881576538086,146.4525146484375,4649.22998046875
2021-12-22,171.5642547607422,320.3661193847656,145.03489685058594,84.29498291015625,563.97998046875,53.863800048828125,108.58646392822266,163.24114990234375,163.308837890625,47.27296447753906,139.1063232421875,39.36669158935547,42.686580657958984,340.4849853515625,84.41028594970703,153.26959228515625,811.1449584960938,429.8987731933594,147.00149536132812,455.69647216796875,46.10707092285156,66.36844635009766,126.59701538085938,643.2073974609375,255.50146484375,111.24302673339844,349.9913330078125,237.11676025390625,151.2259063720703,99.68057250976562,69.09424591064453,140.98329162597656,50.95153045654297,145.50704956054688,43.9510498046875,521.7498168945312,73.63736724853516,180.802978515625,165.3612518310547,186.51622009277344,201.69000244140625,302.6641540527344,51.87234115600586,96.1344985961914,147.25726318359375,4696.56005859375
2021-12-23,172.18936157226562,321.798828125,145.53167724609375,84.16361236572266,569.6199951171875,54.520355224609375,109.32294464111328,163.65158081054688,164.5333709716797,47.58829879760742,139.60340881347656,39.49115753173828,42.97986602783203,342.8984375,85.30333709716797,154.8922119140625,813.2628173828125,430.33477783203125,147.28163146972656,456.8492126464844,45.45669174194336,65.99373626708984,126.75189208984375,642.2203369140625,261.8290710449219,112.11915588378906,351.2563781738281,238.0206756591797,151.43617248535156,100.2425765991211,68.86080932617188,141.67352294921875,50.98655319213867,145.34434509277344,43.853580474853516,522.4143676757812,73.93207550048828,183.83070373535156,168.33624267578125,190.2530517578125,204.22000122070312,306.0864562988281,51.89786148071289,96.36629486083984,148.9539794921875,4725.7900390625
2021-12-27,176.14537048339844,329.2599792480469,146.5123291015625,83.99476623535156,577.6799926757812,55.51831817626953,110.15144348144531,167.52891540527344,167.7656707763672,48.172607421875,140.40240478515625,39.68675231933594,43.34425354003906,345.570068359375,86.21355438232422,155.0808868408203,820.9601440429688,434.2953796386719,148.52464294433594,460.6487731933594,45.836082458496094,66.72575378417969,128.84677124023438,653.580322265625,266.9198303222656,113.23118591308594,357.4664306640625,240.07017517089844,153.1820831298828,101.89291381835938,69.36502838134766,143.32826232910156,51.36313247680664,146.7911376953125,44.25286102294922,534.8489379882812,74.93223571777344,184.91456604003906,170.65272521972656,190.41909790039062,203.1699981689453,308.9619445800781,52.63779830932617,98.33650970458984,148.1492462158203,4791.18994140625
2021-12-28,175.12950134277344,328.1061096191406,145.3043212890625,83.15986633300781,569.3599853515625,55.6146125793457,110.99668884277344,166.88267517089844,166.40611267089844,48.00565719604492,140.82850646972656,39.74009323120117,43.0331916809082,345.18719482421875,85.84431457519531,155.0997314453125,820.2926025390625,431.57012939453125,149.1199188232422,463.8211975097656,44.91470718383789,66.93487548828125,127.94503784179688,646.83935546875,265.0216064453125,113.21430969238281,359.3506164550781,239.7480010986328,152.1217041015625,103.09721374511719,69.81317901611328,144.09814453125,51.564552307128906,147.5530548095703,44.88792037963867,535.9594116210938,75.42338562011719,185.469970703125,170.3115997314453,190.64056396484375,206.1300048828125,312.02264404296875,52.46769332885742,98.1460952758789,150.4761962890625,4786.35009765625
2021-12-29,175.2174530029297,328.7790832519531,145.27264404296875,82.74713897705078,569.2899780273438,55.991031646728516,111.5992660522461,166.6294403076172,167.6486053466797,48.07059097290039,140.75746154785156,39.677860260009766,43.05985641479492,343.9314880371094,84.77951049804688,154.5526123046875,809.5253295898438,431.070556640625,150.17037963867188,466.255859375,44.581787109375,67.05686950683594,128.600830078125,654.0936889648438,266.9295349121094,114.03145599365234,363.4375305175781,240.29396057128906,154.27894592285156,103.81982421875,70.45745086669922,145.29278564453125,51.62586212158203,148.07528686523438,44.86589813232422,538.9305419921875,75.82524108886719,185.89988708496094,170.2481689453125,191.2956085205078,203.66000366210938,312.4812927246094,52.008426666259766,97.6411361694336,150.15625,4793.06005859375
2021-12-30,174.0648193359375,326.2504577636719,144.8223876953125,82.55953216552734,570.530029296875,55.69340515136719,112.06793975830078,165.40684509277344,164.52435302734375,47.98711395263672,140.68641662597656,39.588951110839844,42.7487907409668,343.325927734375,84.83963775634766,154.86392211914062,813.1204833984375,427.3734436035156,150.83563232421875,465.1953430175781,45.216670989990234,67.22245025634766,128.4277801513672,656.7781372070312,265.8077392578125,114.51165008544922,362.64141845703125,239.14834594726562,153.09979248046875,103.69490051269531,70.5228042602539,144.0362091064453,51.47697830200195,147.8184356689453,45.01051712036133,535.2664794921875,75.53948211669922,185.52366638183594,169.6927947998047,190.14231872558594,202.7100067138672,311.8726501464844,51.70224380493164,97.21066284179688,151.18397521972656,4778.72998046875
2021-12-31,173.44940185546875,323.365966796875,143.48663330078125,81.80906677246094,567.0599975585938,55.474544525146484,111.85869598388672,164.58596801757812,164.650390625,47.764522552490234,140.571044921875,39.55339813232422,42.64213943481445,340.68096923828125,84.29006958007812,154.33563232421875,814.7222290039062,428.69061279296875,149.75018310546875,463.0833740234375,45.71993637084961,66.78673553466797,128.1909637451172,658.5448608398438,264.8202819824219,114.06515502929688,367.12640380859375,239.9180145263672,152.35025024414062,104.34613800048828,70.88694763183594,144.7530059814453,51.853553771972656,148.70875549316406,45.4883918762207,538.864013671875,76.20923614501953,186.77780151367188,170.04188537597656,190.7512969970703,201.32000732421875,313.4867858886719,52.04244613647461,97.14443969726562,150.17562866210938,4766.18017578125
2022-01-03,177.78640747070312,321.8564758300781,143.6248016357422,82.45635223388672,564.3699951171875,55.290706634521484,113.85050201416016,166.44606018066406,167.6576385498047,49.35047912597656,143.54490661621094,41.05586242675781,45.086204528808594,352.0622253417969,86.03321838378906,158.6845703125,811.31396484375,418.8529052734375,150.16156005859375,463.2125244140625,43.86172103881836,66.9871597290039,126.642578125,636.5155029296875,260.51556396484375,114.08203125,361.49139404296875,240.37445068359375,150.52207946777344,104.08741760253906,70.54147338867188,144.15122985839844,51.932373046875,148.0838165283203,45.4758186340332,537.9244384765625,75.53948211669922,185.24600219726562,169.37550354003906,190.99114990234375,207.86000061035156,312.5606384277344,54.041133880615234,98.72557830810547,151.9886932373047,4796.56005859375
2022-01-04,175.52996826171875,316.3375244140625,143.03839111328125,83.33811950683594,554.0,53.93463897705078,115.5075454711914,166.62071228027344,168.5760040283203,49.285560607910156,148.9866485595703,42.66503143310547,46.881465911865234,362.88238525390625,89.52813720703125,163.77879333496094,816.1992797851562,417.69012451171875,149.75892639160156,452.7176818847656,42.22029113769531,67.10917663574219,123.6641616821289,609.9464111328125,255.79861450195312,113.86299133300781,365.206787109375,240.31187438964844,152.09426879882812,101.91075897216797,71.63391876220703,144.6556396484375,52.799373626708984,148.2978057861328,44.6426887512207,535.5703735351562,75.78952026367188,187.2167510986328,172.38221740722656,201.21424865722656,213.6300048828125,319.2906494140625,56.0738525390625,100.52194213867188,150.9900665283203,4793.5400390625
2022-01-05,170.8609161376953,304.194091796875,136.47633361816406,81.10553741455078,514.4299926757812,53.08049011230469,115.6749038696289,163.14511108398438,167.91873168945312,49.96260452270508,146.26287841796875,41.94491195678711,46.472652435302734,355.0010986328125,87.31268310546875,162.0334930419922,793.5521850585938,414.0021057128906,150.75685119628906,451.6018371582031,43.07197570800781,68.73873901367188,123.1084976196289,610.4596557617188,249.892822265625,114.46109008789062,360.2528991699219,239.1304931640625,148.3099822998047,98.52088165283203,70.15867614746094,145.3104705810547,53.23725891113281,148.8029327392578,45.246315002441406,521.9873046875,76.10206604003906,189.06202697753906,170.21640014648438,202.75514221191406,213.07000732421875,315.894775390625,56.77124786376953,101.1759033203125,150.46652221679688,4700.580078125
2022-01-06,168.00865173339844,301.7903747558594,136.4490966796875,81.2938232421875,514.1199951171875,53.64405059814453,113.26466369628906,163.0926971435547,167.4235076904297,50.09246063232422,147.81675720214844,42.78948974609375,47.663570404052734,353.4870910644531,88.80680847167969,163.51834106445312,796.8626098632812,410.5503234863281,150.24038696289062,433.1204528808594,42.46031188964844,68.69517517089844,123.09028625488281,612.3153076171875,248.62728881835938,113.92195892333984,358.9436340332031,241.367919921875,147.2039337158203,99.14531707763672,70.466796875,144.08924865722656,52.957008361816406,148.837158203125,45.12057113647461,521.873291015625,75.60198211669922,188.84701538085938,171.86651611328125,204.82188415527344,211.33999633789062,315.7713317871094,58.10655212402344,102.03684997558594,152.12445068359375,4696.0498046875
2022-01-07,168.17469787597656,301.944091796875,135.7254638671875,82.39544677734375,510.70001220703125,53.82897186279297,112.83788299560547,156.70030212402344,162.43548583984375,49.56380844116211,149.2813720703125,43.722999572753906,48.67674255371094,354.003662109375,89.34778594970703,164.9180450439453,793.997314453125,405.8177490234375,152.27125549316406,422.92999267578125,43.141666412353516,69.97618865966797,123.47286224365234,599.1589965820312,248.7903289794922,113.62710571289062,348.1955261230469,239.0141143798828,143.48361206054688,95.96060943603516,69.44904327392578,144.00967407226562,52.83440399169922,149.0255126953125,45.55126953125,508.9451599121094,75.40552520751953,193.26321411132812,173.07240295410156,206.85174560546875,215.5,317.65887451171875,58.58283233642578,103.5020751953125,153.02615356445312,4677.02978515625
2022-01-10,168.19430541992188,302.1653137207031,137.3623809814453,84.06200408935547,525.8300170898438,54.436553955078125,113.0052261352539,159.7742462158203,161.77822875976562,51.205413818359375,149.4242401123047,43.500736236572266,49.19221878051758,355.4819030761719,89.41651916503906,164.31277465820312,777.1522827148438,395.49853515625,151.5184326171875,428.8321533203125,43.54427719116211,71.78004455566406,123.19959259033203,616.8945922851562,249.37513732910156,114.89917755126953,342.7550964355469,236.64242553710938,137.51467895507812,94.5868148803711,67.68436431884766,142.045166015625,52.92198181152344,149.1025390625,45.46324157714844,492.4479675292969,74.75361633300781,191.2118682861328,167.97128295898438,204.4989471435547,209.30999755859375,320.4020080566406,58.234127044677734,103.56831359863281,151.83360290527344,4670.2900390625
2022-01-11,171.01722717285156,302.84796142578125,138.41885375976562,83.30875396728516,529.8900146484375,54.920867919921875,111.19755554199219,161.24131774902344,166.9283447265625,51.85464096069336,149.57606506347656,43.749664306640625,49.8232307434082,358.937255859375,90.95356750488281,165.86373901367188,790.3666381835938,400.6127014160156,149.90774536132812,432.52105712890625,43.8926887512207,71.17003631591797,123.60037231445312,612.4140014648438,251.4939422607422,115.3877944946289,342.0563049316406,234.59292602539062,137.38668823242188,92.81158447265625,69.29031372070312,140.3992462158203,52.93949890136719,149.03407287597656,45.33434295654297,495.5138854980469,74.27140045166016,193.76483154296875,167.6063690185547,202.9396514892578,216.02000427246094,321.18707275390625,60.68357467651367,105.93586730957031,153.08432006835938,4713.06982421875
2022-01-12,171.45680236816406,306.0112609863281,140.0973663330078,83.14869689941406,532.3699951171875,54.70073699951172,111.80013275146484,162.45516967773438,167.84669494628906,51.69697570800781,150.4244842529297,43.43850326538086,50.12540054321289,347.5916442871094,88.4891128540039,165.00314331054688,787.6259155273438,406.8077392578125,148.6297149658203,436.8739318847656,43.86172103881836,70.7604751586914,121.79692840576172,617.0526733398438,245.3580780029297,115.6573715209961,344.4713134765625,233.51895141601562,139.13259887695312,92.65994262695312,68.54336547851562,140.7089385986328,53.018314361572266,148.87139892578125,45.095401763916016,499.0924377441406,74.00350952148438,195.50262451171875,167.56671142578125,205.2001953125,217.4499969482422,318.6820068359375,60.50497817993164,105.40606689453125,152.99705505371094,4726.35009765625
2022-01-13,168.19430541992188,293.0600280761719,137.2806854248047,82.65908813476562,516.9000244140625,54.15478515625,112.77928161621094,160.8134307861328,165.5687713623047,50.95500183105469,150.2369384765625,43.34960174560547,49.7699089050293,348.0280456542969,88.05976867675781,163.88719177246094,772.026611328125,396.2978820800781,147.72808837890625,431.0731201171875,43.00230407714844,70.86504364013672,118.50635528564453,593.0594482421875,239.36602783203125,113.64859771728516,342.3304443359375,233.95745849609375,136.7377166748047,91.34857940673828,67.79639434814453,140.07183837890625,53.33358383178711,149.11109924316406,45.73361587524414,490.62554931640625,73.70880126953125,196.55966186523438,166.9717254638672,209.4444122314453,223.89999389648438,322.10430908203125,60.07122802734375,104.96733093261719,150.7089080810547,4659.02978515625
2022-01-14,169.05381774902344,298.2520751953125,138.16575622558594,82.56493377685547,520.5999755859375,54.031494140625,112.31900787353516,163.3109588623047,169.89053344726562,51.659881591796875,141.0028076171875,42.593910217285156,51.60073471069336,339.2471618652344,84.90831756591797,159.26251220703125,755.136962890625,392.74615478515625,146.9227294921875,432.2351989746094,42.54548645019531,70.91732788085938,117.14442443847656,587.0487670898438,234.04507446289062,115.64884185791016,329.0788879394531,230.6460418701172,135.4488525390625,89.31463623046875,66.46119689941406,141.41685485839844,53.76270294189453,150.36097717285156,45.604713439941406,477.4410705566406,74.52146911621094,194.96517944335938,163.8539276123047,211.23439025878906,225.9600067138672,328.6667785644531,61.125858306884766,106.75541687011719,147.31541442871094,4662.85009765625
2022-01-18,165.85972595214844,290.992919921875,134.71609497070312,80.55000305175781,513.3400268554688,52.59618377685547,111.25615692138672,159.18040466308594,161.03988647460938,50.78805923461914,135.09088134765625,41.12700271606445,50.38312911987305,315.6118469238281,80.72645568847656,157.15350341796875,740.3651733398438,385.2882995605469,146.27496337890625,425.13409423828125,41.89511489868164,71.05677795410156,115.69107055664062,582.4100341796875,236.87332153320312,116.4234390258789,324.4081726074219,229.54522705078125,134.32447814941406,87.1825942993164,64.34168243408203,138.6913604736328,53.33358383178711,148.92282104492188,44.806175231933594,463.2789001464844,74.22675323486328,191.3282928466797,163.10023498535156,212.0924835205078,225.00999450683594,332.1243896484375,62.154964447021484,107.10308074951172,147.63539123535156,4577.10986328125
2022-01-19,162.37255859375,291.64666748046875,133.84291076660156,78.5068359375,516.5800170898438,51.86531066894531,110.11797332763672,155.70480346679688,155.2865447998047,49.73074722290039,133.0011444091797,41.28703308105469,49.38774108886719,309.3067626953125,82.20342254638672,152.63287353515625,734.5812377929688,384.19830322265625,145.81976318359375,426.5450439453125,41.45378112792969,70.83892059326172,115.21577453613281,585.6375122070312,234.93667602539062,115.08709716796875,318.18927001953125,228.41754150390625,132.6426239013672,86.41539764404297,63.96818161010742,143.3548126220703,53.42115783691406,149.99285888671875,45.25260543823242,465.2626953125,75.06617736816406,188.7664031982422,161.6484375,205.50979614257812,217.0800018310547,332.8211975097656,62.18047332763672,106.7140121459961,145.5411376953125,4532.759765625
2022-01-20,160.6924591064453,289.98333740234375,132.0509490966797,77.8853988647461,510.8500061035156,51.14323806762695,109.48194885253906,151.46937561035156,149.911376953125,48.265350341796875,131.8670196533203,40.67359161376953,48.88114547729492,310.00140380859375,85.72408294677734,152.1884002685547,735.515625,379.6836853027344,144.65548706054688,426.98773193359375,41.848655700683594,70.36833190917969,113.99092864990234,580.4951171875,233.0959014892578,113.23149871826172,309.24566650390625,226.5470428466797,130.46707153320312,85.3895034790039,62.866416931152344,144.12884521484375,53.20222473144531,148.90565490722656,44.39747619628906,458.2955627441406,74.3785629272461,187.1450958251953,160.48226928710938,200.84625244140625,214.19000244140625,330.8807067871094,62.316551208496094,106.3332290649414,143.1269073486328,4482.72998046875
2022-01-21,158.64125061035156,284.6278381347656,129.12281799316406,77.41463470458984,499.9100036621094,49.91045379638672,108.25172424316406,153.38186645507812,148.49778747558594,48.265350341796875,129.5629425048828,39.9356803894043,47.69911193847656,306.2699890136719,84.89114379882812,150.126708984375,712.7085571289062,378.7298278808594,144.32284545898438,425.300048828125,40.87309265136719,69.69732666015625,115.01467895507812,572.7672729492188,233.02880859375,112.33780670166016,308.8210754394531,227.85369873046875,130.66819763183594,85.91582489013672,62.98780059814453,144.68043518066406,52.93949890136719,149.1453399658203,44.073665618896484,457.1470031738281,75.12377166748047,183.7232208251953,160.21255493164062,198.49134826660156,205.44000244140625,327.4143371582031,61.38100051879883,105.05838012695312,133.19857788085938,4397.93994140625
2022-01-24,157.86952209472656,284.9548034667969,129.57106018066406,77.6029281616211,519.6599731445312,50.10417175292969,107.80815887451172,155.73971557617188,153.12570190429688,48.172607421875,129.4468231201172,39.606727600097656,47.3880615234375,305.8069152832031,84.22135925292969,150.3063507080078,700.1611938476562,379.6564025878906,142.65963745117188,426.3144836425781,39.9052619934082,68.69517517089844,113.17744445800781,568.2964477539062,230.4977569580078,112.49100494384766,321.83380126953125,226.9766082763672,133.45614624023438,87.51264190673828,64.48174285888672,143.50604248046875,52.510372161865234,148.3834686279297,44.07680892944336,464.0667419433594,75.12377166748047,183.1409454345703,161.94198608398438,198.7138214111328,204.1999969482422,329.29302978515625,61.90830993652344,105.28189849853516,133.2761688232422,4410.1298828125
2022-01-25,156.07225036621094,277.37823486328125,125.73851013183594,76.33184051513672,502.7200012207031,49.40853500366211,113.9007339477539,151.914794921875,148.96600341796875,47.30078887939453,130.85787963867188,40.38909912109375,47.628021240234375,304.1682434082031,85.04570770263672,163.7169647216797,710.599365234375,362.92413330078125,146.73892211914062,421.30682373046875,40.67952346801758,69.24418640136719,112.67471313476562,560.3513793945312,229.57737731933594,113.28260040283203,317.5611267089844,224.35430908203125,132.98081970214844,86.54029083251953,64.12693786621094,141.9402313232422,52.38776779174805,146.6798858642578,43.11792755126953,453.0749206542969,73.39091491699219,181.21505737304688,160.20460510253906,198.6952667236328,204.10000610351562,341.50054931640625,63.728397369384766,109.7603759765625,132.35507202148438,4356.4501953125
2022-01-26,155.98434448242188,285.28167724609375,128.0148468017578,74.93833923339844,500.80999755859375,48.72169494628906,112.36085510253906,155.73095703125,150.36154174804688,47.940731048583984,132.0991668701172,40.80693817138672,48.1168327331543,305.174560546875,86.01603698730469,165.8070526123047,707.858642578125,361.1164245605469,147.39541625976562,422.773193359375,41.043418884277344,68.96532440185547,109.749755859375,555.5645751953125,228.04344177246094,114.2529296875,316.0572814941406,223.6114501953125,131.6188201904297,85.2646255493164,64.51908874511719,140.70352172851562,52.195098876953125,145.13037109375,42.677791595458984,458.9125671386719,73.07667541503906,179.7370147705078,157.87220764160156,198.67674255371094,194.27000427246094,345.0904235839844,63.08201599121094,109.8431625366211,129.53366088867188,4349.93017578125
2022-01-27,155.52525329589844,288.29107666015625,127.78899383544922,75.11724090576172,493.04998779296875,48.09648895263672,110.90464782714844,152.65707397460938,145.139404296875,44.56475830078125,129.76832580566406,40.42465591430664,47.77910614013672,303.7052001953125,86.85757446289062,162.5726318359375,701.1759033203125,358.8818054199219,149.32998657226562,425.6966552734375,41.636329650878906,70.2201919555664,110.08797454833984,546.5239868164062,226.95046997070312,115.73395538330078,315.3053283691406,222.61805725097656,132.21299743652344,85.03268432617188,65.00460815429688,141.57546997070312,52.238895416259766,144.993408203125,42.70608139038086,458.01080322265625,74.25285339355469,179.7370147705078,154.56405639648438,196.71119689941406,189.75,343.1852111816406,63.88999557495117,112.06171417236328,131.29823303222656,4326.509765625
2022-01-28,166.37745666503906,296.3868713378906,132.09400939941406,75.77632904052734,518.1599731445312,48.96825408935547,112.56169128417969,155.84803771972656,150.19049072265625,44.26797103881836,130.9293212890625,40.7802619934082,48.16127014160156,309.03070068359375,88.02490234375,167.45265197753906,719.1332397460938,369.364501953125,150.38043212890625,429.80975341796875,42.385276794433594,70.4990463256836,114.57592010498047,564.575439453125,234.98460388183594,117.39374542236328,324.2488708496094,229.19615173339844,133.37388610839844,86.71871185302734,66.64793395996094,142.7943115234375,53.281044006347656,147.8184356689453,43.234256744384766,467.4172668457031,74.56713104248047,180.93734741210938,157.2772674560547,186.50341796875,190.57000732421875,346.7751159667969,64.02608489990234,108.12132263183594,134.4105682373047,4431.85009765625
2022-01-31,170.7241668701172,299.0020446777344,134.02813720703125,76.41657257080078,534.2999877929688,49.02107620239258,111.78339385986328,157.78195190429688,158.248779296875,45.27891159057617,132.70645141601562,41.020301818847656,47.81465148925781,315.86126708984375,88.6647720336914,170.06289672851562,732.30322265625,377.17645263671875,150.81813049316406,435.8134460449219,41.1058349609375,71.00447845458984,116.50459289550781,573.7246704101562,235.26260375976562,116.51704406738281,324.6380920410156,232.20333862304688,135.3483123779297,87.70891571044922,67.1988296508789,142.7498321533203,53.42991638183594,148.54611206054688,43.954193115234375,479.4722595214844,74.02838134765625,183.16781616210938,160.41883850097656,186.87428283691406,200.24000549316406,343.22930908203125,64.60442352294922,108.71732330322266,138.61843872070312,4515.5498046875
2022-02-01,170.55812072753906,296.8675537109375,136.3465576171875,76.30358123779297,535.97998046875,48.75691223144531,113.42369079589844,159.36428833007812,159.48226928710938,45.39948272705078,134.98370361328125,41.73153305053711,49.41440200805664,324.2145690917969,89.88397979736328,173.58099365234375,734.981689453125,379.2112731933594,149.5838623046875,431.97698974609375,41.40229034423828,71.38790893554688,116.26692962646484,586.5652465820312,238.03335571289062,116.61065673828125,326.1595764160156,231.7916259765625,135.4853973388672,88.10142517089844,67.97379302978516,142.1181640625,53.035823822021484,147.535888671875,44.30001449584961,482.5857238769531,73.55252838134766,183.93820190429688,183.01278686523438,190.3881072998047,208.33999633789062,341.3594055175781,68.74639892578125,111.58158874511719,140.09219360351562,4546.5400390625
2022-02-02,171.75955200195312,301.386474609375,146.60496520996094,77.67826843261719,533.0900268554688,49.461360931396484,114.86314392089844,165.1220703125,169.44937133789062,45.91885757446289,133.9031524658203,41.68708801269531,49.70769500732422,323.3240966796875,89.85801696777344,174.16738891601562,731.9204711914062,383.3988342285156,151.23829650878906,442.4626159667969,42.018611907958984,71.46634674072266,118.86283874511719,596.2572021484375,240.47813415527344,117.98957824707031,330.6092834472656,234.73611450195312,135.93331909179688,87.1825942993164,67.25483703613281,144.66265869140625,53.57880401611328,150.21542358398438,44.281150817871094,495.5042724609375,74.34266662597656,185.91781616210938,184.13931274414062,190.00802612304688,207.52000427246094,341.6504821777344,68.56779479980469,112.09483337402344,138.2790985107422,4589.3798828125
2022-02-03,168.8877716064453,289.6468505859375,141.74122619628906,77.1510009765625,510.8299865722656,48.60722351074219,115.30669403076172,154.3536376953125,161.25601196289062,44.778072357177734,132.79576110839844,41.27812957763672,49.25238800048828,319.6015930175781,88.4485855102539,174.05384826660156,717.0241088867188,375.296142578125,151.2295684814453,450.75335693359375,41.64413833618164,68.85204315185547,118.92682647705078,587.1771240234375,234.7066192626953,119.78556060791016,322.718505859375,233.2683563232422,132.82540893554688,85.58576202392578,65.18202209472656,146.03277587890625,53.95537185668945,150.1298065185547,44.32516860961914,496.017822265625,74.27980041503906,171.75567626953125,181.4261474609375,185.97491455078125,206.38999938964844,343.7320556640625,67.76829528808594,111.09317779541016,135.76791381835938,4477.43994140625
2022-02-04,168.60415649414062,294.1561279296875,141.9423065185547,77.3110580444336,513.5399780273438,48.56319046020508,114.77945709228516,150.68798828125,161.58917236328125,44.866851806640625,136.24290466308594,42.922855377197266,50.28797149658203,327.3672790527344,90.02230834960938,175.76571655273438,720.6281127929688,376.4225158691406,150.24038696289062,445.5889587402344,41.347679138183594,68.45989227294922,118.56119537353516,586.6736450195312,232.2714080810547,119.71745300292969,318.17144775390625,232.74923706054688,132.89854431152344,84.74720764160156,64.59376525878906,143.71067810058594,53.38612747192383,147.66436767578125,43.803279876708984,494.1164245605469,72.83425903320312,171.54067993164062,178.3321533203125,183.9537811279297,206.4499969482422,343.4056701660156,69.23967742919922,112.48392486572266,137.69737243652344,4500.52978515625
2022-02-07,167.8902130126953,289.3583679199219,137.88890075683594,76.02113342285156,507.1000061035156,48.58080291748047,114.85478973388672,149.39576721191406,157.64549255371094,45.025726318359375,136.6983642578125,43.12733840942383,51.18071746826172,327.8569641113281,90.94751739501953,177.67605590820312,726.9461059570312,368.1199951171875,149.74143981933594,446.0777587890625,41.511512756347656,67.60588836669922,117.04387664794922,579.39990234375,233.49862670898438,121.31767272949219,316.1191711425781,232.56130981445312,132.6699981689453,84.91671752929688,64.75251770019531,142.63421630859375,53.94661331176758,147.0821990966797,43.37257385253906,490.4279479980469,72.83425903320312,172.41851806640625,178.54635620117188,185.2610321044922,211.9199981689453,346.0606689453125,70.07315063476562,114.69419860839844,138.1724395751953,4483.8701171875
2022-02-08,170.9905548095703,292.829345703125,138.0850067138672,76.06819152832031,511.30999755859375,48.730491638183594,114.67063903808594,151.75161743164062,160.7968292236328,45.614479064941406,139.2703399658203,43.90079879760742,52.448402404785156,329.5935363769531,91.9592056274414,183.4734649658203,718.4656982421875,363.151123046875,150.13534545898438,455.032470703125,40.333492279052734,67.02203369140625,117.59229278564453,579.8736572265625,230.0087890625,122.15178680419922,319.73736572265625,232.76710510253906,131.19837951660156,84.67584991455078,65.770263671875,142.31390380859375,54.29691696166992,147.2620086669922,43.382015228271484,495.4283447265625,72.6546859741211,174.28173828125,178.65745544433594,186.8186492919922,213.27000427246094,349.3241882324219,68.26158905029297,112.94747924804688,138.1433563232422,4521.5400390625
2022-02-09,172.4087371826172,299.2231140136719,140.25733947753906,78.57274627685547,521.75,49.56703567504883,115.31507873535156,155.33819580078125,165.62278747558594,46.64247131347656,139.85081481933594,43.811893463134766,52.72514724731445,333.53875732421875,94.01714324951172,185.74322509765625,723.4578247070312,370.6871032714844,150.11782836914062,459.3576354980469,40.1540641784668,66.69087982177734,119.27415466308594,582.163330078125,233.2301788330078,121.88796997070312,322.3292541503906,232.57025146484375,133.69381713867188,86.64733123779297,66.97920227050781,141.99362182617188,53.45619583129883,147.1934814453125,43.28769302368164,502.72930908203125,72.60977935791016,176.1270294189453,178.55433654785156,188.76565551757812,215.86000061035156,348.0011901855469,67.93480682373047,114.06501770019531,142.748779296875,4587.18017578125
2022-02-10,168.34011840820312,290.73333740234375,137.3133544921875,77.06626892089844,495.0199890136719,48.31662368774414,113.08753204345703,150.0198974609375,156.72714233398438,45.66121292114258,139.2703399658203,43.607418060302734,52.71623229980469,330.0121765136719,93.01412200927734,184.90147399902344,692.4818115234375,360.82122802734375,148.3057861328125,448.8628234863281,39.47533416748047,66.7170181274414,116.77879333496094,572.7180786132812,229.7499542236328,121.47090911865234,314.1199951171875,229.89425659179688,132.37754821777344,85.4548568725586,66.20133972167969,139.83163452148438,53.75395202636719,144.1373291015625,42.781532287597656,492.89013671875,71.57723999023438,171.76461791992188,175.07156372070312,188.27423095703125,218.75,339.9656982421875,67.28125762939453,112.6163558959961,147.52874755859375,4504.080078125
2022-02-11,164.93650817871094,283.676025390625,133.01675415039062,75.0889892578125,473.9700012207031,47.46249008178711,112.38455200195312,144.51698303222656,148.23666381835938,44.51173400878906,137.45745849609375,42.60280227661133,52.05559158325195,323.3240966796875,90.42007446289062,181.4022979736328,687.4094848632812,352.82122802734375,146.80889892578125,440.94097900390625,39.615760803222656,66.78673553466797,114.70390319824219,558.9104614257812,226.0109100341797,120.87506103515625,309.873779296875,228.3638153076172,128.13616943359375,84.03823852539062,64.38325500488281,139.04873657226562,52.799373626708984,144.31710815429688,42.545745849609375,484.5149841308594,71.40666198730469,167.50070190429688,169.36756896972656,186.57757568359375,212.3000030517578,349.4565124511719,68.97533416748047,114.90940856933594,144.92059326171875,4418.64013671875
2022-02-14,165.17123413085938,283.6374816894531,134.24851989746094,74.33573150634766,474.010009765625,46.82847595214844,110.23323822021484,142.82037353515625,148.67787170410156,44.46501159667969,136.18038940429688,42.158287048339844,51.644935607910156,320.81268310546875,88.6906967163086,181.9129638671875,676.571044921875,346.4958190917969,144.96189880371094,437.5010986328125,38.851219177246094,66.63859558105469,112.2268295288086,553.876708984375,225.9435272216797,121.71773529052734,310.9971923828125,226.77972412109375,129.42506408691406,83.96649932861328,63.71785354614258,139.44911193847656,53.14091491699219,142.70767211914062,42.11189651489258,481.55841064453125,71.16424560546875,167.2320098876953,169.76419067382812,185.32595825195312,210.0399932861328,341.3240661621094,67.91761016845703,113.13790130615234,146.2585906982422,4401.669921875
2022-02-15,168.99537658691406,288.8968811035156,135.32083129882812,75.10779571533203,479.5,47.78828430175781,110.05537414550781,146.07290649414062,155.76376342773438,45.26871109008789,138.17193603515625,42.487220764160156,52.11808395385742,324.1077575683594,89.43433380126953,187.2374725341797,695.1513671875,350.7370300292969,146.45877075195312,441.0331726074219,38.84341812133789,67.80631256103516,113.32369232177734,549.4156494140625,234.7525177001953,123.21577453613281,312.5010986328125,227.15557861328125,133.0722198486328,84.73757934570312,64.5613021850586,139.5203094482422,53.342342376708984,142.07418823242188,42.24394226074219,488.5551452636719,70.55367279052734,169.77601623535156,172.35838317871094,188.58949279785156,217.72999572753906,337.13433837890625,67.06626892089844,112.30975341796875,150.0108184814453,4471.06982421875
2022-02-16,168.76065063476562,288.55963134765625,136.439697265625,74.56172943115234,477.70001220703125,47.77068328857422,109.41166687011719,147.89256286621094,155.40365600585938,45.07246017456055,138.42196655273438,42.38943099975586,51.90382766723633,320.6434631347656,87.46283721923828,187.61582946777344,697.1358642578125,351.81097412109375,146.37123107910156,442.71160888671875,38.757598876953125,67.29214477539062,113.04948425292969,543.1780395507812,236.42770385742188,124.16058349609375,309.69683837890625,226.51123046875,133.90406799316406,85.33831024169922,62.883758544921875,140.57901000976562,53.33358383178711,142.365234375,41.979862213134766,487.1102600097656,70.33818817138672,169.35499572753906,170.8114013671875,188.80267333984375,218.92999267578125,341.26226806640625,67.3758544921875,112.34319305419922,151.59121704101562,4475.009765625
2022-02-17,165.17123413085938,280.1099853515625,131.2896728515625,71.11561584472656,457.7099914550781,49.1091423034668,105.84593200683594,144.73672485351562,150.1814727783203,44.45566177368164,135.2337646484375,40.95807647705078,50.12727737426758,310.8564147949219,83.1394271850586,185.09071350097656,678.5198974609375,347.2056579589844,145.47837829589844,433.7568664550781,38.14908218383789,66.54273986816406,110.2159423828125,533.495849609375,231.98948669433594,123.39454650878906,307.7948913574219,224.5780487060547,130.5310821533203,83.42855072021484,61.07505798339844,142.1893310546875,54.40201187133789,142.75048828125,43.66181564331055,489.5913391113281,71.06546783447266,165.3509063720703,167.16213989257812,180.55116271972656,213.5800018310547,342.9117736816406,67.2726821899414,111.7660140991211,148.294677734375,4380.259765625
2022-02-18,163.62591552734375,277.4122314453125,129.17379760742188,70.21175384521484,442.55999755859375,50.37715530395508,105.32080078125,146.573974609375,150.93777465820312,42.0912971496582,135.86785888671875,40.860286712646484,49.663055419921875,308.1669006347656,82.50820922851562,184.30572509765625,672.7536010742188,344.63909912109375,143.9189910888672,431.42364501953125,37.860435485839844,66.55146026611328,106.75167846679688,530.1401977539062,231.3540496826172,122.59440612792969,306.84832763671875,224.28274536132812,130.66819763183594,83.68855285644531,61.993473052978516,142.26051330566406,54.76982498168945,143.57232666015625,43.382015228271484,487.3668212890625,71.42459106445312,163.14723205566406,167.29794311523438,177.96444702148438,209.02999877929688,340.8742980957031,66.52452850341797,111.60707092285156,146.7530975341797,4348.8701171875
2022-02-22,160.71136474609375,277.2098693847656,128.58987426757812,69.78803253173828,438.3999938964844,49.57584762573242,104.95659637451172,146.530029296875,149.36216735839844,41.76421356201172,135.62673950195312,40.504669189453125,49.35059356689453,306.5906066894531,81.92886352539062,181.9981231689453,663.3743286132812,346.0771179199219,141.96319580078125,426.5358581542969,37.08028793334961,66.1854476928711,107.40980529785156,522.9846801757812,230.21804809570312,123.8967056274414,279.6906433105469,226.16217041015625,126.31714630126953,83.48234558105469,61.150028228759766,140.50782775878906,54.54212951660156,144.12017822265625,42.89785385131836,477.39459228515625,70.79611206054688,163.53244018554688,166.98629760742188,177.2783660888672,198.74000549316406,340.6448974609375,65.7505874633789,110.75382232666016,143.58261108398438,4304.759765625
2022-02-23,156.55471801757812,270.0321044921875,126.38536071777344,68.23446655273438,429.45001220703125,47.937984466552734,103.38970947265625,145.6070098876953,145.51756286621094,41.72683334350586,132.78680419921875,39.811222076416016,48.16325759887695,303.84771728515625,80.8912353515625,178.69747924804688,651.8151245117188,339.8154602050781,142.0336456298828,423.8706970214844,36.56538772583008,66.08958435058594,107.17215728759766,521.6917114257812,229.4285888671875,124.91809844970703,272.86126708984375,221.76783752441406,125.07401275634766,80.38011932373047,58.57282638549805,138.75515747070312,53.9378662109375,142.6990966796875,42.457706451416016,470.8161926269531,70.60755157470703,160.3076629638672,163.39834594726562,173.0691680908203,196.4199981689453,343.02642822265625,66.01715850830078,113.38884735107422,141.43020629882812,4225.5
2022-02-24,159.16612243652344,283.82891845703125,131.44024658203125,70.43769836425781,463.82000732421875,48.19335174560547,103.3050308227539,149.07928466796875,151.243896484375,43.66130828857422,129.08963012695312,38.762149810791016,47.05625534057617,302.95709228515625,79.3866958618164,178.13003540039062,651.1921997070312,347.3785705566406,139.3202362060547,420.4307861328125,35.85546112060547,64.05913543701172,108.51580047607422,533.1306762695312,234.02084350585938,123.64990997314453,277.0986022949219,219.29763793945312,125.38477325439453,81.5994873046875,60.62521743774414,135.0185089111328,52.992042541503906,140.21649169921875,42.29423904418945,480.62677001953125,67.8601303100586,164.2347412109375,165.56396484375,171.23341369628906,198.42999267578125,349.03314208984375,65.18303680419922,112.80327606201172,144.85272216796875,4288.7001953125
2022-02-25,161.22976684570312,286.4495849609375,133.1920623779297,71.88770294189453,465.5400085449219,49.346893310546875,105.17681121826172,150.16053771972656,153.89996337890625,44.58649826049805,132.1438446044922,40.02458572387695,48.306095123291016,311.80035400390625,81.75592803955078,183.19920349121094,668.1707153320312,346.65966796875,146.2447967529297,438.74603271484375,37.228519439697266,66.50787353515625,111.8886489868164,542.664794921875,241.5012664794922,127.28437805175781,280.1151123046875,223.2534942626953,126.87471008300781,83.00713348388672,62.583885192871094,140.78366088867188,55.041316986083984,144.14590454101562,42.8758544921875,491.948974609375,70.15860748291016,169.83714294433594,167.7694091796875,173.4307098388672,201.47999572753906,361.1876525878906,66.93729400634766,117.42919921875,144.97877502441406,4384.64990234375
2022-02-28,161.4938201904297,287.8755798339844,133.78392028808594,71.5299301147461,467.67999267578125,49.1091423034668,103.76237487792969,149.43089294433594,154.8544158935547,44.5771598815918,126.63375854492188,39.29557418823242,47.64546585083008,303.9367370605469,78.46148681640625,183.98416137695312,661.9595947265625,341.9360046386719,144.98500061035156,438.856689453125,36.62000274658203,66.73444366455078,110.25250244140625,536.910888671875,240.63478088378906,125.77782440185547,279.38970947265625,220.28359985351562,124.81803894042969,82.298828125,61.946617126464844,138.69287109375,54.507102966308594,140.17369079589844,42.49229431152344,493.62213134765625,69.09017181396484,170.90896606445312,168.1449737548828,173.91285705566406,205.33999633789062,385.2645263671875,67.43605041503906,120.45732116699219,143.9413604736328,4373.93994140625
2022-03-01,159.61598205566406,284.1758117675781,132.79783630371094,71.56758117675781,466.67999267578125,48.09648895263672,102.7798843383789,147.05743408203125,147.38133239746094,43.75476837158203,121.85596466064453,37.757530212402344,44.89583206176758,294.0022277832031,75.7723159790039,168.3983612060547,636.0822143554688,355.47882080078125,144.48284912109375,439.20721435546875,35.69163131713867,66.52529907226562,108.01306915283203,535.992919921875,240.2015838623047,125.709716796875,283.2997131347656,215.65780639648438,120.86007690429688,80.81942749023438,59.88485336303711,136.39749145507812,54.2706413269043,138.9152069091797,42.75324249267578,497.1204833984375,68.27313995361328,165.3696746826172,164.2773895263672,169.5089111328125,194.91000366210938,405.5224609375,68.08101654052734,125.24214935302734,141.2653350830078,4306.259765625
2022-03-02,162.90220642089844,289.2243957519531,133.30303955078125,73.70490264892578,471.17999267578125,49.443756103515625,104.9057846069336,149.527587890625,153.02304077148438,45.6705436706543,124.38329315185547,38.370967864990234,46.61882019042969,301.3299560546875,76.42082977294922,170.52627563476562,656.7537841796875,363.2513122558594,146.2800750732422,447.62701416015625,37.212913513183594,66.81288146972656,110.01483917236328,549.1985473632812,244.69754028320312,127.3099136352539,289.5982666015625,216.83676147460938,124.02278900146484,83.177490234375,61.965362548828125,136.8245391845703,54.673492431640625,140.84140014648438,42.80668640136719,501.9403076171875,68.86571502685547,167.92764282226562,168.97605895996094,178.57632446289062,197.80999755859375,399.6520080566406,69.2505111694336,128.93954467773438,142.8554229736328,4386.5400390625
2022-03-03,162.57945251464844,285.11041259765625,132.6373748779297,73.67665100097656,459.0799865722656,49.373313903808594,106.65901184082031,150.3187713623047,149.49700927734375,44.79209518432617,123.4991683959961,37.96001052856445,45.74394226074219,298.67840576171875,75.90203094482422,170.1290740966797,656.4601440429688,364.50726318359375,148.42970275878906,448.74285888671875,37.314334869384766,67.23117065429688,110.57241821289062,547.0667724609375,249.00094604492188,128.02488708496094,286.9355163574219,212.97593688964844,122.45970916748047,82.06572723388672,61.581119537353516,137.33164978027344,54.708534240722656,140.6906280517578,43.79071044921875,506.7408142089844,69.49420928955078,168.90042114257812,169.7511749267578,180.65318298339844,188.85000610351562,397.7158508300781,69.68909454345703,130.67950439453125,141.13931274414062,4363.490234375
2022-03-04,159.586669921875,279.27178955078125,130.66314697265625,72.0195083618164,452.1300048828125,49.7607536315918,107.2434310913086,149.42210388183594,146.70323181152344,44.92293167114258,120.02523040771484,36.58420181274414,43.55672836303711,295.31915283203125,74.67415618896484,163.56561279296875,623.996826171875,370.9237060546875,149.3106689453125,459.8648376464844,37.95405578613281,67.82374572753906,110.9745864868164,540.1875610351562,253.07330322265625,128.152587890625,286.84716796875,212.21994018554688,120.18302917480469,80.72081756591797,58.61030960083008,138.0255889892578,54.79609298706055,142.82765197753906,44.90048599243164,499.56365966796875,69.45828247070312,168.8193359375,168.12098693847656,181.40411376953125,180.83999633789062,406.89013671875,72.31187438964844,132.71221923828125,136.4369354248047,4328.8701171875
2022-03-07,155.80165100097656,268.7218017578125,125.187255859375,69.97633361816406,437.9700012207031,48.95063400268555,106.77759552001953,144.94775390625,135.7091064453125,44.5584602355957,115.39032745361328,34.25246047973633,40.896366119384766,288.34979248046875,72.15792846679688,150.49549865722656,606.510986328125,350.9826965332031,151.71578979492188,449.0011291503906,37.43135452270508,67.7365951538086,108.64375305175781,527.7813110351562,251.88914489746094,127.20777130126953,285.5289611816406,201.88839721679688,114.00807189941406,75.72675323486328,54.66484069824219,135.97933959960938,53.49121856689453,139.98402404785156,44.53894805908203,502.4345703125,68.84776306152344,164.07264709472656,160.76136779785156,182.36834716796875,169.1699981689453,413.99505615234375,74.91748809814453,135.54798889160156,129.4366912841797,4201.08984375
2022-03-08,153.9824981689453,265.7735290527344,125.90641021728516,69.04421997070312,431.5299987792969,47.90276336669922,106.44727325439453,147.10142517089844,136.30580139160156,44.39025115966797,114.5776596069336,34.47580337524414,41.47664260864258,287.8839416503906,72.036865234375,151.36561584472656,593.7908935546875,353.2489318847656,148.64111328125,436.6341857910156,37.01007843017578,67.05686950683594,106.130126953125,517.1712646484375,250.24285888671875,125.25006103515625,280.19476318359375,200.50244140625,111.04884338378906,75.31433868408203,56.22990417480469,130.5967559814453,51.37189483642578,136.0373992919922,43.6178092956543,497.5292663574219,67.22262573242188,165.04541015625,162.5433807373047,194.69932556152344,173.8000030517578,398.7549743652344,75.48504638671875,142.6499481201172,127.73995208740234,4170.7001953125
2022-03-09,159.3714599609375,277.96142578125,132.16238403320312,71.65229797363281,450.8699951171875,49.24122619628906,106.90464782714844,151.6021728515625,142.04698181152344,44.51173400878906,119.16792297363281,36.66459655761719,43.88704299926758,298.8306579589844,75.57343292236328,159.49891662597656,621.0049438476562,356.3251647949219,149.20492553710938,447.8022155761719,38.03207015991211,67.78887939453125,108.21414947509766,534.6407470703125,252.99627685546875,126.68855285644531,282.2950744628906,200.21449279785156,116.30765533447266,78.54207611083984,57.345123291015625,132.35833740234375,51.634620666503906,135.63241577148438,43.84415054321289,501.60748291015625,67.82420349121094,166.9908905029297,165.2362823486328,194.49533081054688,178.55999755859375,398.51513671875,71.1939697265625,139.08641052246094,129.58212280273438,4277.8798828125
2022-03-10,155.0387725830078,275.15771484375,131.1812286376953,72.170166015625,438.95001220703125,48.175750732421875,105.32080078125,151.85711669921875,139.8770751953125,43.60523986816406,117.75688934326172,36.33403396606445,43.75312423706055,295.525146484375,74.2418212890625,160.39743041992188,624.5433959960938,348.3524169921875,149.46926879882812,453.2157287597656,38.38313293457031,67.87603759765625,106.94364929199219,531.2359008789062,256.10589599609375,126.96942901611328,282.9536437988281,199.79150390625,115.46476745605469,78.14759063720703,58.15109634399414,128.9508514404297,50.68880081176758,133.14212036132812,44.840755462646484,506.4272155761719,66.29784393310547,166.0541534423828,165.55592346191406,196.35888671875,178.38999938964844,394.6429748535156,73.40400695800781,142.8925018310547,129.5724334716797,4259.52001953125
2022-03-11,151.3319854736328,269.8393859863281,128.64634704589844,73.27179718017578,416.3800048828125,48.15813064575195,104.99049377441406,149.7561798095703,137.73431396484375,42.82958221435547,115.10453796386719,36.030296325683594,43.27104949951172,292.9273681640625,73.65382385253906,158.78968811035156,615.4420776367188,345.5583190917969,149.19615173339844,446.6300048828125,39.2178840637207,68.19847106933594,104.21976470947266,522.9058227539062,256.37548828125,126.87580871582031,281.9302062988281,204.17430114746094,112.34978485107422,74.17566680908203,57.57005310058594,127.42056274414062,50.72382736206055,132.469970703125,44.66469955444336,501.3887939453125,66.23499298095703,164.1446533203125,162.9348907470703,199.1774139404297,176.22999572753906,389.918212890625,73.025634765625,142.95944213867188,127.73995208740234,4204.31005859375
2022-03-14,147.31224060058594,266.3420104980469,124.76378631591797,72.56562042236328,411.5,47.814701080322266,104.97354125976562,146.55642700195312,127.74375915527344,41.493202209472656,116.24763488769531,36.807533264160156,44.5119514465332,291.1177978515625,73.25608825683594,163.41433715820312,624.8389282226562,343.1192321777344,151.25767517089844,451.3010559082031,40.762577056884766,68.3830795288086,105.5908432006836,528.8966674804688,258.974853515625,129.46339416503906,283.327392578125,203.5532989501953,107.71398162841797,71.09135437011719,57.401363372802734,129.0487060546875,51.659236907958984,134.33123779296875,45.28718566894531,499.9914245605469,66.40555572509766,165.0093536376953,163.2545166015625,199.7429656982422,175.52000427246094,394.72296142578125,70.41143798828125,139.46282958984375,125.10273742675781,4173.10986328125
2022-03-15,151.68406677246094,276.66070556640625,127.98017120361328,75.88931274414062,421.6600036621094,48.95943832397461,106.41339111328125,151.47911071777344,130.38380432128906,41.87635803222656,118.31053924560547,37.075565338134766,44.73514175415039,294.8622741699219,74.64823150634766,166.48797607421875,633.9220581054688,352.5754699707031,155.17807006835938,460.5412902832031,40.73136901855469,69.1391830444336,107.38238525390625,543.7686767578125,265.194091796875,132.6808319091797,292.3872375488281,209.3040771484375,109.39058685302734,74.52532196044922,57.841835021972656,133.69285583496094,52.6122932434082,137.01113891601562,45.83106994628906,515.5535278320312,67.77931213378906,169.1436004638672,168.23291015625,200.68861389160156,179.88999938964844,398.4707946777344,66.40412902832031,132.4026641845703,130.11537170410156,4262.4501953125
2022-03-16,156.08529663085938,283.6362609863281,132.02420043945312,75.28668975830078,442.3599853515625,49.14436340332031,107.59915924072266,155.0041046142578,136.02552795410156,43.57720184326172,123.59740447998047,38.23696517944336,46.06532287597656,305.2535705566406,79.34346771240234,170.80999755859375,654.91943359375,356.9804992675781,153.75086975097656,460.8650207519531,41.2852783203125,68.68199920654297,109.21049499511719,555.5301513671875,266.13763427734375,132.82554626464844,294.4964599609375,214.3168487548828,114.69518280029297,78.37174224853516,58.61030960083008,133.23912048339844,52.47110366821289,137.6143035888672,45.695892333984375,516.5707397460938,67.47403717041016,172.06185913085938,174.12220764160156,200.33633422851562,188.99000549316406,374.19854736328125,66.1547622680664,131.92588806152344,133.93544006347656,4357.85986328125
2022-03-17,157.0926513671875,284.4360656738281,132.57742309570312,75.88931274414062,444.3599853515625,49.461360931396484,108.37837982177734,156.8853302001953,138.1773681640625,44.05381393432617,125.16020965576172,38.44243240356445,45.95819091796875,307.5020446777344,81.15931701660156,176.8248748779297,663.7160034179688,366.4731140136719,155.759521484375,468.9676208496094,42.315067291259766,69.40294647216797,110.78263092041016,565.1090698242188,274.86956787109375,134.98748779296875,299.3466796875,213.71388244628906,116.72908782958984,78.59588623046875,58.33852767944336,133.65728759765625,53.02705383300781,138.6828155517578,45.765316009521484,525.5067138671875,67.45608520507812,172.8725128173828,177.65419006347656,205.54684448242188,190.19000244140625,380.6374206542969,67.91761016845703,134.20953369140625,135.2249755859375,4411.669921875
2022-03-18,160.37884521484375,289.45562744140625,134.8423614501953,76.90618133544922,453.3299865722656,49.28525161743164,109.05593872070312,158.3181915283203,139.22613525390625,44.34352493286133,125.1155776977539,38.3263053894043,45.904624938964844,309.39215087890625,81.98938751220703,180.37144470214844,661.6198120117188,373.09893798828125,154.03277587890625,468.13507080078125,42.52569580078125,69.55241394042969,111.92518615722656,581.7389526367188,276.920166015625,135.50669860839844,303.2446594238281,215.01881408691406,120.23804473876953,80.33526611328125,58.51658630371094,133.58609008789062,53.03587341308594,140.27699279785156,45.901031494140625,533.6441650390625,64.8253402709961,175.38548278808594,175.62449645996094,204.8144073486328,192.8300018310547,378.4969787597656,67.65104675292969,135.2886962890625,136.02969360351562,4463.1201171875
2022-03-21,161.74813842773438,288.2320251464844,134.818603515625,76.228271484375,453.5899963378906,49.31167221069336,108.4969482421875,158.63467407226562,140.67274475097656,44.287445068359375,124.71370697021484,38.27269744873047,45.654659271240234,303.677001953125,80.07844543457031,178.82989501953125,657.35595703125,368.38446044921875,154.90499877929688,469.55950927734375,42.276058197021484,69.50843811035156,111.29451751708984,581.9461059570312,278.8456726074219,136.23025512695312,293.1258544921875,211.77896118164062,119.2760238647461,77.87860870361328,57.1577033996582,134.0932159423828,53.4594612121582,140.0787811279297,45.51914978027344,528.1115112304688,66.57618713378906,173.85427856445312,174.6495819091797,207.41038513183594,185.89999389648438,390.7707824707031,70.68660736083984,137.72291564941406,134.40084838867188,4461.18017578125
2022-03-22,165.1125946044922,292.9530334472656,138.54959106445312,77.01917266845703,466.45001220703125,49.461360931396484,109.31004333496094,160.2960662841797,142.49905395507812,45.22197723388672,127.36602020263672,39.4698371887207,47.66332244873047,307.26910400390625,81.47058868408203,180.94833374023438,669.0369262695312,377.0489196777344,154.17379760742188,467.3951416015625,41.37889099121094,69.7194595336914,111.41332244873047,580.0303955078125,274.3978576660156,136.19615173339844,293.4462585449219,214.29884338378906,121.93292236328125,78.80209350585938,57.28890609741211,135.12522888183594,53.653594970703125,141.61265563964844,45.383445739746094,531.8093872070312,66.89043426513672,175.66470336914062,174.53770446777344,206.48324584960938,191.0399932861328,391.2948303222656,70.37702941894531,137.26280212402344,135.84548950195312,4511.60986328125
2022-03-23,166.4720458984375,288.5499572753906,136.9721221923828,75.69158172607422,422.8999938964844,47.97321319580078,108.6663589477539,157.4215850830078,138.21348571777344,45.10984420776367,124.82979583740234,38.49604034423828,45.63680648803711,300.64013671875,79.87956237792969,175.92645263671875,659.7118530273438,369.24908447265625,153.59228515625,465.46197509765625,40.71576690673828,70.09748840332031,106.87052154541016,564.1808471679688,273.5987243652344,134.8428497314453,282.1615295410156,212.49893188476562,121.8504638671875,77.30477905273438,55.74257278442383,134.1822052001953,53.30061721801758,140.87159729003906,44.7995719909668,526.676025390625,66.10929107666016,173.24180603027344,171.46920776367188,205.98260498046875,186.0399932861328,395.433349609375,71.48634338378906,138.74343872070312,133.45068359375,4456.240234375
2022-03-24,170.24729919433594,292.99163818359375,140.237548828125,77.43345642089844,432.1400146484375,47.99082565307617,109.47095489501953,161.93115234375,143.26759338378906,48.24051284790039,125.64249420166016,38.47817611694336,45.82427215576172,301.19561767578125,79.66339111328125,178.64071655273438,661.34228515625,371.032958984375,154.38519287109375,474.9242248535156,41.02782440185547,70.69535827636719,107.69316101074219,566.5310668945312,276.96826171875,136.42599487304688,281.0313415527344,216.22479248046875,121.00758361816406,78.11173248291016,56.295501708984375,134.4134979248047,53.812442779541016,141.7246551513672,45.077308654785156,530.5641479492188,66.12724304199219,175.35848999023438,171.5331573486328,206.0196990966797,189.0500030517578,399.4122009277344,71.70133209228516,139.11151123046875,134.7305145263672,4520.16015625
2022-03-25,170.8830108642578,292.5868835449219,140.33755493164062,76.9532699584961,431.6199951171875,48.404685974121094,111.2496109008789,162.5376739501953,142.82456970214844,48.43677520751953,126.74091339111328,39.067813873291016,46.9223518371582,302.3242492675781,79.87956237792969,179.95529174804688,663.8145751953125,376.3116760253906,155.86526489257812,474.5265197753906,41.17604064941406,71.51299285888672,108.72602844238281,567.1234130859375,278.24871826171875,137.31971740722656,276.492431640625,217.41275024414062,122.4917984008789,78.40758514404297,57.43885040283203,135.97042846679688,54.29779052734375,142.38818359375,45.272979736328125,528.2826538085938,67.14183044433594,178.150634765625,172.0845184326172,207.08587646484375,188.9499969482422,402.9024963378906,73.26641082763672,141.62937927246094,134.90501403808594,4543.06005859375
2022-03-28,171.74366760253906,299.3504943847656,140.12217712402344,78.71398162841797,450.010009765625,48.55438232421875,111.35122680664062,163.2233123779297,143.25852966308594,48.13771057128906,125.80323028564453,38.90700149536133,46.25279235839844,300.3624267578125,78.91976165771484,179.40676879882812,671.7332153320312,377.2491149902344,156.6669921875,474.6837463378906,41.56611633300781,71.39868927001953,109.6766357421875,575.9126586914062,280.7903747558594,137.86444091796875,279.6963195800781,218.6366424560547,123.50872802734375,79.24141693115234,58.10423278808594,136.9045867919922,54.64194869995117,142.8104248046875,46.077762603759766,537.3137817382812,67.68952178955078,177.5381622314453,175.44070434570312,205.68592834472656,188.16000366210938,395.1936950683594,71.21116638183594,139.1533203125,134.49781799316406,4575.52001953125
2022-03-29,175.0299072265625,303.8884582519531,141.1622314453125,79.36365509033203,466.3299865722656,49.02107620239258,111.74932098388672,167.90869140625,145.6273193359375,48.82926940917969,126.08006286621094,38.8087272644043,46.06532287597656,304.2681579589844,79.41262817382812,180.57949829101562,692.6590576171875,379.9339904785156,156.58766174316406,472.3990783691406,41.14485168457031,71.71520233154297,109.85945892333984,585.4716796875,277.6422424316406,138.04319763183594,282.7489013671875,223.34347534179688,127.47573852539062,81.79674530029297,60.269081115722656,138.31027221679688,54.8537483215332,144.93020629882812,46.46595764160156,541.8482055664062,68.41677856445312,177.92544555664062,177.758056640625,204.9349365234375,193.8000030517578,388.23968505859375,70.8327865600586,137.45521545410156,138.04641723632812,4631.60009765625
2022-03-30,173.86602783203125,302.39508056640625,140.60057067871094,78.48799896240234,460.05999755859375,49.35569763183594,111.91023254394531,164.77928161621094,138.08694458007812,48.062957763671875,125.5085220336914,38.415645599365234,44.73514175415039,300.62225341796875,78.05506896972656,179.46351623535156,696.3494873046875,381.2991638183594,158.217529296875,481.73187255859375,40.91080093383789,72.4449234008789,110.03311157226562,587.7232055664062,279.08636474609375,139.37953186035156,274.516845703125,224.11744689941406,126.9260025024414,81.61742401123047,58.10423278808594,137.35838317871094,54.89786148071289,144.7320098876953,47.29914474487305,548.0180053710938,68.56044006347656,177.02476501464844,175.96009826660156,206.8262939453125,194.91000366210938,396.0550842285156,72.0453109741211,138.42555236816406,136.66961669921875,4602.4501953125
2022-03-31,170.77542114257812,297.0478210449219,137.75665283203125,77.89481353759766,455.6199951171875,49.100337982177734,110.12312316894531,161.2893829345703,138.16830444335938,46.31538391113281,121.7398910522461,36.825416564941406,43.262123107910156,295.704345703125,75.57343292236328,176.85325622558594,684.5342407226562,373.3172912597656,156.1383819580078,471.6961364746094,40.388099670410156,72.13721466064453,108.18673706054688,583.2794189453125,275.69744873046875,137.983642578125,266.3914489746094,222.54251098632812,123.27969360351562,81.56361389160156,56.77346420288086,135.94374084472656,54.712547302246094,144.23223876953125,46.99932098388672,547.4286499023438,68.08457946777344,175.2593994140625,171.37335205078125,206.58529663085938,191.5,392.01422119140625,71.02197265625,136.20880126953125,132.9852752685547,4530.41015625
2022-04-01,170.48202514648438,298.1173095703125,138.82943725585938,77.21688842773438,458.19000244140625,49.01227569580078,110.23323822021484,160.05870056152344,132.89727783203125,44.9603157043457,120.83788299560547,36.53952407836914,43.48530197143555,295.8117370605469,75.21891021728516,177.0140380859375,689.5415649414062,371.2240295410156,156.984130859375,474.1195068359375,40.23207092285156,73.42961883544922,108.3878402709961,584.9483642578125,281.76275634765625,138.46881103515625,268.6698303222656,224.3154296875,122.32687377929688,82.02986145019531,57.063987731933594,137.9811248779297,55.480289459228516,146.28306579589844,47.6589241027832,547.1624145507812,68.61431121826172,176.56539916992188,165.1244354248047,203.75746154785156,190.75999450683594,396.0817565917969,71.47775268554688,137.37156677246094,132.8301544189453,4545.85986328125
2022-04-04,174.5212860107422,303.46453857421875,141.62387084960938,79.156494140625,468.80999755859375,49.19719314575195,110.33486938476562,160.61256408691406,139.06336975097656,45.97895431518555,121.37372589111328,36.47699737548828,43.262123107910156,294.0112609863281,75.46966552734375,177.47747802734375,700.7120971679688,377.06707763671875,155.46881103515625,471.7424621582031,39.74058151245117,73.40324401855469,108.66204833984375,582.7757568359375,280.5592956542969,137.79637145996094,271.9537048339844,222.13754272460938,123.0781478881836,78.98141479492188,58.16983413696289,137.0825653076172,55.18907928466797,145.9039764404297,47.668392181396484,546.7440795898438,68.7669448852539,176.6014404296875,163.9817352294922,204.72171020507812,191.17999267578125,394.3321533203125,71.51213836669922,137.49703979492188,134.36207580566406,4582.64013671875
2022-04-05,171.2155303955078,299.52386474609375,139.26577758789062,78.0925521850586,458.5799865722656,48.69183349609375,109.16605377197266,155.75135803222656,131.51397705078125,44.979000091552734,119.96125793457031,35.86054992675781,42.958587646484375,290.2040100097656,73.74030303955078,175.34011840820312,684.7669067382812,374.8645324707031,156.47311401367188,478.9015808105469,39.97462463378906,73.60546112060547,109.21049499511719,576.9888916015625,281.58935546875,139.10714721679688,271.3129577636719,223.64942932128906,121.20915985107422,75.42192840576172,57.832462310791016,137.56297302246094,55.1273193359375,146.05906677246094,47.80410385131836,546.9247436523438,69.53910827636719,174.40370178222656,157.58897399902344,200.28070068359375,182.64999389648438,397.2007751464844,71.14236450195312,136.6521759033203,131.49215698242188,4525.1201171875
2022-04-06,168.05645751953125,288.55963134765625,135.2609100341797,77.32048797607422,444.3299865722656,48.20420837402344,109.58952331542969,155.81288146972656,125.92644500732422,44.42763137817383,118.296875,35.46746826171875,42.75325393676758,283.306396484375,71.88124084472656,173.74179077148438,667.5679321289062,373.95440673828125,160.5433349609375,491.84149169921875,41.24626159667969,74.70445251464844,109.63095092773438,580.079833984375,294.44195556640625,143.77162170410156,265.68841552734375,226.30438232421875,117.59944152832031,74.7405014038086,56.72659683227539,139.52915954589844,55.68326187133789,148.54937744140625,48.91501235961914,555.9273681640625,70.76019287109375,174.3946990966797,155.33554077148438,200.4568328857422,178.72000122070312,403.7195129394531,71.93352508544922,137.86508178710938,128.53500366210938,4481.14990234375
2022-04-07,168.35963439941406,290.3612976074219,134.6076202392578,77.07471466064453,452.7200012207031,48.434722900390625,108.87808227539062,156.12054443359375,125.87220001220703,44.44631576538086,117.9369888305664,35.19050979614258,42.61935043334961,281.416259765625,71.88124084472656,172.98306274414062,670.8464965820312,377.69512939453125,160.12925720214844,496.6513366699219,43.03278732299805,76.31336212158203,112.76611328125,604.5703735351562,296.9353332519531,147.49122619628906,269.4351501464844,228.91421508789062,118.53395080566406,74.52532196044922,57.47633361816406,141.3352508544922,55.983299255371094,148.687255859375,49.404197692871094,578.039306640625,72.20574951171875,173.56605529785156,153.98507690429688,200.16943359375,177.97000122070312,413.4266662597656,73.13740539550781,139.7807159423828,127.85629272460938,4500.2099609375
2022-04-08,166.35467529296875,286.1221008300781,132.03114318847656,76.50756072998047,445.3399963378906,48.12441635131836,108.1835708618164,153.05262756347656,123.58476257324219,43.941673278808594,120.09620666503906,35.4406623840332,43.50315856933594,287.90185546875,72.68537902832031,174.2255096435547,659.3893432617188,375.9658203125,160.4464111328125,504.9850769042969,43.040592193603516,77.08704376220703,112.65644073486328,601.2621459960938,300.0738830566406,148.92120361328125,276.8752136230469,226.30438232421875,117.40705108642578,73.09075927734375,57.6918830871582,142.43846130371094,56.32745361328125,149.18707275390625,49.678775787353516,570.4246826171875,72.05311584472656,171.2782745361328,152.6026153564453,201.2170867919922,175.1999969482422,409.8830261230469,74.67668151855469,142.1480255126953,127.85629272460938,4488.27978515625
2022-04-11,162.11000061035156,274.8397521972656,127.60920715332031,75.3921890258789,434.44000244140625,46.883182525634766,107.03170013427734,151.1450958251953,122.38229370117188,43.52113723754883,119.65534973144531,35.36919021606445,44.0388069152832,287.3375549316406,72.65080261230469,168.41162109375,652.4739379882812,369.157958984375,158.437744140625,497.10443115234375,42.07321548461914,76.16387176513672,109.72233581542969,578.3614501953125,297.445556640625,144.55467224121094,272.96832275390625,225.39540100097656,114.50279998779297,72.3376235961914,57.973026275634766,141.8957061767578,56.30980682373047,148.73036193847656,48.694095611572266,555.8133544921875,72.22368621826172,170.47662353515625,152.49876403808594,200.3085174560547,175.02999877929688,412.30755615234375,72.10550689697266,138.4924774169922,126.67340850830078,4412.52978515625
2022-04-12,163.97804260253906,271.75665283203125,126.51065826416016,74.98572540283203,426.7699890136719,45.943389892578125,106.70135498046875,152.07688903808594,123.04231262207031,43.455718994140625,118.34185028076172,34.99396514892578,43.22640609741211,286.45965576171875,72.5729751586914,166.48634338378906,642.12744140625,361.6039733886719,158.4906005859375,493.6544494628906,41.433494567871094,75.28470611572266,108.21414947509766,563.8154296875,296.59844970703125,142.40972900390625,272.58563232421875,224.24343872070312,114.55776977539062,71.5396499633789,58.88208770751953,141.46868896484375,56.971649169921875,149.3335418701172,48.359561920166016,552.6666870117188,72.72650146484375,172.02586364746094,150.1414337158203,200.91116333007812,176.27999877929688,415.2383728027344,73.61038970947266,141.37844848632812,126.8576431274414,4397.4501953125
2022-04-13,166.65786743164062,277.11358642578125,128.6696319580078,75.38273620605469,431.6700134277344,46.2359733581543,106.83687591552734,153.93170166015625,127.02950286865234,43.93232727050781,114.52727508544922,34.6812858581543,43.33353805541992,288.4214172363281,72.74591064453125,170.32748413085938,641.1510620117188,360.69384765625,159.1602020263672,496.69744873046875,41.425697326660156,75.72429656982422,109.64575958251953,569.6021118164062,291.3900451660156,136.44381713867188,276.26116943359375,226.18736267089844,116.80237579345703,72.55281066894531,59.69742202758789,141.86904907226562,57.121673583984375,149.0749969482422,49.61880874633789,561.91650390625,72.71752166748047,175.5025634765625,150.92453002929688,202.3667755126953,182.8699951171875,416.69488525390625,74.6509017944336,143.60354614257812,128.32168579101562,4446.58984375
2022-04-14,161.66009521484375,269.6081237792969,125.53543853759766,75.09915924072266,420.44000244140625,45.367095947265625,107.19261932373047,152.65708923339844,123.7836685180664,42.680049896240234,113.46568298339844,33.564552307128906,41.37843704223633,288.12579345703125,73.29066467285156,171.8164825439453,616.4542846679688,352.7574768066406,158.4906005859375,494.6810607910156,41.4412956237793,76.41006469726562,108.0030746459961,561.8008422851562,290.6101989746094,139.32803344726562,271.0103454589844,225.44940185546875,122.27192687988281,71.27962493896484,58.76962661743164,141.07723999023438,57.3775749206543,148.1271514892578,49.574615478515625,561.2509765625,72.67262268066406,175.80882263183594,150.2453155517578,211.21168518066406,181.94000244140625,415.3361511230469,75.52804565429688,143.53660583496094,126.4989242553711,4392.58984375
2022-04-18,161.4449005126953,270.2728576660156,126.47303009033203,73.93651580810547,425.4700012207031,45.31390380859375,106.86229705810547,155.20632934570312,125.96261596679688,43.586551666259766,115.5708999633789,34.70808410644531,42.11048126220703,295.5072021484375,74.7779312133789,174.9652557373047,609.1357421875,355.4605407714844,156.5172119140625,493.99676513671875,40.44271469116211,75.67154693603516,106.71831512451172,564.9906005859375,287.6835021972656,136.79574584960938,267.1746826171875,225.94435119628906,120.59532165527344,71.36927032470703,58.51658630371094,139.73382568359375,56.86576461791992,146.85179138183594,49.19590377807617,553.3889770507812,71.83763122558594,172.99862670898438,149.55813598632812,213.16793823242188,179.85000610351562,415.1407165527344,76.1471939086914,145.4605712890625,123.88107299804688,4391.68994140625
2022-04-19,163.72373962402344,274.87841796875,128.78353881835938,75.203125,436.3999938964844,45.95225143432617,109.38626098632812,157.40399169921875,127.52678680419922,44.79209518432617,117.9639892578125,35.35132598876953,42.69969177246094,300.94476318359375,76.8791275024414,177.51649475097656,628.4578857421875,359.8201599121094,161.2921905517578,497.344970703125,39.147666931152344,75.42535400390625,110.10459899902344,566.9853515625,285.9410095214844,134.21192932128906,273.9294128417969,229.8501739501953,125.56097412109375,72.82177734375,61.318721771240234,141.82456970214844,57.42169952392578,148.9888458251953,49.7545166015625,564.9678955078125,72.37633514404297,177.6192626953125,152.37889099121094,215.2447509765625,185.97999572753906,408.4443054199219,75.46784210205078,143.7374267578125,127.88536834716797,4462.2099609375
2022-04-20,163.55746459960938,275.89959716796875,126.83309173583984,75.89317321777344,428.1099853515625,47.00730895996094,117.15300750732422,157.7204132080078,126.88484954833984,44.9603157043457,118.3778305053711,35.431732177734375,43.43173599243164,305.52227783203125,78.34906768798828,178.73995971679688,626.1557006835938,361.5492858886719,162.00576782226562,505.0313415527344,38.81221008300781,76.01444244384766,112.54566955566406,583.773193359375,282.00341796875,134.5124053955078,280.4617614746094,230.2552032470703,124.47987365722656,71.88033294677734,62.583885192871094,145.59681701660156,58.20709991455078,151.2034149169922,50.37940979003906,573.7424926757812,73.63168334960938,176.84458923339844,152.17112731933594,217.9519805908203,183.5500030517578,403.0889587402344,75.63983917236328,144.3229522705078,120.77848052978516,4459.4501953125
2022-04-21,162.76531982421875,270.5523376464844,123.63800811767578,75.12751770019531,417.4800109863281,46.79452133178711,118.44886016845703,155.79530334472656,123.06038665771484,44.39025115966797,117.4601821899414,34.761680603027344,42.65504837036133,299.4666748046875,76.8791275024414,176.16026306152344,610.4434814453125,355.7063293457031,161.53884887695312,497.10443115234375,38.31291961669922,75.81221008300781,113.215576171875,573.1868286132812,278.8167419433594,136.07470703125,276.2077331542969,229.71519470214844,124.104248046875,70.79546356201172,61.79668426513672,145.4832305908203,58.427703857421875,150.66055297851562,50.45514678955078,562.5343627929688,74.14645385742188,176.48439025878906,150.86863708496094,215.6248779296875,181.02000427246094,390.36224365234375,74.84010314941406,137.67269897460938,117.95706176757812,4393.66015625
2022-04-22,158.2369384765625,264.0199890136719,118.5078125,72.03659057617188,408.6700134277344,45.53554916381836,117.09370422363281,152.34938049316406,120.0768051147461,43.493099212646484,114.0864486694336,33.55561828613281,41.36951446533203,286.45068359375,73.27336883544922,171.22845458984375,593.8536376953125,345.5401306152344,159.93544006347656,481.8428649902344,37.54838943481445,74.3703384399414,109.7925796508789,554.2759399414062,268.3421630859375,133.04452514648438,267.085693359375,225.1433868408203,118.24993896484375,69.86299896240234,58.76962661743164,144.26644897460938,57.58054733276367,148.34255981445312,49.50518798828125,543.4833984375,73.24332427978516,171.7015838623047,149.5501251220703,201.5020294189453,176.9199981689453,395.9130554199219,73.20623016357422,134.6361846923828,114.67023468017578,4271.77978515625
2022-04-25,159.3030242919922,270.46563720703125,121.91390228271484,72.76441955566406,413.95001220703125,46.04978561401367,117.8136215209961,152.8768310546875,123.46724700927734,43.97905349731445,114.05045318603516,33.31439971923828,40.91421127319336,287.9287109375,73.54144287109375,174.6048583984375,598.6370239257812,346.95989990234375,163.87347412109375,484.9229431152344,38.18809509277344,75.11764526367188,110.13214111328125,537.3695678710938,274.571044921875,134.16903686523438,271.3841857910156,227.58229064941406,117.21465301513672,69.91678619384766,59.406898498535156,145.42950439453125,58.189453125,149.71267700195312,49.53044509887695,540.1656494140625,73.8845443725586,172.77342224121094,151.53985595703125,201.87466430664062,175.91000366210938,393.33746337890625,70.73818969726562,131.74183654785156,116.2990951538086,4296.1201171875
2022-04-26,153.35653686523438,260.34918212890625,117.53160858154297,70.4296875,399.1199951171875,45.12772750854492,115.34893035888672,148.06834411621094,120.70064544677734,42.53987503051758,110.67671966552734,32.56395721435547,39.79829788208008,280.49359130859375,71.22406768798828,169.4359893798828,579.619384765625,341.7540283203125,162.70175170898438,475.2202453613281,38.25050735473633,74.27364349365234,107.34234619140625,509.9953918457031,272.28936767578125,134.0659942626953,266.9521484375,223.7124481201172,110.41667938232422,67.80978393554688,57.56067657470703,142.960205078125,57.404056549072266,149.3335418701172,49.012855529785156,526.4288330078125,72.71951293945312,169.03550720214844,146.2738494873047,195.91253662109375,167.0399932861328,396.1794128417969,70.76399993896484,130.93881225585938,112.24633026123047,4175.2001953125
2022-04-27,153.13157653808594,272.87432861328125,113.2171630859375,70.66600036621094,397.8999938964844,43.71803283691406,114.39186096191406,148.9034881591797,122.14718627929688,42.25951385498047,109.23725128173828,32.38528060913086,39.79829788208008,280.59210205078125,71.0857162475586,168.4685821533203,576.0094604492188,346.43206787109375,160.42884826660156,475.2478942871094,38.80440902709961,74.21209716796875,107.1129379272461,513.9851684570312,274.46514892578125,135.30210876464844,268.41168212890625,222.41653442382812,111.07632446289062,67.0118179321289,57.607540130615234,142.5755157470703,57.85411071777344,150.669189453125,48.678314208984375,526.7330322265625,72.87305450439453,167.84657287597656,148.95077514648438,199.3220977783203,154.4600067138672,395.1936950683594,72.78485107421875,130.6962127685547,111.70337677001953,4183.9599609375
2022-04-28,160.04635620117188,279.05010986328125,117.40531158447266,71.97042083740234,410.5299987792969,44.88835144042969,114.9677963256836,154.5821990966797,133.98219299316406,43.773460388183594,110.96460723876953,32.88557815551758,40.32500457763672,285.232421875,72.73402404785156,172.59422302246094,583.1309204101562,351.81097412109375,161.626953125,485.0616149902344,39.40511703491211,77.87828063964844,108.29674530029297,551.9157104492188,286.1913146972656,134.1776123046875,277.4537353515625,228.76126098632812,116.39928436279297,68.66157531738281,59.360042572021484,146.198974609375,58.41006851196289,152.9526824951172,49.30004119873047,535.1312866210938,73.35172271728516,171.06211853027344,151.95541381835938,197.90611267089844,154.22000122070312,392.2895202636719,74.98628234863281,135.33885192871094,111.78093719482422,4287.5
2022-04-29,154.18785095214844,267.3824768066406,113.03389739990234,69.3804702758789,395.95001220703125,43.42546081542969,111.97798919677734,149.65951538085938,126.29712677001953,40.73623275756836,107.38392639160156,31.876049041748047,38.95018768310547,273.6585998535156,70.28337097167969,165.6991729736328,559.5807495117188,342.66412353515625,158.98397827148438,470.3826599121094,38.28170394897461,77.97500610351562,104.15795135498047,546.0202026367188,281.2427978515625,126.0828628540039,267.3437194824219,224.23443603515625,114.24626922607422,66.9221420288086,57.42947769165039,143.64019775390625,57.015769958496094,147.9634246826172,48.2838134765625,506.2989196777344,69.585693359375,174.29563903808594,143.82061767578125,196.1360626220703,148.83999633789062,383.7724609375,73.30941009521484,131.055908203125,108.23233032226562,4131.93017578125
2022-05-02,154.49105834960938,274.0786437988281,115.48408508300781,69.94761657714844,407.2900085449219,44.20566940307617,112.68097686767578,152.95590209960938,131.34217834472656,42.01652908325195,108.36457824707031,32.287010192871094,38.98589324951172,278.07489013671875,71.47816467285156,162.76853942871094,559.6881103515625,334.3091125488281,157.38055419921875,463.5380859375,37.71220397949219,77.06065368652344,103.54310607910156,538.712646484375,278.7685546875,126.93263244628906,273.19073486328125,221.96652221679688,115.51056671142578,67.57666778564453,58.38538360595703,141.69871520996094,55.983299255371094,144.55967712402344,47.965049743652344,503.6613464355469,67.89684295654297,177.32200622558594,142.70187377929688,197.56143188476562,148.61000061035156,382.6090393066406,74.30693054199219,133.63235473632812,110.04542541503906,4155.3798828125
2022-05-03,155.97767639160156,271.4868469238281,116.22801971435547,69.27649688720703,407.5799865722656,44.258846282958984,112.24055480957031,151.6725311279297,130.42897033691406,42.109989166259766,110.68572998046875,33.17145919799805,39.42333984375,281.8731384277344,73.03924560546875,163.23326110839844,565.2958374023438,327.31024169921875,157.07223510742188,462.1229553222656,38.45335006713867,76.57711029052734,103.1760482788086,539.502685546875,277.3341369628906,128.41770935058594,271.40191650390625,221.2736053466797,112.5605239868164,66.64421081542969,58.12297439575195,139.75729370117188,55.66560363769531,144.7578887939453,48.13233184814453,502.8330383300781,67.27367401123047,177.47511291503906,142.3343048095703,199.00538635253906,153.5800018310547,386.12591552734375,75.83763122558594,135.92440795898438,110.09390258789062,4175.47998046875
2022-05-04,162.37403869628906,279.38739013671875,121.10857391357422,71.09135437011719,423.3500061035156,45.73060989379883,116.3737564086914,154.91624450683594,134.75975036621094,43.493099212646484,114.34734344482422,34.50260925292969,41.04812240600586,290.3384704589844,76.06546783447266,168.64874267578125,595.90478515625,331.5787048339844,158.75491333007812,469.52252197265625,38.74199295043945,77.82555389404297,106.17688751220703,555.9546508789062,283.9095458984375,130.12591552734375,280.6130676269531,228.8782196044922,115.49225616455078,73.19833374023438,60.044166564941406,140.78614807128906,57.38640213012695,149.8160858154297,48.79825210571289,518.4014282226562,69.54054260253906,185.41033935546875,146.87315368652344,207.36170959472656,156.97000122070312,395.8685607910156,78.8559799194336,140.19058227539062,112.65354919433594,4300.169921875
2022-05-05,153.3272247314453,267.2187805175781,115.4073257446289,68.81331634521484,400.510009765625,43.98401641845703,115.12026977539062,149.68582153320312,128.0601806640625,42.009578704833984,111.48640441894531,33.53774642944336,40.17742919921875,280.44879150390625,74.07706451416016,162.19000244140625,567.75927734375,315.7243347167969,155.7242889404297,457.5906982421875,37.798030853271484,77.37715911865234,103.70829010009766,543.640380859375,281.4739685058594,130.63235473632812,266.1957092285156,224.01846313476562,108.68512725830078,69.46851348876953,57.832462310791016,138.1916046142578,56.92752456665039,146.82595825195312,48.38014221191406,492.5874328613281,68.71868133544922,178.2227020263672,143.66879272460938,201.15728759765625,150.47000122070312,393.5683898925781,77.66067504882812,139.07803344726562,109.18251037597656,4146.8701171875
2022-05-06,154.05197143554688,264.6944885253906,114.65547943115234,68.52029418945312,391.010009765625,43.73576736450195,116.60245513916016,148.198974609375,127.10179138183594,41.72699737548828,111.30647277832031,33.457340240478516,39.98894119262695,280.35028076171875,73.4578628540039,158.52908325195312,563.1101684570312,314.68670654296875,155.3806915283203,462.1229553222656,38.258304595947266,77.71126556396484,103.0291976928711,539.8580932617188,285.8349914550781,131.19033813476562,261.9239196777344,225.6923828125,104.89217376708984,68.60775756835938,56.614139556884766,139.56942749023438,57.1304931640625,146.8432159423828,47.37287521362305,479.2948913574219,69.39603424072266,176.02499389648438,143.77268981933594,199.9648895263672,148.89999389648438,399.145751953125,78.8473892211914,142.7837677001953,106.9331283569336,4123.33984375
2022-05-09,148.9391326904297,254.91517639160156,111.45047760009766,67.62232208251953,376.9100036621094,43.4077262878418,115.24801635742188,145.9775390625,121.98448944091797,40.56843948364258,109.63311004638672,32.49248504638672,39.4593391418457,276.704345703125,70.77176666259766,152.71524047851562,542.4532470703125,299.2236328125,156.22645568847656,449.91357421875,37.94624710083008,77.05184936523438,98.55087280273438,510.93353271484375,278.4508972167969,129.58518981933594,264.3446044921875,222.7314910888672,101.88715362548828,65.89105987548828,55.42394256591797,139.22048950195312,57.015769958496094,147.9547882080078,47.92719650268555,474.98150634765625,70.1456298828125,174.70094299316406,144.9792938232422,192.1768341064453,133.30999755859375,389.7406311035156,72.63006591796875,133.214111328125,103.72386932373047,3991.239990234375
2022-05-10,151.33885192871094,259.655517578125,113.31671142578125,68.55812072753906,393.0299987792969,43.93081283569336,110.696044921875,148.898193359375,123.69326782226562,41.4538459777832,106.96111297607422,31.947513580322266,38.6694450378418,273.2734375,69.99557495117188,153.48342895507812,546.6365356445312,298.513671875,156.01499938964844,451.3842468261719,38.609375,77.20133209228516,97.96355438232422,519.6631469726562,275.0524597167969,130.55511474609375,259.12054443359375,221.10255432128906,100.31135559082031,64.42961120605469,52.668678283691406,138.48684692382812,56.48629379272461,147.77383422851562,47.252506256103516,477.4857177734375,69.24249267578125,175.43052673339844,145.44276428222656,189.10260009765625,132.9499969482422,389.9981384277344,73.11161041259766,134.49395751953125,104.4025650024414,4001.050048828125
2022-05-11,143.49322509765625,251.03240966796875,112.53167724609375,67.14025115966797,379.3299865722656,43.13288116455078,112.08477783203125,145.75628662109375,119.61569213867188,40.342376708984375,106.286376953125,31.777780532836914,38.211639404296875,270.129150390625,68.80081176757812,151.16929626464844,537.7861328125,296.5296630859375,155.16932678222656,449.6638488769531,38.57816696166992,78.41460418701172,97.1284408569336,513.510986328125,276.00555419921875,130.4435272216797,251.82290649414062,219.9776153564453,98.87296295166016,62.815731048583984,51.806644439697266,136.5364532470703,56.75102996826172,147.05862426757812,46.75839614868164,465.69757080078125,69.31475830078125,172.95355224609375,141.80694580078125,191.17071533203125,129.38999938964844,391.1349182128906,74.63369750976562,136.48484802246094,102.00774383544922,3935.179931640625
2022-05-12,139.6341094970703,246.02236938476562,111.78033447265625,66.85669708251953,388.489990234375,42.81370544433594,113.92784881591797,146.8271484375,119.13648986816406,40.35179901123047,106.19638061523438,31.33108139038086,37.52946472167969,268.212158203125,68.53915405273438,145.3649444580078,537.8309936523438,300.0335998535156,156.70217895507812,442.8655090332031,39.63208770751953,79.85645294189453,99.08312225341797,519.2385864257812,280.92510986328125,132.44361877441406,257.8122253417969,219.7616424560547,98.85462951660156,63.113712310791016,52.758182525634766,135.98175048828125,56.92752456665039,146.83457946777344,46.71403503417969,462.9362487792969,70.0372543334961,174.6555938720703,142.75784301757812,189.139892578125,123.13999938964844,385.96612548828125,74.97251892089844,137.7814483642578,101.13513946533203,3930.080078125
2022-05-13,144.0907440185547,251.5815887451172,114.95661163330078,67.2725830078125,405.45001220703125,43.93968200683594,114.5279312133789,150.2257080078125,121.9935302734375,41.06766128540039,107.14102172851562,31.420421600341797,38.27448654174805,275.0022888183594,70.2397689819336,150.56231689453125,551.205078125,306.577392578125,155.8035888671875,448.9701232910156,39.262428283691406,79.4872055053711,100.83592224121094,534.6636352539062,281.7075500488281,131.76547241210938,263.45458984375,220.52658081054688,103.53624725341797,68.26029968261719,53.8792839050293,137.44003295898438,57.995304107666016,149.6954803466797,46.89459228515625,473.4960632324219,70.80489349365234,175.20779418945312,143.49122619628906,190.35093688964844,127.19999694824219,386.481201171875,77.19649505615234,140.4248046875,104.06322479248047,4023.889892578125
2022-05-16,142.55294799804688,251.94776916503906,113.36624145507812,65.89253234863281,402.8599853515625,43.44318389892578,115.75376892089844,149.12826538085938,121.07129669189453,40.57786178588867,106.39431762695312,31.098804473876953,37.88850784301758,271.82220458984375,69.68163299560547,148.36196899414062,536.218505859375,305.2213439941406,156.88720703125,452.50347900390625,39.8523063659668,81.16644287109375,100.6799087524414,532.6492309570312,289.1939392089844,133.45651245117188,263.41900634765625,219.62661743164062,103.16062927246094,65.3890380859375,52.87123107910156,138.7820587158203,58.20709991455078,151.2034149169922,46.945274353027344,470.88702392578125,71.10294342041016,175.5971221923828,144.88551330566406,193.01527404785156,124.05000305175781,388.5948791503906,79.01217651367188,144.7244415283203,101.9786605834961,4008.010009765625
2022-05-17,146.1770477294922,257.0733337402344,115.37512969970703,67.94371032714844,409.6499938964844,44.86174392700195,118.61698913574219,154.86326599121094,126.29712677001953,41.821189880371094,109.92098999023438,32.15299987792969,39.23493957519531,280.3591613769531,72.3241195678711,153.50242614746094,547.97119140625,308.7890930175781,157.53915405273438,455.5650939941406,40.379276275634766,81.7643051147461,105.11238098144531,547.6792602539062,291.1451721191406,132.8642578125,267.833251953125,217.45774841308594,106.1839828491211,66.56282806396484,52.93718719482422,138.38841247558594,58.04824447631836,150.33309936523438,41.60489273071289,467.0211486816406,71.13905334472656,180.2142791748047,147.60159301757812,198.5116424560547,132.0500030517578,391.6589660644531,80.0199203491211,145.5777130126953,105.33333587646484,4088.85009765625
2022-05-18,137.92984008789062,245.36891174316406,110.84473419189453,64.55976104736328,397.8800048828125,42.875762939453125,113.96214294433594,150.72132873535156,117.94302368164062,39.890254974365234,108.04067993164062,31.161340713500977,37.79875183105469,274.7693786621094,70.3705825805664,148.04901123046875,530.1810302734375,300.4522705078125,154.6142120361328,436.0024719238281,39.639957427978516,80.9730224609375,103.46051025390625,535.4043579101562,285.14642333984375,130.84698486328125,253.7985076904297,207.9361572265625,100.2013931274414,64.3597183227539,56.70561981201172,129.76377868652344,54.00657653808594,141.01808166503906,38.77949905395508,408.8708801269531,68.37550354003906,175.5156707763672,138.8086700439453,193.71397399902344,125.5199966430664,385.73516845703125,78.75155639648438,141.7403106689453,101.12545013427734,3923.679931640625
2022-05-19,134.5310516357422,244.4611358642578,109.3435287475586,63.3687629699707,394.3800048828125,36.98877716064453,111.15038299560547,148.34942626953125,118.05155181884766,39.57000732421875,106.43930053710938,30.777179718017578,37.70000457763672,276.08624267578125,69.73394012451172,146.05728149414062,531.27392578125,302.2270202636719,153.2399139404297,442.6342468261719,39.836578369140625,80.9642333984375,103.18522644042969,543.8675537109375,276.52996826171875,130.237548828125,256.0946350097656,206.0911865234375,97.51702880859375,64.94660186767578,57.8549919128418,126.77554321289062,52.947628021240234,138.90689086914062,37.7152214050293,402.71014404296875,67.84265899658203,174.41114807128906,134.9078826904297,192.61468505859375,127.13999938964844,377.9997253417969,79.1772232055664,140.7282257080078,100.00074768066406,3900.7900390625
2022-05-20,134.76614379882812,243.9010467529297,107.88143157958984,64.8716812133789,399.0899963378906,38.07041549682617,110.13882446289062,150.28768920898438,118.9827880859375,39.230918884277344,105.56660461425781,30.250083923339844,37.403785705566406,274.8321838378906,69.21940612792969,145.33651733398438,537.8668212890625,311.64691162109375,155.9181365966797,449.275390625,41.26802444458008,82.24784851074219,103.91935729980469,548.2224731445312,288.68194580078125,129.62803649902344,255.58737182617188,210.51002502441406,98.94624328613281,66.26487731933594,54.51992416381836,126.85603332519531,53.812442779541016,139.7772216796875,37.75640106201172,396.5209045410156,67.8516845703125,171.78570556640625,137.84959411621094,184.28631591796875,120.69999694824219,376.69427490234375,79.802734375,141.5378875732422,99.30265808105469,3901.360107421875
2022-05-23,140.17282104492188,251.7136993408203,110.43710327148438,66.20446014404297,406.760009765625,38.433921813964844,112.4448013305664,150.39389038085938,119.45295715332031,39.560585021972656,112.09819030761719,32.04579544067383,39.33367156982422,283.6199035644531,71.78340911865234,150.83734130859375,547.7832641601562,319.0188903808594,159.10121154785156,455.1488037109375,41.59049606323242,82.49402618408203,105.56204986572266,548.2817993164062,292.30438232421875,127.06999969482422,254.55506896972656,214.19088745117188,99.5234375,66.29195404052734,56.81867599487305,129.77273559570312,55.471473693847656,142.69842529296875,38.833343505859375,408.947021484375,69.1070327758789,171.6318359375,140.5495147705078,190.18325805664062,124.06999969482422,384.5806884765625,81.56627655029297,144.82711791992188,102.60888671875,3973.75
2022-05-24,137.47926330566406,250.71897888183594,104.97113037109375,65.24978637695312,398.4100036621094,38.806297302246094,114.69939422607422,148.56182861328125,116.20712280273438,39.249752044677734,113.68160247802734,31.849252700805664,38.85793685913086,281.2371826171875,71.47816467285156,147.6032257080078,553.910400390625,319.3374938964844,160.83905029296875,460.2175598144531,42.00733947753906,83.2061538696289,104.40573120117188,541.9713134765625,295.5500183105469,127.99706268310547,256.23712158203125,220.05860900878906,98.29576110839844,65.659912109375,56.22514724731445,132.08096313476562,56.495113372802734,144.6114044189453,39.317970275878906,416.78350830078125,70.55204010009766,171.97584533691406,140.3238525390625,191.58062744140625,119.4000015258789,393.23980712890625,82.00933074951172,145.60301208496094,98.49791717529297,3941.47998046875
2022-05-25,137.63597106933594,253.51956176757812,104.80768585205078,66.00597381591797,402.5,39.01021194458008,115.20513916015625,150.46466064453125,118.64825439453125,39.74897003173828,114.47329711914062,32.01899337768555,39.60295486450195,282.0881042480469,71.71365356445312,152.2315216064453,561.3005981445312,316.416015625,159.26080322265625,460.707763671875,42.243289947509766,82.4236831665039,103.87348937988281,527.6029052734375,296.5643310546875,130.4435272216797,261.2653503417969,219.59962463378906,99.12947082519531,65.4432144165039,57.676002502441406,129.91586303710938,56.539249420166016,145.60235595703125,39.077239990234375,419.06878662109375,69.98304748535156,172.41043090820312,140.12234497070312,194.99021911621094,122.05999755859375,397.4671630859375,83.65995788574219,147.939208984375,100.11710357666016,3978.72998046875
2022-05-26,140.82908630371094,256.7836608886719,106.77644348144531,67.73576354980469,408.6000061035156,39.887943267822266,117.34822845458984,154.11102294921875,121.9121322631836,40.954627990722656,116.45256805419922,32.76050567626953,40.93144226074219,289.9084777832031,74.12939453125,156.84088134765625,584.44775390625,321.5799560546875,159.1189422607422,464.5370788574219,42.46351623535156,81.15766143798828,105.41519927978516,533.3699951171875,302.7948303222656,129.25035095214844,269.4885559082031,223.2715301513672,103.47212219238281,67.25806427001953,60.39869689941406,131.05206298828125,56.742218017578125,146.584716796875,39.9102897644043,442.75927734375,70.58814239501953,174.81854248046875,143.76524353027344,198.41848754882812,127.7300033569336,397.8668212890625,83.95532989501953,148.93438720703125,102.39557647705078,4057.840087890625
2022-05-27,146.56878662109375,263.8719482421875,111.25780487060547,68.79441833496094,428.2200012207031,40.44648361206055,119.3885269165039,157.5095977783203,126.36042022705078,41.96247863769531,118.09896087646484,33.073184967041016,41.191734313964844,294.3426513671875,75.3939437866211,160.8527374267578,597.0695190429688,329.03387451171875,160.56419372558594,469.05078125,42.40059280395508,81.83463287353516,107.08538818359375,565.2077026367188,312.4739685058594,128.76107788085938,274.516845703125,226.67330932617188,106.26644134521484,69.26252746582031,60.85090637207031,133.05615234375,57.07754135131836,148.01510620117188,40.695823669433594,448.2534484863281,71.22034454345703,177.76087951660156,147.10995483398438,202.2845458984375,132.22999572753906,400.1493225097656,84.7806167602539,150.35977172851562,105.99264526367188,4158.240234375
2022-05-31,145.7852325439453,262.5489501953125,112.68966674804688,67.98152160644531,416.4800109863281,39.941139221191406,119.01988983154297,156.43862915039062,129.4887237548828,41.840023040771484,118.96261596679688,33.23399353027344,41.08403015136719,294.58599853515625,75.12358093261719,160.1129608154297,599.3538208007812,318.85205078125,159.18101501464844,459.49609375,41.716331481933594,80.91150665283203,107.79200744628906,560.4874267578125,302.7755432128906,126.50343322753906,269.4351501464844,226.97930908203125,108.88668823242188,70.87875366210938,59.88995361328125,132.3046417236328,55.93034744262695,144.5510711669922,40.74333572387695,443.9305419921875,71.17517852783203,175.28933715820312,146.88426208496094,201.0828094482422,131.39999389648438,393.312744140625,83.3993148803711,147.30667114257812,107.07856750488281,4132.14990234375
2022-06-01,145.65789794921875,263.0802001953125,112.81846618652344,67.67901611328125,418.1600036621094,40.10072326660156,119.5256576538086,154.36767578125,127.261962890625,41.548038482666016,116.87541961669922,32.76050567626953,40.53648376464844,290.07965087890625,74.12939453125,157.2107391357422,591.6768188476562,302.9130554199219,157.56729125976562,455.58349609375,41.18936538696289,80.1290054321289,105.60791015625,549.2791137695312,300.4958190917969,125.3446044921875,266.1573181152344,224.34243774414062,108.73092651367188,68.874267578125,58.881893157958984,130.3005828857422,55.65678787231445,143.46530151367188,39.73606872558594,435.1418151855469,70.624267578125,173.74118041992188,145.2562713623047,202.68516540527344,130.64999389648438,392.5888366699219,84.997802734375,148.7067108154297,105.86661529541016,4101.22998046875
2022-06-02,148.10655212402344,265.1661071777344,116.51378631591797,69.13470458984375,441.2799987792969,40.597225189208984,120.14287567138672,156.4032440185547,132.87884521484375,42.235633850097656,118.75569152832031,32.97615051269531,40.689083099365234,292.2427062988281,74.30380249023438,160.4164276123047,614.9494018554688,312.9763488769531,157.0707550048828,455.3153076171875,41.433189392089844,79.12676239013672,107.83792114257812,562.9859008789062,292.1401062011719,125.97124481201172,273.9309387207031,225.33236694335938,113.06440734863281,71.70943450927734,60.078372955322266,131.7052001953125,56.23921203613281,144.62802124023438,40.388580322265625,464.2978515625,71.59062957763672,178.3855438232422,148.35110473632812,204.94888305664062,140.5,394.2064514160156,84.85011291503906,148.4368133544922,107.49547576904297,4176.81982421875
2022-06-03,142.396240234375,260.7624206542969,113.46133422851562,67.85862731933594,429.760009765625,40.11845397949219,121.02581787109375,152.51797485351562,128.3525848388672,40.86985397338867,117.1003189086914,32.51789093017578,40.23128890991211,287.2225646972656,73.3619384765625,158.22560119628906,606.0447387695312,306.4893798828125,156.4235076904297,449.16436767578125,41.84217071533203,79.047607421875,106.97528076171875,551.135498046875,291.38665771484375,126.33173370361328,273.2234802246094,224.75320434570312,111.08516693115234,71.37535858154297,58.43910598754883,130.5242462158203,55.568538665771484,143.04014587402344,39.69490432739258,453.48101806640625,71.2835464477539,176.375732421875,149.4955596923828,207.65048217773438,139.25,395.618408203125,86.08373260498047,149.78623962402344,105.36243438720703,4108.5400390625
2022-06-06,143.140625,259.5359191894531,115.71935272216797,68.9740219116211,429.4599914550781,40.18937683105469,122.4831771850586,148.4733428955078,127.64371490478516,40.822757720947266,116.7134780883789,32.48195266723633,40.500587463378906,288.87188720703125,74.01600646972656,158.40582275390625,609.2926635742188,308.9619445800781,156.40576171875,453.3913879394531,41.88936233520508,78.98607635498047,106.83760833740234,545.9807739257812,293.0384826660156,125.78240203857422,272.15771484375,224.49081420898438,110.42391204833984,71.3121566772461,58.15647506713867,130.01426696777344,55.480289459228516,143.63885498046875,39.5523681640625,449.88177490234375,71.14807891845703,176.710693359375,150.8011932373047,208.33053588867188,139.24000549316406,396.2618408203125,85.86654663085938,149.13682556152344,104.5479965209961,4121.43017578125
2022-06-07,145.65789794921875,263.15740966796875,116.04524230957031,68.70934295654297,433.4200134277344,40.40216827392578,122.39743041992188,150.32308959960938,128.96156311035156,41.00171661376953,117.01935577392578,32.661659240722656,40.81475067138672,289.7731628417969,74.41718292236328,159.98965454101562,613.1449584960938,314.27197265625,158.12591552734375,459.79205322265625,42.439918518066406,79.54875946044922,107.25975036621094,553.66357421875,301.4810791015625,128.02284240722656,270.25909423828125,225.27809143066406,111.7464370727539,71.75457763671875,57.515838623046875,131.46363830566406,55.81562423706055,144.52391052246094,39.077239990234375,449.2247619628906,71.0848617553711,178.91061401367188,149.5116729736328,211.5631561279297,140.82000732421875,407.78125,89.80196380615234,151.9790802001953,104.50921630859375,4160.68017578125
2022-06-08,144.9232635498047,261.1390380859375,116.08934020996094,67.47108459472656,428.8399963378906,39.82587432861328,120.72579956054688,146.35809326171875,126.29850769042969,38.835304260253906,115.15705108642578,32.24833679199219,40.060752868652344,283.61737060546875,72.5595932006836,157.40048217773438,597.6270141601562,309.007568359375,157.18605041503906,456.4900207519531,42.054534912109375,78.6695556640625,105.25001525878906,545.1709594726562,302.82391357421875,128.11724853515625,266.4618225097656,222.26461791992188,112.41692352294922,70.85166931152344,57.87384033203125,129.82640075683594,55.4979362487793,143.80372619628906,38.738319396972656,445.6159362792969,70.32625579833984,176.10414123535156,144.61956787109375,214.0784454345703,139.6300048828125,396.2618408203125,90.86182403564453,152.76339721679688,104.07291412353516,4115.77001953125
2022-06-09,139.71250915527344,255.71177673339844,113.75306701660156,65.42938232421875,426.4200134277344,39.240718841552734,118.26551818847656,143.0038299560547,124.25354766845703,37.68616485595703,112.73694610595703,31.008363723754883,38.301414489746094,274.1898498535156,70.78048706054688,152.6772918701172,595.3175048828125,306.9456787109375,154.02069091796875,452.6976318359375,40.72533416748047,77.36837005615234,103.43299102783203,533.0838012695312,292.9322509765625,124.8381118774414,268.54852294921875,219.14256286621094,108.92683410644531,71.24895477294922,57.13898849487305,127.48234558105469,54.53605651855469,141.2440185546875,38.332881927490234,449.48175048828125,69.40506744384766,173.83177185058594,142.29034423828125,208.3677978515625,133.72999572753906,386.70849609375,88.89848327636719,149.7187957763672,100.15587615966797,4017.820068359375
2022-06-10,134.31556701660156,244.3162841796875,110.11369323730469,63.46328353881836,393.8399963378906,38.55805206298828,116.7481689453125,139.6407012939453,121.0633544921875,36.90437316894531,107.55488586425781,29.8043270111084,35.97657775878906,258.6877746582031,67.50135040283203,146.45562744140625,557.2626342773438,303.59735107421875,152.99215698242188,448.2579650878906,39.301761627197266,76.64743041992188,100.60648345947266,520.3052978515625,286.9045104980469,122.92391204833984,259.0374450683594,214.81687927246094,105.37249755859375,68.32350158691406,55.556251525878906,126.99921417236328,54.19190216064453,141.0184326171875,38.54827117919922,441.15960693359375,69.20636749267578,168.64425659179688,139.46954345703125,200.4586639404297,127.0,384.447509765625,87.27391815185547,147.93075561523438,96.37458801269531,3900.860107421875
2022-06-13,129.17330932617188,233.9541778564453,105.38965606689453,60.54249572753906,371.6499938964844,38.33640670776367,115.82237243652344,135.87930297851562,116.93702697753906,35.57626724243164,104.3520736694336,28.771020889282227,34.998172760009766,255.35296630859375,65.56525421142578,138.74496459960938,540.1659545898438,294.1087341308594,151.4493865966797,434.448486328125,37.68155288696289,74.73082733154297,97.19270324707031,505.52203369140625,281.36944580078125,119.6791000366211,253.59237670898438,215.8032684326172,101.43238830566406,65.3348617553711,54.01118469238281,123.59942626953125,54.130126953125,138.606201171875,37.82292175292969,430.6283264160156,68.80900573730469,166.96031188964844,139.20359802246094,192.7264862060547,115.86000061035156,378.8531799316406,83.26900482177734,141.12461853027344,92.7968978881836,3749.6298828125
2022-06-14,130.03526306152344,236.10769653320312,105.70960235595703,66.84723663330078,370.82000732421875,38.043819427490234,116.34526824951172,136.3660888671875,118.39124298095703,35.72698211669922,102.61571502685547,28.267837524414062,33.59788513183594,254.64999389648438,65.3734130859375,137.14210510253906,533.4085693359375,289.6108093261719,149.12637329101562,427.0951843261719,37.689414978027344,74.89923095703125,94.4671401977539,501.4114685058594,280.8962097167969,118.13397216796875,249.57118225097656,216.0657196044922,101.6895523071289,65.28971099853516,54.01118469238281,119.74337768554688,52.6457633972168,135.46511840820312,37.83876037597656,433.05657958984375,67.07499694824219,165.92828369140625,140.36416625976562,192.54946899414062,122.16000366210938,371.9183044433594,83.48619079589844,141.31016540527344,91.35224914550781,3735.47998046875
2022-06-15,132.6504669189453,243.12844848632812,108.72986602783203,65.88310241699219,376.9200134277344,38.83287811279297,117.49398803710938,137.99453735351562,119.09107971191406,36.4051628112793,103.83026885986328,28.7979679107666,34.26212692260742,261.4366760253906,66.29784393310547,138.67857360839844,541.2305297851562,293.1781005859375,150.72232055664062,429.4814758300781,38.15345764160156,75.01445007324219,96.17405700683594,508.63458251953125,283.02130126953125,118.53742218017578,250.5205078125,216.19241333007812,104.18771362304688,66.9872055053711,54.2938117980957,118.55348205566406,53.03685760498047,136.91419982910156,37.81341552734375,436.855712890625,66.97565460205078,167.45826721191406,141.75035095214844,191.9066925048828,133.72000122070312,370.068359375,82.43501281738281,138.535400390625,92.96172332763672,3789.989990234375
2022-06-16,127.39067840576172,236.57127380371094,105.0340347290039,64.94728088378906,365.0799865722656,38.407318115234375,116.30241394042969,133.96759033203125,109.81134796142578,35.171241760253906,102.04894256591797,28.618267059326172,33.79536437988281,256.84912109375,64.49256134033203,130.4082794189453,528.4822998046875,288.3335266113281,150.80213928222656,423.3642883300781,37.343360900878906,75.24491882324219,93.66873931884766,498.8819580078125,278.2686767578125,119.44733428955078,244.90516662597656,212.83505249023438,98.38316345214844,64.06175994873047,53.45533752441406,119.27816009521484,52.50355911254883,136.25474548339844,38.2061767578125,430.1618347167969,66.75890350341797,162.8501434326172,138.77642822265625,181.463623046875,133.36000061035156,361.7483825683594,79.39440155029297,131.13040161132812,91.4104232788086,3666.77001953125
2022-06-17,128.85989379882812,239.1593780517578,106.13357543945312,64.01150512695312,360.7900085449219,38.46938705444336,115.74520111083984,132.93212890625,109.96586608886719,34.82273864746094,101.6890640258789,28.681163787841797,34.5403938293457,252.17137145996094,63.576839447021484,136.74375915527344,525.315673828125,291.89166259765625,150.25241088867188,419.62347412109375,36.596168518066406,75.00558471679688,94.09088897705078,494.9393615722656,281.00244140625,118.70053100585938,242.4603271484375,212.10206604003906,98.5852279663086,64.8924331665039,53.342288970947266,118.41925048828125,52.82353591918945,136.28077697753906,37.46816635131836,425.33416748046875,66.86727905273438,162.68719482421875,137.87376403808594,179.46067810058594,136.8000030517578,361.0513610839844,74.81614685058594,125.14237976074219,91.46858978271484,3674.840087890625
2022-06-21,133.0814208984375,245.04058837890625,110.49259185791016,63.973716735839844,362.989990234375,39.13433074951172,118.17119598388672,135.81735229492188,113.05609130859375,35.53859329223633,104.2081298828125,29.516796112060547,34.998172760009766,256.6959533691406,65.0855941772461,137.2938690185547,554.4387817382812,291.9738464355469,153.40000915527344,445.8558349609375,37.83884811401367,78.02814483642578,95.81614685058594,507.42901611328125,287.2232971191406,123.15564727783203,241.09010314941406,216.81683349609375,99.81592559814453,65.8766098022461,54.161922454833984,122.00691986083984,53.95235824584961,139.44790649414062,38.697139739990234,440.9692077636719,69.05284118652344,163.4205322265625,140.63818359375,182.9355010986328,136.75,374.41162109375,79.47261047363281,130.3798370361328,90.45055389404297,3764.7900390625
2022-06-22,132.57208251953125,244.45150756835938,110.43661499023438,62.886680603027344,365.3299865722656,38.628971099853516,117.51112365722656,135.0562286376953,111.02925872802734,35.20892333984375,103.62335968017578,29.29216194152832,34.648101806640625,256.4525451660156,64.88502502441406,136.94293212890625,549.6932373046875,296.6725158691406,155.82058715820312,454.54412841796875,38.59389114379883,79.02975463867188,96.7613754272461,513.0413208007812,296.255126953125,126.66653442382812,240.89305114746094,219.9569854736328,96.36260986328125,66.18360900878906,53.76624298095703,123.91256713867188,54.35233688354492,140.59324645996094,38.22835159301758,437.96978759765625,70.36239624023438,160.90370178222656,141.96798706054688,174.97975158691406,137.16000366210938,371.27490234375,76.3277359008789,124.71221160888672,90.65415954589844,3759.889892578125
2022-06-23,135.4321746826172,249.98501586914062,111.18400573730469,63.92644500732422,376.6400146484375,38.061561584472656,118.677001953125,133.7640838623047,109.14789581298828,35.2371826171875,102.48977661132812,28.824926376342773,34.019775390625,257.921630859375,64.51001739501953,134.34426879882812,563.614013671875,304.49139404296875,159.2962646484375,463.9472961425781,39.39613723754883,81.54708099365234,97.46798706054688,534.1669311523438,302.0799865722656,128.28892517089844,246.66055297851562,220.42758178710938,99.19139862060547,67.8991470336914,53.9829216003418,127.31234741210938,55.001190185546875,142.38937377929688,39.156429290771484,452.2907409667969,71.2384033203125,158.04286193847656,143.96673583984375,166.44639587402344,133.97000122070312,366.95843505859375,74.02558135986328,120.12418365478516,91.4298095703125,3795.72998046875
2022-06-24,138.7526092529297,258.5220642089844,116.86295318603516,66.82831573486328,387.7200012207031,39.0988655090332,121.78021240234375,138.02110290527344,113.70140075683594,36.36748504638672,105.54862976074219,29.031591415405273,36.58695602416992,272.8650207519531,67.86763000488281,138.6121826171875,584.4279174804688,311.71734619140625,161.62814331054688,460.0765380859375,40.57589340209961,82.54869842529297,100.44132232666016,538.3268432617188,314.5410461425781,130.76974487304688,253.44906616210938,224.33692932128906,103.70093536376953,70.52661895751953,56.75273513793945,129.14642333984375,56.03224563598633,144.1508331298828,39.18810272216797,461.2127685546875,72.59310913085938,162.9768829345703,147.7305450439453,172.79983520507812,141.52999877929688,374.483154296875,75.4937744140625,122.0977554321289,94.80388641357422,3911.739990234375
2022-06-27,138.7526092529297,255.80838012695312,114.74165344238281,66.5542221069336,381.07000732421875,38.806297302246094,122.41456604003906,137.72901916503906,115.59186553955078,36.38631820678711,104.70294189453125,29.067527770996094,36.12019729614258,271.0894470214844,67.53623962402344,136.84811401367188,574.6298828125,310.6315612792969,161.47743225097656,469.3775634765625,40.80398178100586,83.68328094482422,100.10176849365234,537.1710815429688,316.1349792480469,131.45643615722656,253.17147827148438,223.5496063232422,101.48750305175781,70.13835906982422,56.347618103027344,128.16229248046875,55.91668701171875,144.3417205810547,39.31480026245117,458.7180480957031,72.14153289794922,161.41064453125,146.52969360351562,174.75619506835938,138.72000122070312,374.6708679199219,77.34417724609375,124.45922088623047,93.66949462890625,3900.110107421875
2022-06-28,134.61920166015625,247.68661499023438,110.95172119140625,64.82441711425781,365.6300048828125,38.17681121826172,121.6087875366211,136.4368438720703,119.60914611816406,35.58568572998047,104.19912719726562,28.986661911010742,36.06633377075195,269.9267883300781,68.16414642333984,134.85641479492188,567.5927124023438,303.54266357421875,156.8845672607422,471.9580993652344,39.844444274902344,81.44957733154297,98.1654281616211,529.3945922851562,306.8132629394531,130.89849853515625,241.9408416748047,219.74888610839844,94.39714050292969,68.92845916748047,54.152503967285156,126.07771301269531,55.356719970703125,142.311279296875,38.760494232177734,446.2061767578125,71.2384033203125,159.29222106933594,145.0064239501953,174.61648559570312,138.6999969482422,375.97552490234375,79.48998260498047,126.45805358886719,93.00050354003906,3821.550048828125
2022-06-29,136.37249755859375,251.3370361328125,110.64861297607422,65.41990661621094,368.5,38.017215728759766,120.62293243408203,135.21551513671875,118.36396789550781,35.12415313720703,103.73129272460938,28.62725257873535,35.644466400146484,273.3426208496094,68.19032287597656,132.27671813964844,557.5243530273438,305.4128723144531,156.9289093017578,478.70648193359375,40.064666748046875,81.9991455078125,100.12012481689453,529.5426635742188,312.0102233886719,132.31484985351562,245.27239990234375,224.19219970703125,94.82881927490234,69.00971984863281,53.78507614135742,127.22286987304688,55.75669479370117,144.67137145996094,38.61796188354492,447.3774719238281,71.95187377929688,156.8025360107422,145.98162841796875,170.9273681640625,138.4499969482422,374.3490905761719,76.55363464355469,123.96160888671875,92.73872375488281,3818.830078125
2022-06-30,133.9139404296875,248.02459716796875,107.93590545654297,66.04377746582031,366.05999755859375,37.80445098876953,121.03441619873047,135.98550415039062,116.100830078125,35.2371826171875,101.31120300292969,27.97132110595703,35.15974044799805,267.70062255859375,66.33271789550781,131.96255493164062,549.4765014648438,307.52044677734375,157.38995361328125,476.77569580078125,41.2365608215332,80.81138610839844,99.70716094970703,536.815185546875,313.19842529296875,131.47360229492188,245.63064575195312,223.41387939453125,93.86444091796875,68.97361755371094,52.616859436035156,128.6453857421875,55.91668701171875,144.61070251464844,38.5102653503418,456.3661193847656,72.37633514404297,157.3548126220703,147.11798095703125,166.53028869628906,136.72000122070312,384.2420349121094,74.39915466308594,122.10612487792969,91.52677154541016,3785.3798828125
2022-07-01,136.07859802246094,250.6803436279297,107.7125473022461,66.989013671875,368.4800109863281,37.768978118896484,120.97440338134766,131.46299743652344,112.27444458007812,34.22932815551758,102.60672760009766,28.357690811157227,35.83296203613281,269.6924743652344,66.93446350097656,133.65704345703125,556.3875122070312,313.2409362792969,159.172119140625,480.2751770019531,41.142181396484375,81.91935729980469,101.1479263305664,541.7457885742188,313.6620788574219,132.02297973632812,249.9383544921875,228.91600036621094,92.92765045166016,71.56497192382812,52.79585266113281,130.72105407714844,57.223270416259766,146.9794921875,38.84284973144531,462.53631591796875,74.0290756225586,158.53172302246094,149.0925750732422,166.0924530029297,139.83999633789062,387.4234313964844,76.0584487915039,123.56521606445312,93.21379852294922,3825.330078125
2022-07-05,138.65463256835938,253.83828735351562,112.19536590576172,68.04768371582031,376.489990234375,37.5363883972168,117.97404479980469,131.95858764648438,114.3648681640625,34.558998107910156,102.21643829345703,28.070158004760742,35.99452590942383,267.8629150390625,66.37630462646484,132.9430694580078,560.0142822265625,314.1441955566406,157.94859313964844,468.9877014160156,40.6152229309082,82.11436462402344,100.30365753173828,538.5838623046875,316.0480041503906,132.13461303710938,254.1028289794922,228.30967712402344,95.81153869628906,71.79972839355469,54.2467155456543,129.4595489501953,56.245548248291016,146.64976501464844,39.35599136352539,464.91680908203125,73.15302276611328,155.79763793945312,148.8024139404297,161.87234497070312,137.6999969482422,371.09613037109375,73.67808532714844,120.31814575195312,94.22215270996094,3831.389892578125
2022-07-06,139.98672485351562,257.0830078125,113.4920425415039,67.73576354980469,382.8299865722656,38.189414978027344,118.36837005615234,133.4720001220703,115.48280334472656,34.84157943725586,101.55389404296875,27.836538314819336,35.45595932006836,264.7624206542969,65.80071258544922,131.51513671875,554.6190795898438,318.4323425292969,158.09042358398438,478.3165588378906,41.488243103027344,82.54869842529297,99.74386596679688,549.42333984375,318.9169921875,130.9328155517578,253.96849060058594,227.55860900878906,95.72887420654297,71.20381164550781,54.6141357421875,130.6674041748047,56.361106872558594,148.1162109375,39.63471221923828,469.0969543457031,73.17109680175781,156.8115997314453,149.2376708984375,160.52154541015625,136.30999755859375,380.6048278808594,72.34892272949219,118.73259735107422,93.15563201904297,3845.080078125
2022-07-07,143.3463592529297,259.19793701171875,117.66333770751953,67.89645385742188,390.8900146484375,38.66354751586914,120.72579956054688,136.90594482421875,122.15402221679688,35.924781799316406,104.1224594116211,28.62725257873535,36.01248550415039,269.1246337890625,67.14378356933594,134.25677490234375,562.702880859375,320.9961242675781,158.26776123046875,477.4718017578125,42.015201568603516,82.44232177734375,100.47801971435547,547.1703491210938,316.7918395996094,130.47789001464844,256.7537536621094,228.89791870117188,99.31078338623047,71.54690551757812,56.046146392822266,130.6226348876953,55.91668701171875,147.82118225097656,39.69490432739258,471.2870178222656,71.76222229003906,157.33670043945312,150.0597381591797,167.94631958007812,139.97000122070312,377.2982177734375,74.65978240966797,121.04348754882812,94.46453857421875,3902.6201171875
2022-07-08,144.0221405029297,258.4833068847656,118.22847747802734,67.93425750732422,389.44000244140625,38.81562805175781,120.4172134399414,137.6493682861328,123.61731719970703,35.78350067138672,103.79570770263672,28.56435203552246,36.06633377075195,267.2049255371094,66.91703796386719,134.9517059326172,558.9677124023438,321.58905029296875,158.0726776123047,481.4168701171875,41.818572998046875,82.23847961425781,100.2669677734375,547.12109375,319.22607421875,131.20750427246094,256.55670166015625,229.16937255859375,99.12711334228516,71.58303833007812,55.52797317504883,129.745849609375,56.12112045288086,149.1400604248047,39.72024154663086,477.5619201660156,70.75975036621094,156.92930603027344,149.42303466796875,166.84707641601562,139.07000732421875,375.65386962890625,74.78138732910156,120.41091918945312,92.94232940673828,3899.3798828125
2022-07-11,141.8966827392578,255.4413299560547,114.58613586425781,67.9532470703125,384.1600036621094,38.69038391113281,120.87152099609375,135.9058380126953,120.19085693359375,35.03937530517578,102.43425750732422,28.267837524414062,35.71626663208008,264.23968505859375,66.12340545654297,133.82843017578125,545.831787109375,320.79534912109375,158.13479614257812,479.8575134277344,41.59835433959961,83.58575439453125,99.92740631103516,551.3895874023438,319.80560302734375,131.53372192382812,256.4850769042969,229.20555114746094,96.53710174560547,70.33699798583984,55.019248962402344,130.6584014892578,55.94335174560547,147.9166259765625,39.73606872558594,475.0480651855469,71.0758285522461,156.4766387939453,148.81053161621094,163.0461883544922,136.99000549316406,374.5099182128906,74.39915466308594,119.34825897216797,90.7898941040039,3854.429931640625
2022-07-12,142.8663787841797,244.97296142578125,112.94574737548828,66.85187530517578,375.5400085449219,38.34150314331055,119.31135559082031,136.702392578125,120.83613586425781,35.04879379272461,102.53411865234375,28.1779842376709,35.545719146728516,263.65386962890625,66.22806549072266,132.49563598632812,544.2889404296875,315.7225646972656,155.9180908203125,477.5090026855469,40.92982864379883,82.96530151367188,99.38597869873047,524.6121215820312,312.58013916015625,130.8727264404297,255.34762573242188,227.57669067382812,95.2972183227539,70.21060180664062,55.56565475463867,129.50433349609375,55.703365325927734,147.07496643066406,39.61571502685547,467.1163330078125,70.7236328125,157.1737060546875,144.56314086914062,162.55242919921875,147.14999389648438,369.97015380859375,73.40876770019531,117.16387939453125,90.75111389160156,3818.800048828125
2022-07-13,142.50401306152344,244.05552673339844,110.30387878417969,66.49105834960938,371.94000244140625,38.19837951660156,117.59686279296875,136.5519256591797,123.28102111816406,35.04879379272461,101.5720443725586,27.71074676513672,35.069976806640625,261.5087585449219,65.39085388183594,132.70504760742188,538.0547485351562,312.0457763671875,155.55459594726562,465.27471923828125,40.73320007324219,83.11598205566406,97.46798706054688,516.9246826171875,311.4886169433594,130.6066436767578,257.1925354003906,228.653564453125,96.53710174560547,70.35505676269531,55.659881591796875,130.354248046875,55.44560623168945,147.59556579589844,39.71073913574219,468.68743896484375,70.83200073242188,154.69317626953125,143.39453125,161.97482299804688,143.9499969482422,364.61700439453125,73.70413970947266,116.37953186035156,90.1112060546875,3801.780029296875
2022-07-14,145.4228057861328,245.36891174316406,109.3271713256836,65.94037628173828,372.9599914550781,37.86738586425781,119.20846557617188,139.70265197753906,128.97064208984375,35.51975631713867,98.02323150634766,27.072790145874023,34.77376937866211,253.79376220703125,65.13792419433594,129.92529296875,531.0626831054688,314.9197082519531,155.76739501953125,466.37933349609375,40.41859436035156,83.21348571777344,97.44033813476562,519.375244140625,315.7678527832031,130.34671020507812,259.2524108886719,228.59019470214844,94.80125427246094,70.60787200927734,55.3489875793457,129.9695281982422,55.26784133911133,148.359130859375,40.48677444458008,487.46466064453125,70.75070190429688,153.4619140625,143.68470764160156,158.313720703125,147.14999389648438,357.7447509765625,72.22728729248047,114.65060424804688,89.044677734375,3790.3798828125
2022-07-15,147.0879364013672,247.91839599609375,110.72389221191406,67.16517639160156,379.8599853515625,38.529361724853516,119.94571685791016,142.08335876464844,131.215576171875,36.376895904541016,102.51596069335938,28.977676391601562,36.91908264160156,264.861572265625,68.06822204589844,135.63717651367188,541.6544799804688,318.8246154785156,158.0283203125,491.7390441894531,40.70173263549805,84.17076110839844,100.30705261230469,532.4576416015625,320.3176574707031,133.1019287109375,261.87646484375,230.77110290527344,96.16053771972656,71.89000701904297,57.05419921875,129.79061889648438,55.55226516723633,148.48062133789062,40.882713317871094,497.9482727050781,70.57914733886719,156.44039916992188,147.1583251953125,161.5183563232422,147.74000549316406,356.01995849609375,73.44354248046875,116.09276580810547,92.30240631103516,3863.159912109375
2022-07-18,144.0515594482422,245.53305053710938,108.00228881835938,66.66197204589844,375.2300109863281,38.10891342163086,118.41123962402344,141.3134002685547,128.77976989746094,36.461666107177734,101.46312713623047,28.986661911010742,36.972930908203125,271.52215576171875,68.77462768554688,135.49435424804688,539.0924072265625,315.0930480957031,154.4817657470703,482.103759765625,39.91522979736328,81.84845733642578,98.64784240722656,514.5631713867188,310.82208251953125,129.5928955078125,262.4495849609375,228.42730712890625,95.46253204345703,72.4407958984375,56.98824691772461,128.21597290039062,54.7967529296875,145.99900817871094,40.78767395019531,491.6162414550781,69.64891815185547,154.76556396484375,145.13539123535156,161.62086486816406,147.72000122070312,346.1002197265625,74.79876708984375,117.72052764892578,92.78719329833984,3830.85009765625
2022-07-19,147.90090942382812,250.632080078125,112.73722076416016,68.58938598632812,387.8299865722656,39.38815689086914,112.19622039794922,145.71205139160156,133.94219970703125,37.88397216796875,103.97724151611328,29.9660587310791,38.50786590576172,286.6546325683594,71.20781707763672,140.6826171875,566.8890991210938,325.8406677246094,152.22964477539062,495.1736145019531,40.40286636352539,81.86618041992188,101.33021545410156,530.4814453125,315.1014099121094,129.74020385742188,268.5216369628906,232.11953735351562,100.28434753417969,74.53556060791016,59.0232048034668,128.86904907226562,55.57892608642578,147.56085205078125,41.03791427612305,495.3582763671875,70.0191879272461,160.4510040283203,149.75343322753906,168.3749542236328,156.1300048828125,348.8705749511719,76.68394470214844,121.9627685546875,96.57818603515625,3936.68994140625
2022-07-20,149.89901733398438,253.27810668945312,112.82637023925781,68.92169952392578,401.489990234375,39.47761917114258,110.7388916015625,146.32266235351562,137.8867950439453,38.204219818115234,103.9590835571289,29.975053787231445,38.34629440307617,289.7190856933594,71.34735107421875,141.7773895263672,572.6541748046875,327.1726379394531,151.36070251464844,482.1966552734375,39.97028732299805,79.46409606933594,99.76318359375,532.2401733398438,311.0732421875,127.96399688720703,270.7337646484375,230.3820343017578,102.04773712158203,75.18566131591797,59.39063262939453,126.64132690429688,54.663429260253906,145.99900817871094,41.3800048828125,499.1385498046875,68.70169067382812,161.38352966308594,150.59164428710938,168.82522583007812,158.3800048828125,353.1959533691406,77.52662658691406,123.5736312866211,100.204345703125,3959.89990234375
2022-07-21,152.16162109375,255.75997924804688,113.26222229003906,70.77316284179688,408.9100036621094,39.88017272949219,108.99870300292969,147.39361572265625,141.6586456298828,38.251319885253906,104.66703033447266,30.23563003540039,38.848960876464844,294.3066711425781,72.40259552001953,142.96737670898438,576.7862548828125,329.9280700683594,151.89268493652344,484.97210693359375,40.20623016357422,79.89842224121094,102.03074645996094,568.1576538085938,315.79693603515625,128.01600646972656,273.15179443359375,229.3775177001953,102.51614379882812,75.429443359375,60.05012130737305,126.76110076904297,54.53898239135742,146.21591186523438,41.98499298095703,504.14697265625,69.2014389038086,162.98594665527344,150.72061157226562,169.78207397460938,161.41000366210938,353.1781005859375,76.23218536376953,122.62904357910156,101.00909423828125,3998.949951171875
2022-07-22,150.92747497558594,251.4336395263672,106.8829345703125,71.1149673461914,401.8999938964844,39.772823333740234,109.94166564941406,145.05711364746094,139.6954803466797,36.923213958740234,104.15877532958984,30.037944793701172,38.75022506713867,291.95428466796875,71.8880615234375,145.66140747070312,571.6707153320312,330.219970703125,152.61090087890625,483.9974060058594,40.29274368286133,79.871826171875,100.65731811523438,554.8577270507812,317.56463623046875,128.6398162841797,274.57574462890625,229.8480987548828,100.22004699707031,75.4745864868164,60.068946838378906,128.78721618652344,54.7434196472168,147.17039489746094,41.87730026245117,504.3945617675781,70.39173126220703,164.28961181640625,151.50241088867188,167.55885314941406,158.16000366210938,352.7669677734375,75.6501235961914,121.6085205078125,99.59353637695312,3961.6298828125
2022-07-25,149.81088256835938,249.95606994628906,106.49661254882812,71.07698059082031,391.9599914550781,39.66547775268555,110.19024658203125,144.43759155273438,139.28646850585938,36.88553237915039,104.57628631591797,30.30750846862793,39.04643630981445,292.1255187988281,71.99270629882812,146.4039764404297,573.935302734375,323.00323486328125,152.91236877441406,491.4790954589844,40.71746826171875,80.24411010742188,100.01209259033203,560.6876831054688,320.2693176269531,130.1560821533203,274.18170166015625,226.58120727539062,100.36698913574219,73.58749389648438,59.62615966796875,129.66067504882812,55.2767219543457,147.378662109375,41.81711196899414,503.8424377441406,70.73700714111328,164.09950256347656,151.44593811035156,170.55130004882812,156.63999938964844,357.2889709472656,78.16947937011719,125.22669219970703,99.56444549560547,3966.840087890625
2022-07-26,148.4885711669922,243.263671875,104.03009033203125,70.28890991210938,379.260009765625,39.2092399597168,109.79592895507812,142.34890747070312,136.30532836914062,36.697147369384766,102.9425277709961,29.69650650024414,38.50786590576172,287.10540771484375,70.45781707763672,142.63417053222656,562.017333984375,324.9100341796875,153.9940643310547,493.4470520019531,41.134315490722656,80.91775512695312,100.5559310913086,566.4483032226562,320.2790222167969,130.71925354003906,267.04400634765625,232.65342712402344,96.6197738647461,72.51302337646484,57.14840316772461,129.91281127929688,56.1833381652832,149.09671020507812,38.63695526123047,487.45513916015625,71.35487365722656,164.2443389892578,146.30401611328125,170.0072021484375,155.9199981689453,354.6168518066406,77.86542510986328,124.24838256835938,96.74301147460938,3921.050048828125
2022-07-27,153.57203674316406,259.5263366699219,111.99429321289062,72.03595733642578,392.7799987792969,39.9338493347168,110.68746948242188,151.81874084472656,139.44097900390625,37.84629440307617,104.59441375732422,30.18170928955078,39.23493957519531,292.50408935546875,71.95783996582031,144.34774780273438,580.4041748046875,329.28936767578125,153.56846618652344,496.25030517578125,40.85903549194336,80.86458587646484,101.38550567626953,575.00537109375,317.7480773925781,130.9618377685547,267.6977844238281,234.28236389160156,99.06281280517578,74.90576171875,57.280303955078125,131.14645385742188,56.00556945800781,148.88841247558594,40.097171783447266,497.3388977050781,71.56385803222656,166.2722625732422,148.21408081054688,173.77828979492188,156.08999633789062,356.1629638671875,79.55078887939453,125.8845443725586,100.34978485107422,4023.610107421875
2022-07-28,154.12054443359375,266.9333190917969,113.14336395263672,73.14682006835938,403.5,40.81053161621094,110.77317810058594,155.54476928710938,133.10604858398438,37.403594970703125,104.20413970947266,29.939115524291992,38.88486099243164,296.62298583984375,73.02749633789062,144.83322143554688,595.4347534179688,341.7613525390625,154.45516967773438,502.63677978515625,40.201171875,79.72115325927734,101.72657012939453,590.5283203125,319.5448303222656,129.74884033203125,268.342529296875,238.41793823242188,103.0763931274414,76.44972229003906,57.64772415161133,133.32562255859375,56.93885040283203,151.7084503173828,41.098087310791016,511.427001953125,71.95457458496094,172.41043090820312,151.71192932128906,176.20787048339844,159.08999633789062,362.90118408203125,80.4803466796875,126.83753204345703,101.70716857910156,4072.429931640625
2022-07-29,159.17465209960938,271.1148986816406,115.22357177734375,73.90640258789062,410.1199951171875,40.58688735961914,112.1190414428711,159.3665771484375,131.84271240234375,34.201072692871094,104.70333099365234,30.3793888092041,39.3785514831543,300.4804992675781,74.21601104736328,146.6229248046875,603.7350463867188,343.8963317871094,154.73886108398438,503.4256896972656,40.03472900390625,79.1893081665039,100.32549285888672,591.2890625,318.4726257324219,124.3422622680664,269.5157470703125,238.33651733398438,105.54698181152344,76.54905700683594,57.61946487426758,125.08619689941406,57.03662109375,151.81256103515625,41.82661437988281,516.310791015625,71.5456771850586,174.23916625976562,157.0714874267578,185.97325134277344,159.30999755859375,369.80926513671875,84.20726013183594,138.13055419921875,102.87065124511719,4130.2900390625
2022-08-01,158.19517517089844,268.4784851074219,113.77733612060547,73.52659606933594,411.0899963378906,40.506378173828125,113.19062805175781,159.286376953125,133.9967498779297,34.81331253051758,103.65955352783203,30.289535522460938,39.08234405517578,299.29974365234375,74.03111267089844,145.966064453125,605.7288818359375,343.1208190917969,154.19801330566406,496.96502685546875,40.113990783691406,78.47134399414062,100.95230865478516,582.5345458984375,313.1211242675781,121.49171447753906,273.88616943359375,239.11477661132812,104.97755432128906,76.66642761230469,59.0232048034668,128.6791229248047,57.34771728515625,153.53932189941406,41.98182678222656,521.5662841796875,73.69005584716797,173.8136444091797,157.4341583251953,182.79315185546875,169.07000732421875,374.69769287109375,82.07884216308594,135.3726806640625,102.98700714111328,4118.6298828125
2022-08-02,156.72596740722656,265.3978576660156,114.04479217529297,72.49169158935547,409.9599914550781,40.184326171875,112.99346160888672,157.87881469726562,133.63320922851562,33.91849136352539,102.04399871826172,29.68752098083496,38.48991775512695,295.51434326171875,73.53810119628906,144.31919860839844,601.01025390625,337.3728942871094,153.32020568847656,497.0394287109375,39.3847770690918,77.65587615966797,100.14112854003906,579.0662841796875,309.3055114746094,121.63899230957031,269.30975341796875,236.23704528808594,102.65391540527344,75.58295440673828,58.07167053222656,127.82366180419922,56.56553649902344,152.27247619628906,42.02616500854492,518.3709716796875,72.92680358886719,171.21534729003906,155.9754180908203,172.14601135253906,163.27999877929688,383.1875,81.72264862060547,134.2172393798828,101.52295684814453,4091.18994140625
2022-08-03,162.72036743164062,272.7855529785156,116.96698760986328,73.46013641357422,424.5400085449219,40.891048431396484,113.44779205322266,163.44676208496094,135.5691680908203,34.39887237548828,103.11500549316406,30.226638793945312,39.396507263183594,300.2821960449219,74.87628936767578,147.96522521972656,623.006103515625,335.8949279785156,154.8009490966797,501.85699462890625,39.519527435302734,77.66474151611328,101.03524017333984,580.9832153320312,303.1521911621094,122.34081268310547,274.3787536621094,237.17816162109375,104.95919036865234,78.79730224609375,59.560218811035156,130.46209716796875,56.81441116333008,153.43515014648438,41.335655212402344,521.757080078125,73.98989868164062,173.3700408935547,155.88673400878906,171.545654296875,166.63999938964844,383.6521911621094,79.07299041748047,131.0292205810547,105.70177459716797,4155.169921875
2022-08-04,162.40695190429688,273.9250793457031,117.07594299316406,73.48863220214844,430.5899963378906,40.595829010009766,112.84772491455078,164.7295684814453,137.25057983398438,33.927913665771484,101.98046875,30.010995864868164,38.655391693115234,299.1105651855469,75.14920043945312,149.3360595703125,627.9410400390625,344.7812194824219,152.3182830810547,495.4521484375,39.519527435302734,76.95564270019531,101.13663482666016,582.9790649414062,295.38580322265625,120.36534881591797,275.09521484375,235.8660125732422,105.14286041259766,78.44517517089844,59.616737365722656,130.25498962402344,56.59220886230469,152.60218811035156,39.77408218383789,518.1993408203125,73.49925231933594,174.2210235595703,156.77328491210938,172.26797485351562,166.5,382.6065673828125,75.74571228027344,127.47007751464844,104.82917785644531,4151.93994140625
2022-08-05,162.18136596679688,273.2104797363281,116.36271667480469,73.441162109375,433.42999267578125,40.26484298706055,113.56780242919922,164.18612670898438,136.5234375,33.6710205078125,105.0663833618164,30.514171600341797,39.55015563964844,301.6341857910156,75.82709503173828,149.9453125,627.868896484375,343.64080810546875,151.71536254882812,496.6680908203125,39.05188751220703,77.47860717773438,100.70341491699219,583.2360229492188,291.06793212890625,119.60285949707031,277.35211181640625,234.5900115966797,104.58262634277344,77.40682983398438,59.18336868286133,130.31800842285156,56.334442138671875,151.456787109375,40.09400177001953,515.7097778320312,73.08128356933594,174.067138671875,158.5786590576172,173.90960693359375,165.0399932861328,381.0694885253906,76.84030151367188,129.57859802246094,103.38451385498047,4145.18994140625
2022-08-08,161.71055603027344,270.7093200683594,116.19434356689453,72.6056137084961,434.3399963378906,40.2737922668457,113.67927551269531,162.849853515625,134.34217834472656,33.66151428222656,103.78662872314453,30.091859817504883,39.03499221801758,301.6430969238281,75.73906707763672,149.7263946533203,628.1757202148438,344.98199462890625,150.90850830078125,498.0976257324219,39.289669036865234,78.43588256835938,100.47296142578125,577.0011596679688,292.2077331542969,121.5956802368164,279.3939514160156,232.39100646972656,104.70201110839844,77.39781188964844,59.99359130859375,130.81329345703125,55.97002029418945,150.84942626953125,40.42024612426758,516.883056640625,73.42655944824219,175.606201171875,158.03863525390625,174.30355834960938,165.88999938964844,378.79058837890625,77.27468872070312,129.3845977783203,105.7890396118164,4140.06005859375
2022-08-09,161.75958251953125,272.621337890625,115.53063201904297,72.89047241210938,426.57000732421875,40.184326171875,112.3858642578125,158.31536865234375,129.5250701904297,32.843284606933594,104.72147369384766,30.478221893310547,39.22479248046875,303.3916015625,76.02957916259766,151.17335510253906,628.3921508789062,344.0422668457031,150.89080810546875,498.7101745605469,39.45612335205078,79.34886932373047,99.4682388305664,573.9580078125,292.7100524902344,121.51771545410156,273.33990478515625,235.34112548828125,101.12928771972656,76.60321807861328,59.070316314697266,130.50709533691406,56.04111862182617,151.41343688964844,40.819366455078125,511.0835876464844,72.74507904052734,175.71481323242188,158.4899444580078,174.50997924804688,164.85000610351562,382.98193359375,78.69942474365234,131.07139587402344,104.83885955810547,4122.47021484375
2022-08-10,165.99679565429688,279.24615478515625,118.57170867919922,73.62156677246094,438.3999938964844,41.168357849121094,114.14801025390625,163.13490295410156,133.5968780517578,33.652000427246094,107.45343780517578,31.51153564453125,40.06531524658203,313.5671691894531,78.25694274902344,154.63853454589844,654.2853393554688,358.7403869628906,151.32528686523438,499.13714599609375,39.59086608886719,79.05635833740234,101.64362335205078,585.3012084960938,294.24591064453125,122.11555480957031,279.0447082519531,236.51756286621094,103.91215515136719,78.0930404663086,59.66191482543945,131.74075317382812,56.57442092895508,152.66290283203125,40.90488052368164,514.8990478515625,72.99948120117188,178.55755615234375,163.0999755859375,178.9095458984375,169.02000427246094,384.268798828125,79.446533203125,131.41720581054688,109.00799560546875,4210.240234375
2022-08-11,165.26119995117188,277.17950439453125,117.71981048583984,73.26075744628906,434.8900146484375,41.06101608276367,115.05077362060547,162.19061279296875,134.36033630371094,33.8613166809082,109.04176330566406,32.26630401611328,40.89680862426758,316.9650573730469,79.41024780273438,155.16213989257812,657.3889770507812,352.3264465332031,148.1953582763672,494.62591552734375,38.27513122558594,78.82589721679688,101.84638977050781,585.4889526367188,290.92303466796875,123.10327911376953,278.2476501464844,234.63528442382812,104.79387664794922,79.24626159667969,60.96818542480469,130.8042449951172,56.192230224609375,151.88197326660156,41.299354553222656,507.6307678222656,72.23624420166016,180.6138458251953,164.76023864746094,181.98641967773438,167.8800048828125,383.2499694824219,81.74478149414062,134.6220703125,114.10789489746094,4207.27001953125
2022-08-12,168.80203247070312,281.90185546875,120.53305053710938,75.15018463134766,445.6700134277344,41.6961669921875,116.32676696777344,165.14825439453125,137.5050506591797,34.35606002807617,110.84793853759766,32.61673355102539,41.52042770385742,318.893798828125,80.69561004638672,157.875244140625,678.302001953125,357.5726013183594,146.56393432617188,504.6880798339844,39.71767807006836,80.6784439086914,102.75896453857422,596.0319213867188,298.5694580078125,123.5538330078125,282.0091552734375,237.25965881347656,106.60318756103516,80.1906509399414,61.97153854370117,132.0739288330078,56.618865966796875,153.86903381347656,42.062862396240234,512.409423828125,72.9540786743164,182.76109313964844,166.3679656982422,184.65052795410156,169.99000549316406,388.06689453125,82.45526123046875,134.81605529785156,117.86979675292969,4280.14990234375
2022-08-15,169.87109375,283.4084167480469,120.92927551269531,75.1122055053711,451.0199890136719,41.67827606201172,117.12539672851562,165.1660919189453,138.26853942871094,34.574886322021484,111.14744567871094,32.57181167602539,41.34870910644531,320.7234191894531,81.0125503540039,157.4563751220703,681.9016723632812,356.81536865234375,147.2643585205078,505.5606689453125,39.43234634399414,80.30614471435547,103.1460952758789,597.296875,304.24853515625,123.28524017333984,281.7583312988281,240.20977783203125,106.83280181884766,80.9625015258789,61.876888275146484,133.77587890625,57.32992935180664,155.56103515625,42.183753967285156,520.5552368164062,73.81726837158203,184.01663208007812,167.171875,183.81564331054688,170.47000122070312,391.4360656738281,80.98161315917969,132.2521209716797,120.47792053222656,4297.14013671875
2022-08-16,169.7141571044922,282.67449951171875,120.55286407470703,75.5014877319336,447.55999755859375,41.839290618896484,118.54029083251953,163.34872436523438,136.35987854003906,34.43217086791992,112.20935821533203,32.92223358154297,41.62889862060547,319.93023681640625,80.83645629882812,157.40879821777344,683.0293579101562,354.6986999511719,148.57664489746094,506.9344482421875,39.519527435302734,80.29728698730469,103.26593017578125,594.9449462890625,300.7305908203125,123.51053619384766,293.1949157714844,240.97897338867188,108.43089294433594,81.18042755126953,63.0884895324707,135.00950622558594,57.801025390625,156.4634552001953,44.33747863769531,527.4896850585938,74.67137145996094,185.30862426757812,167.55348205566406,185.2884521484375,172.0800018310547,393.357421875,80.22724151611328,131.91477966308594,121.15660858154297,4305.2001953125
2022-08-17,171.205078125,281.9293212890625,118.4231185913086,75.24514770507812,437.82000732421875,41.74089431762695,119.60801696777344,157.42449951171875,134.99652099609375,34.042083740234375,111.26543426513672,32.7155876159668,41.70118713378906,318.82171630859375,80.42268371582031,156.0284423828125,670.5340576171875,353.74981689453125,148.58546447753906,505.894775390625,39.05188751220703,80.69615936279297,101.90171813964844,588.947265625,307.0395812988281,122.54874420166016,291.7440185546875,241.45860290527344,107.49408721923828,80.22698974609375,64.87748718261719,134.3882293701172,57.667686462402344,156.37667846679688,44.38520050048828,530.6373901367188,74.66229248046875,184.49887084960938,166.44107055664062,183.79690551757812,167.1999969482422,394.6353759765625,80.87635040283203,133.00277709960938,119.0720443725586,4274.0400390625
2022-08-18,170.8126983642578,280.81640625,119.03727722167969,75.31161499023438,439.0299987792969,44.16518783569336,120.71910858154297,158.98350524902344,137.58688354492188,34.44168472290039,110.4031982421875,32.5987663269043,41.70118713378906,319.524658203125,80.75724792480469,156.74240112304688,672.3383178710938,353.430419921875,147.86727905273438,506.0989990234375,38.50498580932617,81.01527404785156,101.35785675048828,587.9295043945312,306.9426574707031,122.4188232421875,291.25146484375,241.241455078125,106.548095703125,80.40859985351562,64.37580871582031,134.86546325683594,57.96989059448242,156.5328826904297,44.24203872680664,535.0631103515625,75.28016662597656,185.3541259765625,168.93386840820312,185.1289825439453,168.69000244140625,392.6335144042969,82.78860473632812,135.3346405029297,118.93630981445312,4283.740234375
2022-08-19,168.23313903808594,276.92596435546875,116.10517120361328,74.68495178222656,425.05999755859375,43.56583786010742,120.11148071289062,157.19284057617188,134.1512908935547,33.66151428222656,107.67124938964844,31.879940032958984,40.98719024658203,314.7928771972656,79.24298095703125,154.44818115234375,644.0363159179688,346.624267578125,150.11940002441406,508.97662353515625,38.9567756652832,81.61798858642578,101.4500503540039,581.54638671875,312.805908203125,122.9040298461914,287.7677001953125,241.20516967773438,103.9305419921875,78.92845153808594,62.85183334350586,134.82943725585938,57.925453186035156,156.33326721191406,43.58987808227539,528.929931640625,75.66178131103516,183.38880920410156,169.24240112304688,183.4873504638672,162.9199981689453,393.2413024902344,82.52545928955078,134.20272827148438,116.48332214355469,4228.47998046875
2022-08-22,164.35879516601562,268.7967224121094,113.1631851196289,72.59612274169922,411.3500061035156,42.680198669433594,117.66358947753906,152.72964477539062,128.7070770263672,32.196311950683594,105.89229583740234,31.19704818725586,40.13762283325195,308.6190185546875,77.8783950805664,150.12620544433594,627.074951171875,343.4583740234375,149.5928192138672,505.4956359863281,38.75862121582031,80.80254364013672,99.04421997070312,569.2543334960938,313.1257629394531,121.5956802368164,279.60888671875,237.95643615722656,101.34053802490234,77.13957977294922,60.94924545288086,134.46922302246094,57.06327819824219,154.84088134765625,42.810455322265625,520.2881469726562,74.47148895263672,180.0041961669922,167.5940399169922,179.8851318359375,158.97999572753906,386.3599853515625,82.46404266357422,133.5303955078125,112.4111557006836,4137.990234375
2022-08-23,164.0253143310547,267.5290222167969,112.78675079345703,72.54867553710938,410.4100036621094,42.41182327270508,116.96047973632812,153.69174194335938,127.89813995361328,32.30097961425781,104.84855651855469,30.918514251708984,40.10147476196289,306.60015869140625,77.7375259399414,149.77398681640625,628.8072509765625,340.12823486328125,148.28953552246094,497.35498046875,38.05319595336914,79.95159149169922,97.71685791015625,566.1517944335938,305.3727111816406,120.4520034790039,274.8534240722656,235.77549743652344,101.6528091430664,76.90349578857422,60.47597122192383,131.8758544921875,57.1254997253418,154.7714385986328,42.629127502441406,517.0451049804688,73.5628433227539,179.74034118652344,166.67652893066406,184.99761962890625,160.07000732421875,387.0659484863281,85.9640121459961,137.86227416992188,111.36402130126953,4128.72998046875
2022-08-24,164.319580078125,266.89990234375,112.61836242675781,72.32078552246094,405.6499938964844,42.107669830322266,115.64971160888672,153.3977813720703,128.4344024658203,32.21534729003906,105.10269927978516,31.017343521118164,40.34549331665039,308.1865234375,78.00163269042969,151.4875030517578,631.9197998046875,342.7832336425781,147.79864501953125,497.967529296875,37.59348678588867,79.78318786621094,97.19145965576172,566.3297729492188,309.0262756347656,119.49024963378906,275.93707275390625,236.06509399414062,102.32327270507812,78.1384506225586,60.930320739746094,131.3085479736328,57.205501556396484,155.5436553955078,42.937713623046875,518.1419677734375,73.59918975830078,179.95872497558594,164.86581420898438,182.1365203857422,163.60000610351562,387.59326171875,86.47278594970703,138.88356018066406,112.86685180664062,4140.77001953125
2022-08-25,166.77163696289062,269.86126708984375,115.55044555664062,73.00440216064453,403.92999267578125,42.28657531738281,116.30073547363281,157.95899963378906,132.92428588867188,33.195316314697266,107.59864044189453,31.574432373046875,41.023338317871094,312.287353515625,79.15494537353516,154.4386444091797,641.1041259765625,347.1358642578125,149.18215942382812,502.7109375,37.96601867675781,80.01365661621094,97.60625457763672,578.5030517578125,313.1645812988281,120.72059631347656,277.4326171875,237.60350036621094,103.98565673828125,79.35525512695312,61.61184310913086,131.2005157470703,57.48103332519531,155.5523681640625,43.224029541015625,525.343505859375,73.52649688720703,182.3607177734375,166.45729064941406,186.5642547607422,169.3800048828125,391.9990234375,86.9201431274414,140.10055541992188,113.8848876953125,4199.1201171875
2022-08-26,160.48448181152344,259.4481201171875,109.29994201660156,70.87760162353516,381.0199890136719,41.052066802978516,113.17578887939453,150.99246215820312,125.77139282226562,31.7396297454834,104.07705688476562,30.577070236206055,39.73994827270508,303.1933898925781,76.4257583618164,149.75491333007812,610.2849731445312,332.90728759765625,146.62930297851562,491.2749328613281,37.1099967956543,79.11840057373047,93.92838287353516,557.0020751953125,305.8185119628906,118.13861846923828,266.9723815917969,232.52674865722656,99.44856262207031,76.33140563964844,59.5294075012207,128.1298370361328,56.09445571899414,151.88197326660156,41.86562728881836,507.2683410644531,71.97274017333984,175.65512084960938,161.52854919433594,180.0352020263672,164.52999877929688,385.28759765625,85.84998321533203,139.0707550048828,110.59807586669922,4057.659912109375
2022-08-29,158.28744506835938,256.6803283691406,108.38860321044922,70.44084167480469,375.260009765625,40.891048431396484,113.11502838134766,149.61160278320312,124.58983612060547,31.34002685546875,103.82294464111328,30.46026039123535,39.69475555419922,300.95819091796875,75.14039611816406,147.1179656982422,609.788818359375,330.1092529296875,145.49566650390625,491.7575378417969,36.642356872558594,77.63814544677734,93.87307739257812,550.065673828125,300.5754699707031,117.5841064453125,265.378173828125,231.359375,99.08116912841797,76.3858871459961,59.747108459472656,127.58954620361328,55.75669479370117,151.40476989746094,42.272830963134766,506.54345703125,72.31803131103516,175.0728302001953,160.18064880371094,179.90386962890625,165.4199981689453,383.99176025390625,87.82364654541016,140.1090545654297,110.07450103759766,4030.610107421875
2022-08-30,155.86477661132812,254.49319458007812,107.91313171386719,70.39336395263672,375.07000732421875,40.47060012817383,112.4813461303711,148.5425567626953,122.16307067871094,30.693063735961914,103.84109497070312,30.63097381591797,39.89360046386719,300.6968078613281,74.3304443359375,147.2322235107422,606.9288940429688,325.1347961425781,144.9868927001953,485.3248596191406,36.341163635253906,77.0088119506836,94.2049331665039,547.6941528320312,297.5615539550781,117.44544982910156,262.49444580078125,229.3956298828125,99.06281280517578,75.74118041992188,59.217037200927734,126.22980499267578,55.241172790527344,150.1032257080078,42.14558029174805,499.9429016113281,71.78192138671875,173.50790405273438,158.3780517578125,175.36363220214844,162.2100067138672,379.90771484375,84.4815902709961,136.69631958007812,109.00799560546875,3986.159912109375
2022-08-31,154.2071533203125,253.04150390625,107.19991302490234,70.40287780761719,373.44000244140625,40.00541687011719,111.50045013427734,147.17958068847656,120.89266204833984,30.369577407836914,103.22391510009766,30.19968032836914,39.504966735839844,302.0953063964844,75.02595520019531,144.69992065429688,601.2179565429688,322.0439453125,144.01394653320312,482.06671142578125,35.84974670410156,75.66152954101562,94.61972045898438,538.830810546875,291.930908203125,116.50104522705078,259.9884338378906,229.55030822753906,97.76779174804688,76.34048461914062,59.01824951171875,124.2127456665039,54.8500862121582,149.47848510742188,42.167850494384766,497.99700927734375,71.06412506103516,172.2796173095703,157.93954467773438,173.27174377441406,160.25,377.9285888671875,83.85000610351562,134.5176544189453,108.66865539550781,3955.0
2022-09-01,154.93299865722656,252.00601196289062,108.70558166503906,71.4947738647461,370.5299987792969,40.51532745361328,112.55078887939453,148.02587890625,118.74479675292969,30.21734619140625,103.93186950683594,30.27203941345215,39.495933532714844,302.8489685058594,75.86231231689453,143.8526611328125,599.8284301757812,321.8519287109375,147.58441162109375,486.4016418457031,36.95940017700195,77.24813079833984,96.63838958740234,544.1963500976562,299.5870056152344,119.9581298828125,264.4505615234375,233.36279296875,97.80455780029297,77.54821014404297,60.42863464355469,125.74354553222656,55.107845306396484,150.9897003173828,42.78183364868164,504.7405700683594,72.50885772705078,173.53521728515625,159.64471435546875,171.1422882080078,153.66000366210938,380.1776428222656,82.34125518798828,132.37295532226562,109.10494232177734,3966.85009765625
2022-09-02,152.8241729736328,247.805908203125,106.83340454101562,70.90608215332031,368.1400146484375,39.88912582397461,110.92755126953125,145.2107391357422,117.42867279052734,29.703575134277344,103.20574951171875,30.235857009887695,39.20670700073242,301.0146484375,76.06481170654297,142.59605407714844,593.7025146484375,317.8833312988281,145.26358032226562,479.3005065917969,36.22227478027344,76.43266296386719,94.48143768310547,537.0819091796875,292.0278015136719,118.07796478271484,263.1253662109375,231.57937622070312,97.39466857910156,75.31439208984375,60.12574768066406,123.51036834716797,54.35233688354492,149.07664489746094,42.311004638671875,495.1451110839844,71.02775573730469,170.0413360595703,159.1900177001953,169.63197326660156,151.82000732421875,376.54327392578125,83.85000610351562,134.3389434814453,107.81542205810547,3924.260009765625
2022-09-06,151.56869506835938,245.08648681640625,105.80320739746094,70.09904479980469,368.29998779296875,39.781768798828125,109.99874114990234,145.2998809814453,115.77436065673828,28.885347366333008,103.23298645019531,29.901216506958008,38.75481414794922,296.483154296875,74.94671630859375,141.46324157714844,601.3831176757812,326.259521484375,145.65635681152344,480.5351257324219,36.26982879638672,76.60107421875,94.67503356933594,538.6629028320312,297.3483581542969,119.21296691894531,260.9980163574219,231.47019958496094,96.85122680664062,76.74909210205078,59.5294075012207,122.13260650634766,54.378997802734375,148.0720672607422,42.101043701171875,494.9447021484375,70.66431427001953,168.86767578125,159.11692810058594,169.47251892089844,152.38999938964844,375.8326416015625,83.28858947753906,133.71763610839844,106.73919677734375,3908.18994140625
2022-09-07,152.9713134765625,249.77047729492188,108.41832733154297,70.7256851196289,379.7200012207031,40.2737922668457,110.85811614990234,147.72299194335938,117.53834533691406,29.161258697509766,105.19345092773438,30.362485885620117,39.62245559692383,300.1791687011719,76.46977233886719,144.93792724609375,612.8265991210938,332.4227294921875,146.45079040527344,484.248046875,36.56309509277344,76.99996185302734,96.50933837890625,545.1546630859375,301.98077392578125,120.18340301513672,268.1463317871094,235.13710021972656,99.91844177246094,80.1906509399414,62.321754455566406,123.97859954833984,55.383384704589844,151.339111328125,43.18266677856445,505.1889953613281,71.373046875,172.0430450439453,159.3848876953125,169.6601104736328,155.9499969482422,377.9555969238281,82.57807922363281,132.0070343017578,109.26007843017578,3979.8701171875
2022-09-08,151.50006103515625,250.1866455078125,107.3583984375,70.87760162353516,383.6300048828125,40.58688735961914,111.517822265625,150.0303192138672,117.766845703125,29.25640296936035,107.64402770996094,31.339292526245117,40.878726959228516,304.5561828613281,77.86077117919922,146.14695739746094,628.9150390625,335.65069580078125,147.62901306152344,489.6596984863281,37.316070556640625,77.48745727539062,98.62020874023438,559.818115234375,305.76043701171875,121.75164794921875,270.3367919921875,236.6475372314453,100.148681640625,81.23493194580078,62.91809844970703,124.14070129394531,55.214500427246094,150.83242797851562,43.40217971801758,504.69293212890625,70.72791290283203,170.8875274658203,159.25498962402344,171.80831909179688,157.7899932861328,377.5147705078125,83.25353240966797,132.721923828125,108.91102600097656,4006.179931640625
2022-09-09,154.35426330566406,255.93511962890625,109.60700225830078,72.07393646240234,394.7799987792969,40.9447135925293,112.1427993774414,152.10604858398438,120.69159698486328,29.931915283203125,108.16136932373047,31.601585388183594,40.9691162109375,308.8424072265625,78.7587661743164,150.8306884765625,632.1326293945312,337.80877685546875,147.91470336914062,488.24444580078125,37.918453216552734,77.41654968261719,99.99363708496094,562.6244506835938,307.8924865722656,122.53145599365234,270.2196044921875,236.1379852294922,102.21189880371094,80.53572845458984,63.060081481933594,126.03170776367188,55.392276763916016,151.31289672851562,43.53262710571289,511.80859375,70.90055084228516,174.40866088867188,161.33367919921875,177.75572204589844,157.52000427246094,379.2060241699219,84.64823913574219,136.1431427001953,111.6742935180664,4067.360107421875
2022-09-12,160.29812622070312,258.0544738769531,109.81502532958984,73.18479919433594,396.3599853515625,41.50830078125,113.41883850097656,151.96351623535156,121.55985260009766,30.027057647705078,109.44113159179688,31.900053024291992,41.149879455566406,311.0944519042969,79.3662338256836,154.64810180664062,633.3597412109375,339.7107238769531,147.85215759277344,494.6787414550781,37.85504150390625,78.1434097290039,100.74026489257812,572.2977294921875,305.489013671875,123.24193572998047,268.20947265625,236.91140747070312,103.51061248779297,80.88077545166016,63.40084457397461,127.05827331542969,55.55226516723633,151.90687561035156,43.923912048339844,514.6128540039062,70.7824478149414,174.71800231933594,162.535400390625,180.48550415039062,158.72000122070312,376.6061706542969,85.62191009521484,138.2963409423828,112.84746551513672,4110.41015625
2022-09-13,150.89186096191406,243.8671112060547,103.336669921875,72.19734954833984,368.3900146484375,39.459720611572266,110.45880126953125,144.89894104003906,114.18401336669922,27.867321014404297,105.63818359375,30.751399993896484,39.062103271484375,298.2085876464844,76.63704681396484,147.88906860351562,586.1856079101562,326.00347900390625,144.00503540039062,478.5790100097656,36.610652923583984,76.47698211669922,97.56017303466797,553.1581420898438,297.01885986328125,120.0274429321289,250.5325164794922,231.4156036376953,97.3762435913086,79.76386260986328,61.11016082763672,124.42882537841797,53.7479248046875,146.2376708984375,43.017250061035156,486.74176025390625,68.53811645507812,168.30357360839844,156.47799682617188,172.89646911621094,147.30999755859375,368.2309875488281,83.62194061279297,135.66656494140625,108.3583755493164,3932.68994140625
2022-09-14,152.33370971679688,244.0897216796875,104.01026153564453,68.47544860839844,371.5199890136719,39.325531005859375,110.84074401855469,147.22409057617188,116.56038665771484,27.76266098022461,105.39314270019531,30.633817672729492,39.1163330078125,297.1824645996094,76.7514877319336,148.79342651367188,584.9767456054688,321.1112060546875,146.9774169921875,474.6773681640625,36.578948974609375,77.69218444824219,97.5048599243164,551.7841186523438,300.0521545410156,120.91120910644531,249.09927368164062,232.6803436279297,98.55521392822266,84.1770248413086,60.92085647583008,124.72600555419922,54.03236389160156,147.3470458984375,42.92180633544922,484.5480041503906,69.11055755615234,163.74525451660156,155.0570068359375,173.21543884277344,149.25999450683594,374.7980041503906,85.67453002929688,138.95162963867188,109.07585906982422,3946.010009765625
2022-09-15,149.45008850097656,237.47019958496094,101.93998718261719,66.69044494628906,309.1300048828125,38.72617721557617,108.9310531616211,144.91677856445312,114.2297134399414,27.439176559448242,106.98146057128906,31.212665557861328,39.89360046386719,301.1417236328125,77.70231628417969,148.63162231445312,574.7601928710938,317.3620910644531,147.35231018066406,486.9128112792969,36.41249465942383,77.51348114013672,96.84117889404297,545.7039184570312,299.9165344238281,123.47586059570312,244.77243041992188,230.63307189941406,97.1736068725586,83.74119567871094,61.41305923461914,123.7624740600586,53.298194885253906,144.9011993408203,42.46052932739258,480.25567626953125,68.35639190673828,160.9156036376953,150.21755981445312,171.18919372558594,149.77999877929688,372.063232421875,83.18335723876953,136.69631958007812,107.39849853515625,3901.35009765625
2022-09-16,147.8120880126953,236.85081481933594,101.83100128173828,65.3517074584961,299.5,38.7351188659668,110.47615814208984,147.22409057617188,114.20230865478516,27.819747924804688,106.26445007324219,30.85993003845215,39.712833404541016,296.2289123535156,76.97159576416016,145.7281036376953,569.6702270507812,316.4568176269531,149.6016845703125,485.15301513671875,36.48383712768555,78.38020324707031,95.86412811279297,535.125732421875,299.3544006347656,124.81883239746094,248.76571655273438,231.94337463378906,95.90252685546875,82.91484069824219,61.2048225402832,124.51891326904297,53.30714797973633,145.85328674316406,42.3714485168457,480.8661804199219,68.77437591552734,161.3614501953125,143.4862060546875,168.35621643066406,144.2899932861328,372.6929931640625,81.76231384277344,133.14743041992188,104.95521545410156,3873.330078125
2022-09-19,151.5196075439453,236.63792419433594,102.09847259521484,65.57958221435547,296.05999755859375,38.7351188659668,110.87548065185547,148.10606384277344,115.75607299804688,28.010032653808594,107.24466705322266,31.375469207763672,40.05628204345703,298.4538269042969,78.10728454589844,147.89857482910156,576.9324951171875,315.1948547363281,148.4234619140625,487.5087890625,36.01619338989258,77.41519165039062,95.94705963134766,533.5341186523438,295.6717529296875,123.6058349609375,252.777099609375,233.85415649414062,98.74864196777344,83.66851806640625,62.03780746459961,124.25778198242188,53.710044860839844,147.3907470703125,42.734107971191406,483.1839904785156,69.06512451171875,162.52603149414062,146.18199157714844,170.83273315429688,144.8800048828125,374.6990966796875,81.75353240966797,133.5303955078125,105.84720611572266,3899.889892578125
2022-09-20,153.89328002929688,234.6346435546875,100.18665313720703,64.6681137084961,291.05999755859375,38.091026306152344,109.63416290283203,147.9368133544922,114.03778839111328,27.553346633911133,105.1299057006836,30.9051513671875,39.23382568359375,293.5500793457031,76.76030731201172,146.10887145996094,565.6434936523438,310.31182861328125,147.25413513183594,486.8103942871094,35.48514938354492,76.84332275390625,94.30632781982422,526.109375,292.4154968261719,122.83467864990234,247.14315795898438,232.3892059326172,94.3366928100586,82.44263458251953,60.31504821777344,123.81652069091797,53.62947082519531,147.5566864013672,42.48596954345703,476.45947265625,68.29277801513672,161.05209350585938,142.64987182617188,166.9678497314453,145.94000244140625,378.3514099121094,81.08687591552734,133.00277709960938,104.29590606689453,3855.929931640625
2022-09-21,150.7742156982422,231.24742126464844,98.34417724609375,63.376808166503906,286.29998779296875,37.20539093017578,108.44493103027344,145.47799682617188,113.90068817138672,27.087146759033203,102.09846496582031,29.98261070251465,38.20349884033203,291.2344665527344,76.02957916259766,141.56797790527344,552.7185668945312,306.2243957519531,145.74560546875,476.82843017578125,34.81142807006836,75.52984619140625,92.77617645263672,519.7130126953125,287.3275146484375,121.56968688964844,244.79953002929688,228.4584197998047,91.91426849365234,80.45398712158203,59.59565353393555,122.22267150878906,53.18180847167969,147.13742065429688,42.874088287353516,470.3072814941406,68.0565414428711,158.58644104003906,141.1476593017578,161.3018798828125,143.2899932861328,378.0096435546875,79.77987670898438,131.9219207763672,101.30964660644531,3789.929931640625
2022-09-22,149.81298828125,233.21205139160156,99.19608306884766,62.693199157714844,287.05999755859375,36.8117790222168,108.77478790283203,144.87222290039062,113.04153442382812,26.70657730102539,100.93668365478516,29.39472198486328,37.5256462097168,284.160400390625,74.62977600097656,136.16073608398438,545.8193359375,294.7847595214844,148.3341827392578,481.838134765625,35.326629638671875,78.19255828857422,93.163330078125,514.3743286132812,301.27325439453125,123.90904998779297,242.60902404785156,225.60133361816406,90.77213287353516,76.9125747680664,58.69642639160156,122.65489959716797,53.056453704833984,147.2771759033203,42.4350700378418,464.6795959472656,68.47450256347656,157.63104248046875,136.3001251220703,159.98855590820312,138.7100067138672,379.7007751464844,79.44654083251953,131.81979370117188,99.05058288574219,3757.989990234375
2022-09-23,147.54725646972656,230.25067138671875,97.80927276611328,61.28799819946289,284.55999755859375,36.37343978881836,106.51788330078125,143.68739318847656,110.76571655273438,26.183292388916016,99.05792236328125,28.698287963867188,36.522430419921875,274.21673583984375,71.75975036621094,133.52383422851562,537.5390014648438,290.6607360839844,148.81619262695312,478.2530517578125,34.93824005126953,77.54029846191406,92.80381774902344,514.8687133789062,301.8451232910156,123.95237731933594,244.2315673828125,223.7906036376953,89.36288452148438,76.43128967285156,57.995967864990234,122.08760070800781,52.465545654296875,147.20726013183594,41.375701904296875,444.8684387207031,68.62897491455078,155.9296417236328,133.43380737304688,154.0693359375,131.25999450683594,371.59539794921875,75.21851348876953,123.20713806152344,96.47154235839844,3693.22998046875
2022-09-26,147.88075256347656,229.7958221435547,97.24464416503906,60.243587493896484,276.9599914550781,36.301876068115234,105.91024780273438,142.94796752929688,109.44044494628906,25.66000747680664,96.92499542236328,28.065181732177734,36.16090774536133,267.542236328125,70.21908569335938,130.8487091064453,531.4127807617188,288.43865966796875,147.90573120117188,473.3644714355469,34.74009323120117,77.00415802001953,92.02953338623047,508.46240234375,298.0073547363281,122.3494873046875,240.3013916015625,221.7979278564453,88.47864532470703,77.01244354248047,57.08726501464844,122.20464324951172,51.81196212768555,147.14613342285156,41.77336883544922,458.1267395019531,68.14741516113281,154.7377471923828,131.33883666992188,152.54965209960938,127.33999633789062,366.7196960449219,73.6658935546875,119.96458435058594,95.13353729248047,3655.0400390625
2022-09-27,148.85177612304688,228.7893524169922,96.58096313476562,59.2656364440918,277.57000732421875,36.248191833496094,105.6758804321289,143.1707000732422,109.98883056640625,25.583892822265625,96.07183837890625,27.649126052856445,36.178985595703125,264.60003662109375,69.97258758544922,130.88682556152344,525.9136962890625,286.4634704589844,147.22735595703125,473.37384033203125,34.946170806884766,76.70037078857422,90.6376724243164,502.8765563964844,301.4962463378906,122.79137420654297,242.20335388183594,215.37399291992188,88.69049835205078,76.53118133544922,57.333370208740234,118.84585571289062,50.477943420410156,145.01473999023438,41.658836364746094,456.2190246582031,65.94851684570312,154.7377471923828,133.79107666015625,152.3808135986328,127.51000213623047,359.60382080078125,75.20975494384766,120.01567077636719,92.93263244628906,3647.2900390625
2022-09-28,146.9685516357422,233.29913330078125,99.10693359375,59.882789611816406,281.3999938964844,36.98175048828125,106.56128692626953,145.03257751464844,108.70010375976562,25.812232971191406,98.01414489746094,28.101350784301758,36.883949279785156,273.145263671875,71.72453308105469,133.8093719482422,532.1217041015625,287.83514404296875,148.49485778808594,478.56036376953125,35.21565246582031,77.54029846191406,90.99715423583984,511.94232177734375,324.05755615234375,125.28673553466797,254.37257385253906,215.59243774414062,90.91029357910156,79.10098266601562,58.98039245605469,118.84585571289062,51.01514434814453,147.3383331298828,42.34599685668945,465.7479553222656,66.24837493896484,158.1587677001953,135.6992645263672,157.37136840820312,133.44000244140625,359.83782958984375,77.94654846191406,124.06668090820312,96.37458801269531,3719.0400390625
2022-09-29,139.74957275390625,229.84420776367188,96.50172424316406,58.29718780517578,278.25,36.29293441772461,105.58039093017578,141.15731811523438,104.96192932128906,25.098663330078125,96.35318756103516,27.73052406311035,36.6037712097168,268.8953857421875,70.3071060180664,131.1724090576172,512.5704345703125,283.8665771484375,146.8613739013672,473.8020935058594,35.00165557861328,77.41519165039062,90.60081481933594,510.7361755371094,319.82244873046875,123.65779876708984,250.89303588867188,213.28121948242188,87.8062515258789,78.6106185913086,58.06222915649414,115.89225006103516,50.6480598449707,145.53883361816406,42.07240295410156,456.8677062988281,65.21250915527344,154.7377471923828,134.23765563964844,155.62655639648438,125.33000183105469,350.65289306640625,77.78865814208984,123.20713806152344,94.48392486572266,3640.469970703125
2022-09-30,135.5516357421875,225.39251708984375,94.74839782714844,57.98385238647461,275.20001220703125,35.783016204833984,103.13249969482422,137.88784790039062,103.26191711425781,24.518293380737305,94.84656524658203,27.31447982788086,36.350704193115234,266.1166076660156,69.55879974365234,128.43072509765625,500.1723937988281,279.2212219238281,145.8170166015625,470.2729797363281,34.684608459472656,76.95055389404297,89.19049835205078,501.4233093261719,313.3680114746094,116.28443908691406,248.73867797851562,209.95101928710938,76.5599136352539,76.51300811767578,58.80054473876953,113.68607330322266,50.155635833740234,142.6125030517578,41.26118469238281,450.4674377441406,63.831382751464844,151.91722106933594,131.16836547851562,153.9192352294922,121.08000183105469,347.5042724609375,76.58692169189453,122.27095031738281,91.45890045166016,3585.6201171875
2022-10-03,139.72015380859375,232.97975158691406,97.7102279663086,59.89228439331055,285.239990234375,36.9370231628418,105.47622680664062,142.39561462402344,107.13721466064453,25.66000747680664,97.77818298339844,28.11944007873535,37.579872131347656,271.6559753417969,70.76490783691406,133.29530334472656,520.5689697265625,287.85345458984375,145.67416381835938,480.02227783203125,34.98579788208008,78.22828674316406,91.7345962524414,516.984375,311.62353515625,119.84548950195312,255.73379516601562,214.1365509033203,78.65996551513672,77.74797058105469,59.53886032104492,115.7211685180664,50.71967697143555,144.350830078125,42.1614875793457,455.67547607421875,64.61283874511719,157.4399871826172,132.4269256591797,160.62648010253906,126.05000305175781,359.60382080078125,80.6307373046875,129.13046264648438,94.17366027832031,3678.429931640625
2022-10-04,143.30026245117188,240.85736083984375,100.68193817138672,62.370391845703125,294.9700012207031,37.758644104003906,108.93974304199219,147.12608337402344,111.84422302246094,26.354549407958984,102.35257720947266,29.28618812561035,39.351322174072266,285.9311828613281,73.92548370361328,138.4740447998047,537.4571533203125,295.86383056640625,147.8343048095703,487.15496826171875,35.23942947387695,78.97887420654297,95.01609802246094,533.7910766601562,319.7061462402344,123.02530670166016,261.0160827636719,217.01182556152344,81.6442642211914,80.37226104736328,61.924198150634766,117.1529312133789,50.83607482910156,145.97561645507812,42.708656311035156,463.68768310546875,65.27611541748047,162.12567138671875,137.13644409179688,168.50628662109375,133.50999450683594,365.3342590332031,83.56930541992188,134.15170288085938,98.35248565673828,3790.929931640625
2022-10-05,143.594482421875,241.16705322265625,100.47391510009766,63.27238082885742,297.3800048828125,37.91213607788086,109.14806365966797,149.48690795898438,114.14745330810547,26.297462463378906,101.0888671875,28.87013816833496,39.14344024658203,280.6005859375,73.1683578491211,137.4364013671875,530.0491943359375,294.1263732910156,147.37908935546875,490.7864990234375,34.96995162963867,78.97887420654297,95.29261016845703,540.0589599609375,321.5377502441406,124.18634033203125,261.2774963378906,217.54867553710938,83.91010284423828,81.83424377441406,62.283905029296875,116.3425064086914,50.35261154174805,145.0059814453125,42.285560607910156,458.1458740234375,64.61283874511719,161.7799530029297,136.35694885253906,167.3336944580078,132.11000061035156,362.09576416015625,86.94645690917969,134.91761779785156,97.73197174072266,3783.280029296875
2022-10-06,142.64309692382812,238.83470153808594,100.4640121459961,62.00010681152344,298.4100036621094,37.48777770996094,106.10122680664062,148.36441040039062,114.50390625,25.85980796813965,99.0284423828125,28.454084396362305,38.17638397216797,276.6686706542969,71.58367919921875,135.54196166992188,519.5601806640625,289.11529541015625,144.52272033691406,483.3930969238281,34.153560638427734,78.13002014160156,94.43535614013672,534.4435424804688,322.6717529296875,121.5523452758789,261.7642517089844,213.59971618652344,83.05351257324219,81.13504028320312,61.61184310913086,113.89320373535156,49.26927185058594,142.21067810058594,41.89107131958008,460.215576171875,63.20444107055664,159.2596893310547,134.4650115966797,167.73707580566406,132.1999969482422,359.4869384765625,89.5253677368164,137.3771514892578,96.99510955810547,3744.52001953125
2022-10-07,137.40542602539062,226.68930053710938,97.74984741210938,60.091670989990234,288.7699890136719,36.35917663574219,103.14116668701172,141.89669799804688,110.50980377197266,24.470722198486328,97.0504379272461,27.811927795410156,37.76968002319336,273.4085693359375,69.48836517333984,132.32431030273438,500.2815246582031,278.4713134765625,142.9963836669922,470.0960998535156,33.54325485229492,78.27298736572266,93.8270034790039,517.6566162109375,316.5758361816406,120.22669982910156,256.2926330566406,212.1802520751953,80.28105926513672,79.02833557128906,61.13855743408203,111.90310668945312,48.803707122802734,141.1711883544922,40.89850616455078,446.5376892089844,62.6865119934082,155.95697021484375,129.21957397460938,166.5550994873047,129.7899932861328,363.4001770019531,88.62189483642578,136.1942138671875,94.2027587890625,3639.659912109375
2022-10-10,137.7290802001953,221.86012268066406,96.93757629394531,59.40805435180664,285.7200012207031,36.01607894897461,102.21237182617188,139.67848205566406,104.74256134033203,23.97597885131836,96.14384460449219,27.73052406311035,37.46238327026367,272.918212890625,69.03056335449219,130.90585327148438,495.8639831542969,273.1585388183594,143.183837890625,464.5184326171875,33.09146499633789,80.8463363647461,93.21862030029297,505.03179931640625,313.891357421875,119.83683013916016,254.61598205566406,213.78167724609375,79.8481674194336,79.05558013916016,60.89244842529297,111.44387817382812,48.69627380371094,141.35464477539062,41.140296936035156,444.78265380859375,62.223121643066406,156.39366149902344,129.70675659179688,167.60569763183594,131.89999389648438,368.82476806640625,86.70084381103516,133.7346649169922,92.26363372802734,3612.389892578125
2022-10-11,136.31666564941406,218.1439208984375,96.26398468017578,59.56074905395508,284.8299865722656,35.73618698120117,102.25577545166016,136.70298767089844,100.5656509399414,23.823749542236328,93.369140625,26.925559997558594,36.359737396240234,267.1700439453125,67.78923797607422,130.7535400390625,482.7752685546875,269.500732421875,145.25465393066406,465.403076171875,33.22620391845703,81.35564422607422,93.79011535644531,495.1158142089844,317.48681640625,122.60942077636719,255.0036163330078,215.69248962402344,81.0455551147461,78.28372955322266,60.92085647583008,111.86709594726562,48.7768440246582,142.0272216796875,42.206016540527344,450.22894287109375,62.74103927612305,157.9677276611328,129.4388427734375,168.61886596679688,131.57000732421875,369.7873229980469,85.9640121459961,133.7602081298828,90.2663345336914,3588.840087890625
2022-10-12,135.68890380859375,218.47296142578125,96.6404037475586,60.868202209472656,286.1499938964844,35.4562873840332,102.05611419677734,135.01036071777344,99.29522705078125,24.09966468811035,94.88011932373047,27.006967544555664,36.612815856933594,268.16888427734375,67.43708038330078,130.17282104492188,482.7389221191406,266.2545471191406,145.21897888183594,465.54278564453125,33.313392639160156,80.79271697998047,92.2507553100586,494.9774475097656,314.5504150390625,121.2837905883789,252.8672332763672,215.7015838623047,81.5245132446289,78.88306427001953,60.46650314331055,112.04721069335938,49.36775588989258,147.9672393798828,41.72882843017578,444.849365234375,62.79555130004883,157.21255493164062,129.4956817626953,168.38430786132812,130.4199981689453,357.516845703125,86.3412094116211,134.16018676757812,90.56689453125,3577.030029296875
2022-10-13,140.24984741210938,226.68930053710938,98.12625885009766,62.22336959838867,294.739990234375,36.66615676879883,105.71928405761719,137.49588012695312,103.15223693847656,25.13671875,100.1548080444336,28.6621150970459,38.302913665771484,278.8480529785156,69.83171844482422,135.2662353515625,514.4883422851562,267.2696533203125,147.414794921875,474.8077392578125,34.06637191772461,82.642333984375,94.89948272705078,504.7352294921875,321.8479309082031,125.0910873413086,254.949462890625,224.51853942871094,82.49164581298828,81.1531982421875,61.69703674316406,113.74009704589844,50.021331787109375,152.527099609375,42.08195114135742,446.3850402832031,64.52196502685547,161.54342651367188,132.88978576660156,171.7989501953125,132.39999389648438,365.1993408203125,89.35873413085938,140.6622314453125,93.69857788085938,3669.909912109375
2022-10-14,135.7282257080078,221.1923828125,95.64981842041016,61.37401580810547,287.94000244140625,36.29597473144531,104.2001953125,132.15069580078125,100.4925308227539,24.651491165161133,101.82145690917969,28.671161651611328,39.01691818237305,272.4188232421875,66.29258728027344,130.7366485595703,500.7813720703125,262.09393310546875,146.79891967773438,477.8060607910156,33.97126007080078,82.36531829833984,93.45472717285156,497.3302917480469,321.1598815917969,125.108642578125,249.18035888671875,221.25201416015625,80.64027404785156,78.42902374267578,60.15412902832031,112.63250732421875,49.2244987487793,148.6660919189453,41.493408203125,433.6608581542969,64.81273651123047,158.45901489257812,131.2820281982422,167.15550231933594,133.14999389648438,350.31103515625,87.00788879394531,136.287841796875,91.57523345947266,3583.070068359375
2022-10-17,139.68093872070312,229.8732147216797,99.0276870727539,63.96028137207031,293.5,37.289154052734375,105.48490905761719,134.511474609375,101.99146270751953,25.13671875,106.09796905517578,30.4077091217041,39.73091125488281,278.5210876464844,67.91248321533203,135.25665283203125,517.4150390625,271.9422912597656,148.70013427734375,485.9538269042969,34.59741973876953,84.0987777709961,95.87188720703125,511.3492736816406,322.487548828125,126.39524841308594,253.53431701660156,224.2728729248047,82.86929321289062,80.7264175415039,62.36908721923828,114.6676025390625,49.86018371582031,150.88487243652344,41.792449951171875,442.74139404296875,65.54873657226562,161.0793914794922,133.75045776367188,169.60386657714844,136.08999633789062,357.4178771972656,88.26224517822266,137.2835693359375,94.36758422851562,3677.949951171875
2022-10-18,140.99526977539062,230.81198120117188,99.82013702392578,63.969825744628906,292.9800109863281,37.73155975341797,106.71753692626953,134.9747314453125,101.6441421508789,24.61343765258789,108.82687377929688,31.54730796813965,40.37260055541992,285.0049133300781,69.9373550415039,139.5091094970703,528.1495361328125,275.0696105957031,148.1824188232422,486.26104736328125,34.946170806884766,84.5365982055664,97.22403717041016,518.4376220703125,324.6874694824219,126.56156158447266,256.95965576171875,226.7387237548828,82.60216522216797,80.7808837890625,63.258872985839844,115.59510040283203,50.53166198730469,152.920166015625,42.673667907714844,451.42132568359375,66.25745391845703,163.66336059570312,135.5937042236328,172.1835479736328,137.33999633789062,388.48089599609375,88.42013549804688,138.48353576660156,95.48258972167969,3719.97998046875
2022-10-19,141.10316467285156,228.85707092285156,98.69088745117188,63.27314758300781,299.8299865722656,37.812828063964844,106.34426879882812,135.99029541015625,103.14310455322266,24.737123489379883,106.69322204589844,30.679039001464844,39.423622131347656,283.1070251464844,68.35269165039062,137.57879638671875,525.27734375,271.466796875,147.0041961669922,484.50115966796875,34.16941452026367,83.33035278320312,90.86158752441406,499.8612060546875,319.12469482421875,125.27493286132812,248.33302307128906,228.1581573486328,81.57978820800781,79.47329711914062,62.56787872314453,116.66667938232422,50.10190963745117,151.43515014648438,42.55278015136719,449.6662292480469,65.19434356689453,163.11741638183594,134.61929321289062,172.99029541015625,138.38999938964844,395.78558349609375,91.04291534423828,142.97711181640625,95.97705841064453,3695.159912109375
2022-10-20,140.6421661376953,228.53765869140625,99.0276870727539,66.08848571777344,302.3800048828125,37.659324645996094,111.3702621459961,136.9435272216797,102.34793853759766,24.813234329223633,106.34523010253906,30.480064392089844,39.45073699951172,282.24432373046875,67.43708038330078,136.0976104736328,520.2418212890625,267.0409851074219,147.37908935546875,485.02264404296875,34.010887145996094,83.04442596435547,88.17584228515625,481.324462890625,318.91143798828125,125.099853515625,242.89749145507812,227.26641845703125,79.97711944580078,78.81040954589844,61.86742401123047,115.16399383544922,49.31403350830078,149.7754669189453,42.65776443481445,443.1706237792969,64.2522964477539,161.6252899169922,130.71365356445312,169.35995483398438,139.1300048828125,399.7257995605469,91.16571807861328,143.79412841796875,95.58924102783203,3665.780029296875
2022-10-21,144.4478302001953,234.31529235839844,100.17674255371094,69.3809585571289,306.3699951171875,38.64347457885742,112.75910949707031,142.2887420654297,105.78450012207031,25.66000747680664,111.93126678466797,31.610628128051758,40.5172119140625,295.2209777832031,69.74366760253906,133.82325744628906,542.8744506835938,270.61639404296875,150.592529296875,496.9879455566406,35.62781524658203,85.48373413085938,88.03693389892578,491.09210205078125,330.250244140625,128.7146759033203,248.36912536621094,231.6157684326172,81.51530456542969,80.46308135986328,63.997188568115234,116.60591125488281,50.10190963745117,151.17311096191406,43.519893646240234,456.1046142578125,65.36811828613281,166.32920837402344,134.42440795898438,179.63449096679688,141.32000732421875,408.964599609375,92.85868072509766,147.39407348632812,98.9342269897461,3752.75
2022-10-24,146.58604431152344,239.2799072265625,101.55364990234375,69.59092712402344,316.2200012207031,39.311607360839844,115.18097686767578,144.00807189941406,106.36946105957031,25.85980796813965,112.06861877441406,31.719161987304688,40.85161590576172,298.4900817871094,69.92855834960938,135.34266662597656,555.76318359375,274.6856384277344,152.61871337890625,504.3163146972656,36.095455169677734,87.00273895263672,91.02830505371094,499.2680969238281,337.16021728515625,132.06686401367188,255.33709716796875,232.31640625,81.06398010253906,76.0589828491211,65.48328399658203,117.32234191894531,51.543373107910156,155.2088165283203,44.35020446777344,474.0272216796875,65.87117004394531,170.0504913330078,136.0484161376953,180.65438842773438,142.0500030517578,411.5284423828125,93.50780487060547,147.34298706054688,98.62396240234375,3797.340087890625
2022-10-25,149.42063903808594,242.57998657226562,103.49517822265625,69.80088806152344,323.7900085449219,40.05197525024414,115.38928985595703,144.46243286132812,108.91947937011719,26.078636169433594,112.36165618896484,32.00858688354492,41.005252838134766,301.8500671386719,70.87937927246094,140.493408203125,578.032470703125,285.3296203613281,152.37770080566406,503.0312194824219,36.13508224487305,87.30653381347656,90.71341705322266,508.7688903808594,340.4648742675781,131.13037109375,261.6470642089844,232.68946838378906,84.48116302490234,77.37567138671875,66.69488525390625,118.673583984375,52.7789192199707,155.72422790527344,44.56016159057617,476.02069091796875,66.54798889160156,172.5525665283203,135.601806640625,183.99740600585938,146.64999389648438,413.9483642578125,92.8762435913086,148.87493896484375,101.1836166381836,3859.110107421875
2022-10-26,146.4879608154297,223.86343383789062,94.03519439697266,71.40418243408203,320.4800109863281,40.07003402709961,117.19483947753906,140.64059448242188,107.95064544677734,25.888351440429688,113.6528549194336,32.288970947265625,41.30351638793945,304.8376770019531,71.23150634765625,140.359619140625,579.7229614257812,284.87237548828125,153.71664428710938,505.77813720703125,36.50761413574219,87.93199920654297,91.14871215820312,497.2809143066406,346.8126525878906,133.4847869873047,261.5478820800781,233.4901580810547,85.09829711914062,77.99314880371094,67.120849609375,119.50791931152344,53.172847747802734,156.42306518554688,44.90055847167969,476.39276123046875,67.16079711914062,173.1166534423828,137.2176513671875,185.99945068359375,133.7899932861328,416.1164245605469,93.98146057128906,150.7131805419922,101.44539642333984,3830.60009765625
2022-10-27,142.025146484375,219.4407196044922,91.3507308959961,71.71913146972656,318.6499938964844,40.106143951416016,116.98652648925781,139.6517333984375,104.83396911621094,24.994007110595703,114.10157775878906,32.44272994995117,41.258331298828125,306.19073486328125,71.03783416748047,140.4456024169922,589.8848876953125,291.98663330078125,153.80587768554688,504.5024108886719,36.25398254394531,89.12039947509766,89.76876831054688,492.6542053222656,345.3299255371094,134.35130310058594,262.3682861328125,241.22434997558594,83.39430236816406,77.43923950195312,68.06741333007812,119.59859466552734,53.298194885253906,156.25706481933594,44.77013397216797,474.47198486328125,66.97786712646484,178.77590942382812,135.1876678466797,200.3346710205078,139.75999450683594,424.54559326171875,94.34113311767578,151.4025421142578,101.26118469238281,3807.300048828125
2022-10-28,152.75552368164062,228.26673889160156,95.38237762451172,73.82821655273438,325.67999267578125,41.207664489746094,120.23300170898438,144.89590454101562,108.95603942871094,27.65800666809082,115.45686340332031,32.72311019897461,41.89098358154297,310.4042053222656,73.0867919921875,143.76158142089844,603.31005859375,298.95452880859375,156.0909881591797,513.2927856445312,37.59348678588867,90.04072570800781,92.13964080810547,498.1113586425781,348.7897033691406,129.196044921875,269.2099914550781,249.78651428222656,86.42465209960938,79.09190368652344,68.62589263916016,122.62757110595703,54.39942932128906,159.18338012695312,45.33639907836914,488.16510009765625,68.26749420166016,186.45501708984375,135.73980712890625,207.13400268554688,143.83999633789062,436.1863708496094,97.104248046875,153.1727752685547,102.7252197265625,3901.06005859375
2022-10-31,150.40150451660156,224.6472930908203,93.619140625,74.50580596923828,318.5,41.0180549621582,120.04203796386719,144.24037170410156,107.53936767578125,27.049091339111328,115.27372741699219,32.59648132324219,41.56562805175781,312.8470458984375,73.04234313964844,141.8599090576172,587.0945434570312,293.7606506347656,155.28762817382812,516.9334106445312,36.8959846496582,90.42494201660156,91.63028717041016,508.1261901855469,350.91204833984375,128.1370086669922,266.9384765625,248.0941619873047,85.36540985107422,78.6287841796875,68.24725341796875,122.12877655029297,53.584686279296875,158.6156005859375,45.27913284301758,479.2115783691406,67.53578186035156,185.62709045410156,136.22702026367188,204.4142608642578,142.50999450683594,437.8146057128906,97.20072937011719,153.9556884765625,103.29725646972656,3871.97998046875
2022-11-01,147.76303100585938,220.81495666503906,89.61722564697266,73.58964538574219,316.0199890136719,41.04514694213867,119.96390533447266,146.27874755859375,107.23773193359375,26.925405502319336,117.35246276855469,32.74119567871094,42.43326950073242,316.5429992675781,74.42015838623047,140.55076599121094,592.6299438476562,289.07879638671875,154.5021514892578,509.63311767578125,38.05319595336914,89.13827514648438,91.97293853759766,511.80401611328125,341.6957702636719,128.58335876464844,266.8753662109375,248.35800170898438,86.369384765625,79.09190368652344,67.92543029785156,122.3192367553711,53.39667892456055,157.89927673339844,45.07553482055664,477.739990234375,67.44432067871094,184.79002380371094,135.9265899658203,206.3407440185547,143.3800048828125,436.87005615234375,98.16563415527344,155.0791015625,102.77369689941406,3856.10009765625
2022-11-02,142.25074768066406,213.00509643554688,86.15021514892578,71.69049835205078,301.2200012207031,40.2415771484375,118.7746810913086,142.3187255859375,102.82319641113281,26.088146209716797,116.27189636230469,32.64170455932617,42.37001037597656,317.6417541503906,74.9979476928711,137.12966918945312,580.6409301757812,284.1499328613281,152.12777709960938,506.0202941894531,37.308143615722656,88.81661224365234,90.7967758178711,485.39764404296875,344.0022277832031,126.49151611328125,260.2679443359375,246.01043701171875,83.1732406616211,76.80359649658203,66.53397369384766,120.55989837646484,52.65357208251953,155.697998046875,44.77649688720703,462.0211486816406,66.55712890625,182.3970947265625,133.63677978515625,202.60110473632812,147.41000366210938,433.65850830078125,96.14813995361328,151.91317749023438,98.72091674804688,3759.68994140625
2022-11-03,136.21861267089844,207.3436737060547,82.64359283447266,71.60459899902344,285.92999267578125,39.59150314331055,116.72608184814453,140.5497283935547,94.94465637207031,26.059606552124023,116.48251342773438,32.46080780029297,41.42399215698242,316.80633544921875,74.3312759399414,133.1256561279297,576.0963134765625,282.83319091796875,152.38662719726562,506.187744140625,37.22819519042969,88.23579406738281,89.32423400878906,481.4035339355469,350.5147705078125,126.40400695800781,253.75057983398438,248.35800170898438,83.26535034179688,76.8944091796875,67.39533233642578,119.73462677001953,52.62670135498047,155.29615783691406,44.76694869995117,464.67755126953125,66.2095718383789,185.96372985839844,133.17393493652344,207.05845642089844,156.75,436.14141845703125,97.45513153076172,154.1514434814453,96.22914123535156,3719.889892578125
2022-11-04,135.95338439941406,214.25344848632812,85.76390838623047,72.53031158447266,285.75,40.19643020629883,118.88755798339844,146.05426025390625,97.512939453125,27.192636489868164,119.66928100585938,33.27482223510742,42.51554489135742,325.0154724121094,75.42463684082031,138.29551696777344,596.4022216796875,289.32562255859375,153.06500244140625,501.1224670410156,37.74781799316406,88.63788604736328,90.82453155517578,489.9156494140625,346.3766174316406,127.15670013427734,256.0312194824219,249.8775634765625,88.22994995117188,83.41426849365234,67.38587951660156,121.92020416259766,53.056453704833984,156.16970825195312,44.846492767333984,464.79229736328125,66.9412841796875,189.11178588867188,134.53810119628906,215.17041015625,160.00999450683594,433.30767822265625,98.5165023803711,156.10037231445312,96.54911041259766,3770.550048828125
2022-11-07,136.4838409423828,220.5246124267578,87.65589141845703,73.2365493774414,299.5400085449219,40.22352600097656,120.08540344238281,148.78408813476562,100.62049102783203,27.395132064819336,120.30111694335938,33.47380447387695,42.81571960449219,329.23809814453125,76.06465911865234,140.45516967773438,614.7172241210938,291.9317932128906,154.4039306640625,507.50079345703125,37.64390182495117,89.4152603149414,92.1489028930664,486.5048828125,353.8001403808594,129.6249237060547,261.6560974121094,251.50625610351562,86.0654296875,82.1338882446289,68.26618957519531,123.78836059570312,53.26238250732422,157.41885375976562,45.31732177734375,466.8371276855469,67.22480773925781,190.85870361328125,137.3313446044922,215.8881378173828,164.91000366210938,439.56884765625,99.68315887451172,157.96417236328125,97.37323760986328,3806.800048828125
2022-11-08,137.0537109375,221.49237060546875,88.06202697753906,72.18675231933594,302.1700134277344,40.2776985168457,121.56111907958984,150.9571533203125,102.85975646972656,27.462629318237305,120.3744125366211,33.564247131347656,42.915767669677734,330.5639343261719,75.80687713623047,143.53224182128906,623.8339233398438,292.562744140625,155.1715850830078,514.97802734375,37.85173416137695,90.69300079345703,92.278564453125,486.5740661621094,355.3410339355469,130.0012969970703,262.4403381347656,253.3168487548828,86.35095977783203,84.2224349975586,67.66986083984375,124.06949615478516,53.36086654663086,157.8556365966797,45.425472259521484,470.8600158691406,67.50833129882812,192.30535888671875,137.05523681640625,217.02133178710938,169.6199951171875,444.5075988769531,99.99895477294922,157.73439025878906,96.85935974121094,3828.110107421875
2022-11-09,132.5048828125,217.27288818359375,86.49691772460938,72.20584869384766,298.8699951171875,39.64567184448242,120.68270874023438,148.155517578125,100.9312515258789,26.53692626953125,118.8084945678711,33.03062057495117,41.81513595581055,328.7296142578125,74.18016052246094,139.3848876953125,608.6453857421875,287.2224426269531,153.9308319091797,503.44091796875,37.348114013671875,90.7734146118164,92.11186981201172,479.1988525390625,352.0556945800781,129.20480346679688,258.4831237792969,252.7619171142578,84.83118438720703,83.68359375,66.61006164550781,123.77022552490234,52.61774826049805,155.9687957763672,44.369293212890625,468.1940002441406,67.18822479248047,190.75103759765625,133.17393493652344,212.98898315429688,168.74000549316406,436.4651794433594,95.52532196044922,151.42807006835938,84.1095962524414,3748.570068359375
2022-11-10,144.29443359375,235.1475372314453,93.05453491210938,73.64690399169922,329.95001220703125,41.22572708129883,124.05573272705078,156.8657989501953,110.29959869384766,28.69690704345703,123.69853973388672,34.48678970336914,43.61618423461914,343.54052734375,78.93585968017578,147.88023376464844,690.623046875,316.58477783203125,155.73391723632812,506.70928955078125,37.87571716308594,91.04149627685547,96.52944946289062,514.6610717773438,357.3374938964844,131.04286193847656,280.97357177734375,251.0240020751953,91.63793182373047,87.9120864868164,70.3359603881836,128.03250122070312,54.506874084472656,158.72042846679688,45.28868103027344,490.32470703125,68.5693130493164,196.39230346679688,141.23045349121094,219.51441955566406,177.5800018310547,441.4939270019531,96.92881774902344,154.296142578125,87.70668029785156,3956.3701171875
2022-11-11,147.07481384277344,239.14447021484375,95.50123596191406,74.19085693359375,341.1499938964844,40.440216064453125,125.75981903076172,161.176025390625,110.9850845336914,29.342971801757812,123.90001678466797,34.740028381347656,43.2523307800293,349.7701110839844,80.69593048095703,148.01402282714844,704.2025146484375,325.7200012207031,151.0745086669922,486.1399841308594,38.05158233642578,87.5299072265625,96.3997802734375,532.5552368164062,341.4242858886719,131.42796325683594,283.89422607421875,246.93853759765625,97.717041015625,88.93495178222656,70.24092864990234,127.84210205078125,54.90081787109375,155.53204345703125,45.35866928100586,492.5606994628906,68.20346069335938,194.4996795654297,146.0414276123047,223.32965087890625,177.49000549316406,417.285888671875,99.95509338378906,158.68756103515625,92.11820220947266,3992.929931640625
2022-11-14,145.67970275878906,233.76361083984375,94.79792785644531,74.94481658935547,340.3699951171875,40.39506912231445,126.66456604003906,159.33523559570312,110.40925598144531,29.265832901000977,122.62713623046875,34.15213394165039,42.633792877197266,347.2182922363281,79.83367156982422,147.28773498535156,673.6621704101562,317.9198913574219,153.4488525390625,478.3834228515625,39.362613677978516,89.66544342041016,94.47347259521484,528.689697265625,346.03082275390625,132.81085205078125,276.6648254394531,247.7392578125,96.1512222290039,88.97148132324219,69.44251251220703,127.85116577148438,54.3725700378418,154.37896728515625,44.02571487426758,487.02801513671875,68.20346069335938,194.7465362548828,145.7135772705078,223.33905029296875,173.5500030517578,415.64862060546875,100.24690246582031,158.76417541503906,91.4104232788086,3957.25
2022-11-15,147.40884399414062,234.1701202392578,97.5121078491211,75.56514739990234,345.9599914550781,40.5395393371582,126.78754425048828,159.4519500732422,115.18025970458984,29.61297035217285,121.73888397216797,34.09786605834961,42.48825454711914,347.6905822753906,80.44702911376953,147.05841064453125,672.8987426757812,324.311767578125,153.87730407714844,468.3828430175781,38.82701110839844,88.99530029296875,95.51997375488281,539.881103515625,340.0928955078125,133.94869995117188,281.180908203125,243.7083740234375,98.28813171386719,89.3459243774414,71.40050506591797,127.40678405761719,54.28304672241211,154.7808074951172,46.90476989746094,503.0718688964844,68.8894271850586,196.9683074951172,148.7296600341797,221.5353546142578,175.35000610351562,420.3354797363281,100.91891479492188,160.04074096679688,92.60298156738281,3991.72998046875
2022-11-16,146.18077087402344,234.59710693359375,97.9182357788086,76.24270629882812,338.4100036621094,40.07905960083008,126.9456787109375,155.7613067626953,110.34529876708984,28.475122451782227,121.9037094116211,33.79035568237305,42.03343963623047,347.19110107421875,79.84255981445312,145.79702758789062,660.827880859375,323.4064636230469,154.83238220214844,476.30694580078125,38.41132736206055,89.29015350341797,95.95525360107422,529.9155883789062,342.98895263671875,132.92462158203125,283.8670959472656,247.9576416015625,96.92491149902344,88.65184783935547,75.10739135742188,128.54037475585938,54.1845588684082,155.77664184570312,47.24197769165039,500.8166809082031,69.5205078125,195.66082763671875,145.11526489257812,219.48609924316406,172.69000244140625,419.4268798828125,99.84015655517578,157.4365234375,91.0904541015625,3958.7900390625
2022-11-17,148.07691955566406,234.548583984375,97.432861328125,75.58422088623047,337.8299865722656,42.06541061401367,128.32476806640625,157.4674530029297,112.29207611083984,28.822263717651367,121.37257385253906,33.61851501464844,41.83332824707031,344.87548828125,79.06919860839844,143.9526824951172,655.6287841796875,317.0968933105469,156.08201599121094,479.8360290527344,38.63515853881836,91.416748046875,94.98281860351562,523.8651733398438,350.6081848144531,133.17848205566406,280.7392272949219,248.73101806640625,97.04467010498047,88.5605239868164,74.12840270996094,127.75138854980469,54.35466003417969,157.2616424560547,47.082916259765625,498.1507568359375,68.86198425292969,196.1271514892578,144.2957305908203,217.61627197265625,172.77999877929688,425.30126953125,99.97278594970703,157.8824920654297,88.66654205322266,3946.56005859375
2022-11-18,148.63693237304688,234.10218811035156,96.5116195678711,76.09002685546875,330.8599853515625,43.148868560791016,129.68626403808594,157.3057861328125,113.19690704345703,28.802978515625,122.56303405761719,33.6366081237793,42.29722595214844,344.34881591796875,79.29142761230469,145.7301025390625,654.9923706054688,316.2738952636719,157.27810668945312,493.5147705078125,38.555213928222656,93.13233947753906,96.196044921875,529.154296875,351.4828186035156,135.64666748046875,282.30767822265625,248.7401580810547,97.09992218017578,89.45551300048828,74.28999328613281,129.29310607910156,54.739654541015625,158.39723205566406,47.79234313964844,500.396240234375,69.93209075927734,196.14541625976562,146.68067932128906,218.55120849609375,173.88999938964844,428.9446105957031,99.1062240600586,156.93907165527344,89.00589752197266,3965.340087890625
2022-11-21,145.41444396972656,234.9076690673828,94.69886016845703,76.17591857910156,321.489990234375,42.995384216308594,128.84300231933594,154.8094482421875,109.86087036132812,27.906198501586914,121.8396224975586,33.745140075683594,42.60649108886719,345.2659912109375,79.18476867675781,146.02638244628906,657.8010864257812,317.6912841796875,158.086669921875,481.58660888671875,38.51524353027344,94.36538696289062,96.20530700683594,530.1825561523438,350.9969177246094,137.51097106933594,285.55279541015625,249.78651428222656,95.63542175292969,89.7934341430664,75.08839416503906,130.9345245361328,55.58124923706055,161.44581604003906,48.085018157958984,500.109619140625,70.35283660888672,198.00146484375,148.0247802734375,219.25001525878906,172.94000244140625,432.6510009765625,98.12471008300781,155.43824768066406,94.60997009277344,3949.93994140625
2022-11-22,147.54640197753906,237.7997283935547,96.13520050048828,78.37092590332031,330.8800048828125,43.681575775146484,130.96875,159.13763427734375,113.01412200927734,28.754762649536133,123.66193389892578,33.90793991088867,42.85209274291992,348.58953857421875,79.70922088623047,147.71778869628906,666.6633911132812,322.10797119140625,158.8502960205078,487.0804748535156,39.234710693359375,95.51805877685547,97.12216186523438,538.55615234375,350.71514892578125,139.8566436767578,292.8543701171875,250.00491333007812,97.60652160644531,89.89389038085938,76.14341735839844,132.05906677246094,55.82298278808594,161.4633331298828,48.25682067871094,508.3083190917969,69.84979248046875,200.012939453125,149.7705078125,224.05679321289062,172.5,431.3555603027344,100.963134765625,159.4262237548828,93.28166961669922,4003.580078125
2022-11-23,148.42079162597656,240.27447509765625,97.53192138671875,78.79081726074219,335.7799987792969,43.853118896484375,130.6613006591797,160.71804809570312,114.38509368896484,28.61012077331543,124.98059844970703,34.01647186279297,43.052215576171875,350.7508239746094,79.94033813476562,147.09664916992188,669.2719116210938,327.61279296875,159.02098083496094,493.2447204589844,39.050846099853516,95.44658660888672,98.18718719482422,541.0673217773438,351.5313415527344,139.50653076171875,289.8166198730469,248.64913940429688,98.23285675048828,90.88936614990234,76.55216217041016,132.81173706054688,56.07368087768555,161.6729736328125,48.48904037475586,510.7354736328125,70.36197662353516,200.15005493164062,149.85244750976562,223.73568725585938,174.85000610351562,432.76788330078125,100.4591293334961,158.0111541748047,95.87040710449219,4027.260009765625
2022-11-25,145.5126953125,240.1872100830078,96.54133605957031,78.94351196289062,334.29998779296875,43.69963073730469,130.3274688720703,159.00294494628906,112.83133697509766,28.291908264160156,125.21871185302734,34.09786605834961,43.15226745605469,353.1209411621094,80.81149291992188,147.306884765625,670.5990600585938,328.0619812011719,159.22760009765625,500.6103210449219,39.33863067626953,96.05415344238281,99.05775451660156,544.982421875,354.96197509765625,139.70782470703125,294.2064514160156,250.2233123779297,97.59729766845703,90.92588806152344,77.01789093017578,133.05661010742188,56.12739181518555,160.82562255859375,48.69582748413086,509.94232177734375,70.21562957763672,201.19236755371094,149.59017944335938,222.58355712890625,178.36000061035156,434.91796875,100.10541534423828,157.5480194091797,95.8607177734375,4026.1201171875
2022-11-28,141.69093322753906,234.62625122070312,95.1446304321289,77.67424011230469,328.9700012207031,43.410709381103516,128.40377807617188,155.3482208251953,109.25764465332031,27.70370101928711,123.03005981445312,33.338134765625,42.73384094238281,347.2182922363281,79.90480041503906,144.17250061035156,655.5014038085938,321.7373962402344,159.30850219726562,495.628662109375,39.62641525268555,96.90301513671875,97.60375213623047,533.8900146484375,355.46734619140625,138.66629028320312,287.48187255859375,248.29429626464844,96.67623138427734,90.10395050048828,76.06739807128906,132.94781494140625,56.136348724365234,160.63343811035156,48.835811614990234,507.3240051269531,69.85892486572266,197.27914428710938,147.45108032226562,219.3727569580078,171.8300018310547,434.6929626464844,97.09898376464844,152.96823120117188,92.77751159667969,3963.93994140625
2022-11-29,138.69442749023438,233.23841857910156,94.29273986816406,77.15888977050781,326.7799987792969,43.59128952026367,128.6761016845703,155.33026123046875,108.1974105834961,27.86762809753418,125.0538558959961,33.46475601196289,43.27052307128906,348.4442138671875,80.96260833740234,147.5648956298828,648.9844360351562,318.1901550292969,158.19451904296875,491.65240478515625,39.562461853027344,97.25149536132812,97.2425537109375,533.6130981445312,353.6985778808594,138.46498107910156,284.8136291503906,246.95672607421875,97.86443328857422,90.10395050048828,76.19096374511719,131.9320831298828,55.939369201660156,159.49783325195312,48.66401672363281,505.45123291015625,69.48394012451172,198.14776611328125,151.53260803222656,222.0358428955078,175.32000732421875,435.4936828613281,97.74449157714844,155.25811767578125,91.80792999267578,3957.6298828125
2022-11-30,145.43411254882812,247.61141967773438,100.0380630493164,79.23938751220703,344.92999267578125,44.891441345214844,130.7930450439453,162.0470428466797,116.3469467163086,28.995832443237305,126.5373306274414,34.233543395996094,43.61618423461914,352.95965576171875,82.73155975341797,150.5941925048828,650.8023071289062,323.3781433105469,159.9103546142578,510.0522155761719,40.07408905029297,98.39521026611328,99.63194274902344,553.8502197265625,360.627685546875,141.07322692871094,293.8188781738281,249.61032104492188,101.0329360961914,93.33695220947266,76.08642578125,135.26939392089844,57.35499572753906,162.04856872558594,48.48904037475586,515.283935546875,70.86502075195312,200.7352294921875,155.49937438964844,223.25408935546875,178.8800048828125,439.19598388671875,98.45188903808594,157.21353149414062,94.89115142822266,4080.110107421875
2022-12-01,145.7091827392578,247.17471313476562,100.0380630493164,80.27005767822266,344.1099853515625,45.117164611816406,131.02145385742188,159.38905334472656,116.64131164550781,28.764406204223633,124.76083374023438,33.25102233886719,42.633792877197266,350.82086181640625,82.66932678222656,150.5081329345703,656.4193115234375,332.3425598144531,160.57518005371094,499.9490966796875,40.833518981933594,98.1092758178711,99.95608520507812,558.1409301757812,359.8988342285156,141.4671173095703,296.61212158203125,250.16845703125,102.34085083007812,94.40547943115234,75.79176330566406,135.3509979248047,57.51729202270508,163.40216064453125,48.791255950927734,481.4667053222656,71.1119613647461,198.76031494140625,155.87640380859375,222.5741729736328,175.77999877929688,437.8381652832031,97.9743881225586,156.51025390625,95.58924102783203,4076.570068359375
2022-12-02,145.2179718017578,247.49496459960938,99.49324035644531,79.54476928710938,341.5299987792969,44.873382568359375,130.5909881591797,159.53274536132812,115.58350372314453,28.359405517578125,123.7718276977539,32.823448181152344,41.787845611572266,347.86846923828125,81.86929321289062,149.79147338867188,648.0572509765625,329.7943420410156,160.700927734375,500.78973388671875,40.697628021240234,98.32373046875,100.10426330566406,556.5987548828125,364.2041015625,143.24386596679688,297.4464111328125,250.16845703125,103.66201782226562,95.93978118896484,76.219482421875,136.58438110351562,58.0222282409668,163.2176055908203,48.74353790283203,472.55133056640625,71.49610137939453,200.3054962158203,155.22073364257812,222.98965454101562,182.8699951171875,449.18939208984375,97.14319610595703,155.25811767578125,96.40367126464844,4071.699951171875
2022-12-05,144.05868530273438,242.8171844482422,98.54229736328125,75.80371856689453,334.0899963378906,44.539310455322266,129.48426818847656,159.290283203125,113.41277313232422,28.12798309326172,120.30111694335938,31.35875701904297,39.71391677856445,339.60546875,79.83367156982422,149.1511993408203,647.8571166992188,321.09576416015625,160.61111450195312,499.74359130859375,40.55372619628906,98.29691314697266,97.62226867675781,550.8746337890625,358.8882141113281,143.48895263671875,290.2730407714844,248.5123291015625,101.27837371826172,94.56988525390625,75.525634765625,135.20591735839844,57.228759765625,160.95858764648438,48.24409103393555,466.9422302246094,70.53575897216797,197.1237335205078,148.4755401611328,219.62777709960938,185.10000610351562,444.156494140625,94.48161315917969,151.42446899414062,93.01020050048828,3998.840087890625
2022-12-06,140.4038848876953,237.8870391845703,96.06587219238281,75.3074722290039,331.1499938964844,43.87117385864258,129.56329345703125,156.55148315429688,110.17501068115234,27.578344345092773,120.50260925292969,30.021448135375977,39.4774169921875,331.71728515625,77.78916931152344,147.83242797851562,650.062744140625,322.3606872558594,158.20347595214844,503.74127197265625,39.73833084106445,97.33191680908203,96.18677520751953,544.2706298828125,358.15936279296875,143.29637145996094,287.88800048828125,248.677001953125,99.71697235107422,93.22735595703125,75.43057250976562,135.3782196044922,57.20170974731445,159.6489715576172,47.68417739868164,459.77557373046875,70.6180648803711,194.92025756835938,143.50889587402344,215.5859832763672,178.42999267578125,438.1187744140625,91.85541534423828,147.52224731445312,89.48099517822266,3941.260009765625
2022-12-07,138.4684600830078,237.15919494628906,94.04511260986328,75.18339538574219,326.67999267578125,43.50099563598633,129.3612823486328,156.0216827392578,108.73091888427734,27.317989349365234,120.42020416259766,29.784910202026367,38.613285064697266,328.9842224121094,77.584716796875,147.89938354492188,649.0286254882812,322.204833984375,159.16470336914062,507.0943908691406,40.162017822265625,98.36840057373047,97.06658172607422,551.7940673828125,361.49267578125,144.7667999267578,290.3365478515625,247.36856079101562,100.0865249633789,93.03556823730469,75.46858215332031,136.2488250732422,57.291873931884766,160.13238525390625,47.4360466003418,460.5495910644531,70.92903900146484,195.157958984375,143.15646362304688,216.23753356933594,176.5,435.5841979980469,91.65203857421875,147.95962524414062,89.34525299072266,3933.919921875
2022-12-08,140.14845275878906,240.09982299804688,92.82667541503906,76.41451263427734,332.5799865722656,44.23233413696289,129.80923461914062,158.36537170410156,111.98704528808594,27.424060821533203,121.6839370727539,29.51198387145996,38.731529235839844,327.3023376464844,78.83808898925781,147.27818298339844,643.793701171875,323.3872985839844,159.1916961669922,511.77386474609375,41.393096923828125,99.0474853515625,99.02070617675781,561.4923095703125,361.3177185058594,145.28323364257812,293.9096374511719,250.15933227539062,102.88595581054688,94.74340057373047,74.78423309326172,137.22825622558594,57.53532409667969,161.53875732421875,47.50949478149414,460.02398681640625,71.46867370605469,195.0665740966797,147.22161865234375,218.069580078125,179.0800018310547,439.36798095703125,92.3329086303711,148.83441162109375,89.73307800292969,3963.510009765625
2022-12-09,139.66705322265625,238.17823791503906,91.95499420166016,76.21409606933594,330.6400146484375,43.75380325317383,129.16799926757812,156.47964477539062,109.50357055664062,27.2312068939209,121.02459716796875,29.457406997680664,38.65875244140625,328.2712707519531,79.53144836425781,147.0679931640625,647.0060424804688,317.83270263671875,157.88006591796875,503.6291198730469,41.34513854980469,97.1978759765625,99.56713104248047,553.8601684570312,350.82196044921875,142.71871948242188,290.6358337402344,248.92404174804688,101.09359741210938,92.96250915527344,74.1949462890625,136.865478515625,56.93121337890625,160.94107055664062,46.40142059326172,461.55291748046875,71.139404296875,193.49392700195312,145.5906524658203,214.64157104492188,179.5399932861328,437.73858642578125,91.55477142333984,144.08309936523438,90.53781127929688,3934.3798828125
2022-12-12,141.95620727539062,245.05902099609375,92.43045806884766,77.56926727294922,338.1700134277344,44.51222610473633,131.06533813476562,159.37110900878906,111.49034881591797,27.665132522583008,122.90188598632812,29.77581024169922,38.986228942871094,331.9640197753906,80.99815368652344,150.32655334472656,649.0927124023438,318.2359619140625,159.76663208007812,509.8497619628906,41.696868896484375,97.36766052246094,101.40083312988281,561.146484375,356.9056701660156,144.69680786132812,297.4374084472656,253.1148681640625,103.54193115234375,93.79359436035156,74.86029052734375,138.2711639404297,57.679595947265625,161.70574951171875,47.26679611206055,466.0057678222656,71.89855194091797,196.11801147460938,149.59841918945312,220.09048461914062,186.27000427246094,440.2188415527344,93.80958557128906,145.58396911621094,91.77885437011719,3990.56005859375
2022-12-13,142.9189910888672,249.3389129638672,94.72859191894531,76.88214111328125,342.4599914550781,44.81920623779297,132.25997924804688,159.38905334472656,113.58750915527344,27.70370101928711,122.78279113769531,29.79400634765625,38.76791000366211,337.0003967285156,82.41153717041016,150.5272979736328,662.7476196289062,327.8603210449219,160.99740600585938,502.7137756347656,42.4243278503418,99.10108947753906,103.29012298583984,564.8834228515625,348.5576171875,144.23289489746094,301.8901672363281,250.97366333007812,104.2625732421875,93.25475311279297,75.24047088623047,138.06256103515625,57.6976318359375,161.6178436279297,47.09756088256836,466.5027160644531,72.02658081054688,196.53858947753906,150.68026733398438,222.38528442382812,187.1300048828125,434.6970520019531,94.83531188964844,148.82583618164062,91.81763458251953,4019.64990234375
2022-12-14,140.69862365722656,249.6300811767578,94.17388153076172,78.08462524414062,339.9200134277344,44.51222610473633,131.63632202148438,157.8804931640625,111.95025634765625,27.25048828125,122.16927337646484,29.366426467895508,38.36769104003906,329.4046936035156,80.44702911376953,147.26866149902344,651.1885375976562,324.3313903808594,161.49151611328125,502.8445739746094,43.551483154296875,100.33333587646484,103.0400619506836,561.0751953125,353.2612609863281,144.29417419433594,302.3798522949219,251.20242309570312,102.9691162109375,93.32780456542969,75.3640365600586,138.60670471191406,57.6976318359375,161.1695556640625,46.8357048034668,462.0306396484375,72.56621551513672,196.31919860839844,151.05723571777344,221.43148803710938,188.25,439.19598388671875,94.13675689697266,147.7966766357422,91.28437805175781,3995.320068359375
2022-12-15,134.1063232421875,241.6622772216797,90.0035629272461,76.41451263427734,328.7099914550781,43.473907470703125,125.04832458496094,152.66329956054688,107.28682708740234,26.18014144897461,119.13815307617188,28.902462005615234,37.63088607788086,319.7614440917969,78.03805541992188,143.55137634277344,638.9796142578125,315.8436584472656,159.45220947265625,492.869140625,42.85600662231445,98.60639190673828,100.50248718261719,547.7810668945312,349.8695983886719,142.7537384033203,297.0926818847656,248.64039611816406,100.2528305053711,91.31861114501953,74.76522827148438,137.03778076171875,56.90415573120117,158.4359588623047,46.417396545410156,443.2922058105469,71.2308578491211,191.06192016601562,148.5165557861328,217.8240509033203,183.72000122070312,433.4026794433594,93.23484802246094,146.69032287597656,87.73576354980469,3895.75
2022-12-16,132.1511993408203,237.4698028564453,89.40923309326172,75.94688415527344,338.5400085449219,43.166934967041016,123.11585998535156,152.250244140625,105.34601593017578,25.958358764648438,118.39639282226562,28.83877944946289,37.4671630859375,316.5805969238281,77.21137237548828,139.80535888671875,640.8467407226562,311.2789001464844,157.81716918945312,489.1517333984375,41.08932113647461,98.21963500976562,99.01146697998047,530.6192626953125,349.7335510253906,140.46055603027344,293.2294616699219,243.507080078125,97.88763427734375,90.25920104980469,73.80523681640625,136.43017578125,56.579559326171875,158.51504516601562,45.58395004272461,440.94158935546875,71.12110900878906,191.7659149169922,146.04962158203125,219.7694091796875,184.6999969482422,436.1182861328125,92.58048248291016,144.70059204101562,87.3382568359375,3852.360107421875
2022-12-19,130.04873657226562,233.35487365722656,87.60636901855469,76.82487487792969,328.760009765625,42.7967529296875,121.98272705078125,150.5081787109375,103.57996368408203,25.833003997802734,119.10153198242188,29.166290283203125,38.040218353271484,314.9901123046875,76.04689025878906,138.5726318359375,633.75390625,307.66748046875,157.64645385742188,489.05828857421875,41.05734634399414,98.43550109863281,98.71508026123047,524.4172973632812,347.702392578125,141.34458923339844,287.7791748046875,243.24168395996094,95.20832824707031,89.77516174316406,74.22344970703125,136.3939208984375,56.66071319580078,159.39405822753906,45.599910736083984,438.24688720703125,71.32234191894531,191.46420288085938,146.23812866210938,219.36334228515625,185.67999267578125,436.1182861328125,92.99608612060547,145.69546508789062,83.16913604736328,3817.659912109375
2022-12-20,129.97996520996094,234.66505432128906,88.18090057373047,77.24478149414062,338.2200012207031,42.76966094970703,124.09967041015625,149.1432647705078,103.11087036132812,25.49550437927246,119.6784439086914,29.284549713134766,37.27613830566406,314.8804626464844,75.7002182006836,139.2320098876953,632.9210205078125,304.4135437011719,157.81716918945312,485.8919372558594,41.02537536621094,98.67835235595703,98.62248229980469,522.7655029296875,349.5099792480469,140.54808044433594,285.5209655761719,244.54112243652344,95.35613250732422,89.50116729736328,73.7481918334961,136.44833374023438,56.61562728881836,159.29737854003906,45.99906921386719,437.4728698730469,71.05709838867188,193.36593627929688,142.3041229248047,222.05477905273438,188.2899932861328,440.0650329589844,94.34013366699219,148.08828735351562,84.37139129638672,3821.6201171875
2022-12-21,133.07470703125,237.2174530029297,88.7356185913086,77.77921295166016,341.3800048828125,43.031490325927734,124.85509490966797,151.513916015625,105.40120697021484,25.87157440185547,121.02459716796875,29.730323791503906,37.403480529785156,320.0630187988281,77.22025299072266,140.56982421875,652.4881591796875,309.3082275390625,159.6228790283203,492.7383728027344,41.29716873168945,99.93758392333984,100.15057373046875,534.0317993164062,357.64422607421875,141.97474670410156,289.62005615234375,245.37374877929688,106.9696044921875,90.11306762695312,74.93631744384766,137.69979858398438,57.526309967041016,160.41363525390625,46.35990905761719,441.5245056152344,72.24608612060547,196.66659545898438,144.8038330078125,228.27801513671875,196.0,441.4227600097656,95.55155181884766,149.82925415039062,84.27442932128906,3878.43994140625
2022-12-22,129.9111785888672,231.16156005859375,86.93276977539062,76.81533813476562,336.5199890136719,42.724510192871094,123.74832153320312,147.8950958251953,101.80472564697266,25.042293548583984,119.65099334716797,29.466501235961914,37.00326156616211,315.876708984375,76.77579498291016,138.85931396484375,643.6930541992188,304.4135437011719,159.03895568847656,492.318115234375,41.28118133544922,100.05448150634766,100.04869079589844,533.2900390625,355.0202941894531,142.90252685546875,286.6817932128906,243.18682861328125,107.8288345336914,89.28199005126953,74.53710174560547,138.0172119140625,57.11154556274414,159.17430114746094,45.81706237792969,438.3233337402344,72.5113296508789,194.1156768798828,143.92689514160156,224.32118225097656,188.25,433.86431884765625,93.62391662597656,147.582275390625,84.03203582763672,3822.389892578125
2022-12-23,129.54766845703125,231.68563842773438,88.388916015625,77.15888977050781,338.45001220703125,42.86897659301758,124.42469024658203,147.60775756835938,101.95189666748047,25.158008575439453,120.21875,29.539283752441406,37.27613830566406,315.8127746582031,76.54468536376953,140.493408203125,644.2513427734375,305.17437744140625,159.44322204589844,496.2596740722656,41.433067321777344,100.6121826171875,100.18762969970703,534.8132934570312,357.537353515625,142.7537384033203,289.0487365722656,244.83389282226562,107.40385437011719,89.74776458740234,75.56364440917969,138.4071807861328,57.54434585571289,160.20272827148438,45.9096565246582,442.0881652832031,72.66681671142578,195.5419921875,145.0742645263672,226.52151489257812,189.05999755859375,437.4761047363281,96.09977722167969,152.14491271972656,85.33126068115234,3844.820068359375
2022-12-27,127.74974822998047,229.9678955078125,86.56626892089844,77.28295135498047,335.0899963378906,42.91411590576172,125.10102844238281,147.0689697265625,100.68256378173828,25.01336669921875,120.63996887207031,29.593860626220703,37.33072280883789,312.5769958496094,75.61129760742188,139.89134216308594,643.6290893554688,303.68939208984375,159.3982696533203,496.8948669433594,40.87348556518555,100.84602355957031,100.54879760742188,539.521728515625,354.6024475097656,142.65744018554688,289.7923583984375,244.16587829589844,108.61416625976562,90.59711456298828,75.11690521240234,139.61334228515625,57.89598846435547,160.91468811035156,45.92243194580078,438.1226806640625,73.114990234375,196.47459411621094,145.0087432861328,229.6095733642578,189.39999389648438,439.4765319824219,97.43502044677734,154.0574188232422,83.74118041992188,3829.25
2022-12-28,123.82972717285156,227.60955810546875,85.20916748046875,76.66263580322266,328.3299865722656,42.49879455566406,122.99288940429688,144.7432403564453,98.39224243164062,24.627655029296875,121.29933166503906,29.812204360961914,37.403480529785156,311.5715637207031,75.07795715332031,137.6170196533203,640.947509765625,302.1129150390625,158.70655822753906,493.58837890625,40.609676361083984,99.91059875488281,99.86347198486328,537.5137329101562,354.9327697753906,141.9922637939453,286.3281555175781,242.58291625976562,106.2304916381836,90.04914093017578,74.79374694824219,137.8086700439453,57.31892395019531,159.75442504882812,45.11772155761719,432.8575134277344,72.09061431884766,194.00596618652344,142.2877197265625,226.0587921142578,188.3800048828125,437.4127502441406,95.83451080322266,151.78468322753906,81.6081314086914,3783.219970703125
2022-12-29,127.33712005615234,233.89833068847656,87.61627197265625,77.68378448486328,337.5799865722656,42.88703918457031,123.90643310546875,148.1824493408203,101.03208923339844,25.273719787597656,121.99526977539062,30.1488037109375,37.59450912475586,313.91156005859375,75.77133178710938,140.7800750732422,655.426025390625,311.471435546875,159.5150909423828,494.924072265625,41.033363342285156,99.67672729492188,102.16024780273438,550.9662475585938,356.6820983886719,142.2810821533203,290.572265625,243.3332061767578,108.4201431274414,91.11768341064453,75.41153717041016,138.37994384765625,57.66156768798828,159.95660400390625,45.39234161376953,436.2402038574219,72.59365844726562,196.34657287597656,144.0416259765625,226.8331756591797,188.91000366210938,440.8796081542969,96.55957794189453,152.93392944335938,84.52651977539062,3849.280029296875
2022-12-30,127.65150451660156,232.7434844970703,87.39834594726562,78.00825500488281,336.5299987792969,43.013431549072266,123.75713348388672,148.36204528808594,101.12408447265625,25.485862731933594,122.80115509033203,30.1306095123291,37.55812454223633,313.8658142089844,75.57574462890625,141.1909942626953,648.5435791015625,307.007568359375,158.69757080078125,495.204345703125,40.96141815185547,99.79366302490234,101.67865753173828,544.7146606445312,355.53533935546875,141.44956970214844,286.44598388671875,241.13719177246094,108.10601806640625,90.59711456298828,75.65867614746094,137.4458770751953,57.35499572753906,158.7963409423828,45.27738952636719,436.2115478515625,72.06317901611328,195.9351348876953,142.47622680664062,226.22879028320312,190.49000549316406,440.37274169921875,97.53226470947266,153.93736267089844,84.23564147949219,3839.5
2023-01-03,122.87673950195312,232.5105438232422,88.27996063232422,79.89785766601562,336.9200134277344,43.284297943115234,124.33683776855469,146.55711364746094,98.6037826538086,25.775146484375,123.73519134521484,30.485410690307617,38.01293182373047,316.46173095703125,76.19800567626953,140.58892822265625,651.6644287109375,307.2183837890625,160.08108520507812,484.4255676269531,40.9774055480957,99.96455383300781,101.48419189453125,547.1776123046875,354.70928955078125,142.12353515625,286.49139404296875,241.8691864013672,109.71360778808594,92.08576202392578,75.09789276123047,137.45497131347656,56.759891510009766,157.69761657714844,45.85538101196289,433.1346435546875,72.37415313720703,195.9351348876953,143.65640258789062,225.58663940429688,195.38999938964844,432.2620544433594,94.18097686767578,149.22036743164062,86.26204681396484,3824.139892578125
2023-01-04,124.14411163330078,222.33981323242188,87.24976348876953,80.62316131591797,341.4100036621094,43.27520751953125,125.25916290283203,151.9090118408203,102.58657836914062,26.691207885742188,124.88902282714844,31.05854606628418,38.795204162597656,317.8146057128906,77.02471160888672,143.85708618164062,660.6884765625,313.13043212890625,161.8239288330078,471.21832275390625,40.07408905029297,100.8100357055664,102.99376678466797,555.8228759765625,352.8725891113281,143.2701416015625,289.9555969238281,241.9241180419922,111.98641204833984,95.40094757080078,75.90580749511719,138.05348205566406,56.73284149169922,157.31085205078125,45.90645980834961,436.2689208984375,72.84058380126953,192.0402069091797,145.15623474121094,227.92864990234375,203.63999938964844,431.3296813964844,94.4551010131836,147.6337432861328,89.180419921875,3852.969970703125
2023-01-05,122.82760620117188,215.75015258789062,85.38746643066406,80.4609146118164,328.44000244140625,42.66543960571289,123.95033264160156,149.89755249023438,100.62737274169922,26.57549285888672,124.86133575439453,30.9948673248291,38.58598709106445,314.21319580078125,76.37577819824219,140.41461181640625,641.7802124023438,308.052490234375,160.62904357910156,457.6374816894531,39.6983642578125,102.21319580078125,102.61405944824219,550.8969116210938,348.8103332519531,143.09506225585938,286.0923767089844,239.88356018066406,111.44132232666016,95.3735580444336,76.6567153930664,136.33950805664062,56.083641052246094,155.6671600341797,45.749996185302734,430.1819763183594,71.83451843261719,186.947509765625,142.47622680664062,226.90872192382812,204.99000549316406,431.8457336425781,96.56843566894531,150.2924041748047,89.12223815917969,3808.10009765625
2023-01-06,127.34693908691406,218.29283142089844,86.51671600341797,81.74930572509766,332.75,43.975982666015625,126.22538757324219,157.287841796875,106.09105682373047,27.70370101928711,127.25064086914062,31.304176330566406,38.931644439697266,318.1618347167969,77.83361053466797,144.00099182128906,675.4232177734375,318.831787109375,161.9317169189453,457.67486572265625,40.705604553222656,103.29252624511719,104.03101348876953,529.1950073242188,352.7170715332031,145.7733612060547,287.96051025390625,246.5723876953125,115.05377197265625,97.43756866455078,78.62420654296875,139.58612060546875,57.165645599365234,159.18310546875,46.87083435058594,461.4095764160156,73.15158081054688,192.25047302246094,146.6642608642578,235.01124572753906,213.0,428.37872314453125,97.73564910888672,151.42446899414062,91.0613784790039,3895.080078125
2023-01-09,127.86767578125,220.41819763183594,87.19032287597656,82.78385162353516,341.9800109863281,44.21260452270508,126.09362030029297,158.65272521972656,105.41958618164062,28.262981414794922,126.72480773925781,30.83111000061035,38.55870056152344,322.65899658203125,77.90472412109375,144.22152709960938,689.1422729492188,321.1232604980469,157.73629760742188,457.7309265136719,38.6831169128418,99.28097534179688,103.86432647705078,540.1646118164062,339.976318359375,141.49334716796875,288.2144470214844,244.54112243652344,115.34941864013672,95.65666961669922,77.47411346435547,137.88121032714844,56.45332717895508,157.62730407714844,46.286460876464844,457.47265625,72.00829315185547,192.61622619628906,148.90992736816406,232.89588928222656,208.57000732421875,415.4795837402344,95.91411590576172,150.2409210205078,91.885498046875,3892.090087890625
2023-01-10,128.43746948242188,222.09716796875,87.58654022216797,82.8604965209961,338.70001220703125,44.42192840576172,127.19161987304688,160.19725036621094,107.53516387939453,28.388338088989258,127.85948181152344,31.04035186767578,38.53141784667969,326.644287109375,79.04254913330078,145.7557830810547,693.068603515625,324.8355407714844,157.35902404785156,453.9387512207031,38.06758499145508,99.66773986816406,105.43871307373047,561.8665771484375,342.8140563964844,139.72535705566406,290.7718505859375,246.0600128173828,116.26408386230469,96.8073959350586,78.35806274414062,137.74513244628906,56.02053451538086,156.32640075683594,46.257720947265625,460.0049133300781,71.62415313720703,193.22877502441406,146.5167694091797,236.5694122314453,206.69000244140625,418.466796875,97.34657287597656,150.978515625,92.65145111083984,3919.25
2023-01-11,131.1490936279297,228.81297302246094,90.6573257446289,84.87213134765625,342.92999267578125,44.78596496582031,127.5956802368164,160.6193084716797,108.89647674560547,28.78369140625,128.80966186523438,31.276878356933594,38.8770637512207,333.1522216796875,79.49588775634766,147.596923828125,691.82373046875,333.6899108886719,157.107421875,460.85052490234375,37.93168258666992,99.90160369873047,104.7904281616211,576.2388916015625,350.2583923339844,137.56346130371094,298.3624267578125,245.96852111816406,118.20429229736328,97.08138275146484,78.19647216796875,136.62973022460938,55.912330627441406,156.50221252441406,46.66326904296875,462.7854919433594,70.5448989868164,194.1065216064453,149.35252380371094,236.7771453857422,208.02999877929688,419.1094970703125,98.47842407226562,150.2581024169922,93.39801788330078,3969.610107421875
2023-01-12,131.0705108642578,231.4721221923828,90.27100372314453,85.0445556640625,344.5400085449219,44.594844818115234,127.85041809082031,159.95480346679688,111.83988189697266,29.20797348022461,128.68052673339844,31.35875701904297,38.95893478393555,338.1429443359375,80.47369384765625,148.55584716796875,690.030029296875,337.09967041015625,156.31689453125,462.9707946777344,38.1395263671875,100.53121185302734,103.5996322631836,575.22998046875,349.00469970703125,134.4974822998047,299.15130615234375,244.02867126464844,118.15808868408203,96.67041778564453,77.86380767822266,135.8588409423828,55.191001892089844,154.5069122314453,46.241764068603516,460.9891357421875,70.27965545654297,197.4711456298828,149.94261169433594,240.87567138671875,214.32000732421875,417.96893310546875,100.1142807006836,151.87046813964844,96.7720947265625,3983.169921875
2023-01-13,132.39683532714844,232.1708526611328,91.25167846679688,85.44688415527344,344.3800048828125,44.485633850097656,128.14907836914062,160.74497985839844,110.5981216430664,29.034404754638672,131.927734375,32.05016326904297,40.22329330444336,341.8539733886719,81.47817993164062,149.36131286621094,690.0576171875,335.8255920410156,155.8048095703125,457.27325439453125,38.251441955566406,100.96295928955078,105.59981536865234,577.5050659179688,351.43426513671875,135.71682739257812,300.3666076660156,246.041748046875,119.04505157470703,97.93074798583984,77.49311065673828,136.82920837402344,55.389366149902344,154.0322723388672,46.39503479003906,463.6838073730469,71.20343017578125,198.04718017578125,149.28697204589844,244.07699584960938,214.1300048828125,407.18792724609375,100.05235290527344,152.28211975097656,96.37458801269531,3999.090087890625
2023-01-17,133.55615234375,233.25784301757812,90.42950439453125,84.87213134765625,344.3800048828125,43.75755310058594,127.53422546386719,157.50335693359375,110.63493347167969,28.542619705200195,129.88902282714844,31.404251098632812,40.13233184814453,319.84375,86.29611206054688,147.4339141845703,686.1587524414062,336.76971435546875,154.8435821533203,453.0794372558594,36.83650207519531,99.34394836425781,105.48816680908203,581.4813842773438,347.6634826660156,135.0364532470703,297.02923583984375,250.8181610107422,118.38907623291016,97.49236297607422,77.51213073730469,136.43017578125,55.614776611328125,154.75302124023438,46.1140251159668,465.1361999511719,71.55099487304688,194.05165100097656,146.70526123046875,241.99945068359375,211.41000366210938,404.7710266113281,99.85784149169922,154.7949981689453,96.86905670166016,3990.969970703125
2023-01-18,132.83892822265625,228.85177612304688,90.26111602783203,83.0616455078125,341.30999755859375,42.68363952636719,123.33547973632812,156.0306854248047,112.25381469726562,27.780841827392578,125.98682403564453,30.67645835876465,39.45921325683594,319.08502197265625,85.85165405273438,144.24072265625,683.989501953125,333.7357482910156,152.50778198242188,444.8226013183594,35.97313690185547,97.85086059570312,103.73918151855469,573.7560424804688,342.09490966796875,131.8291015625,293.546875,243.43389892578125,116.80919647216797,95.89412689208984,75.85828399658203,132.77549743652344,53.92866516113281,150.850341796875,44.974029541015625,458.16064453125,69.80404663085938,186.73724365234375,144.83663940429688,238.75088500976562,209.41000366210938,399.43939208984375,97.806396484375,151.9990997314453,96.0255355834961,3928.860107421875
2023-01-19,132.89788818359375,225.08627319335938,92.17292022705078,82.32405853271484,342.5299987792969,42.2831916809082,123.5198974609375,153.4894256591797,108.15142822265625,27.404773712158203,124.307861328125,30.230682373046875,39.06808853149414,320.6024169921875,83.69157409667969,140.81736755371094,667.9826049804688,331.013427734375,152.30117797851562,452.4069519042969,35.941165924072266,98.84925079345703,104.00897216796875,577.52490234375,341.19110107421875,131.39613342285156,281.9298095703125,241.1829071044922,115.05377197265625,95.21829986572266,75.47809600830078,129.96751403808594,53.84751510620117,149.10121154785156,44.332183837890625,448.62420654296875,68.77967834472656,183.46405029296875,144.3694610595703,233.18112182617188,207.08999633789062,397.66522216796875,98.4342041015625,153.51708984375,96.06431579589844,3898.85009765625
2023-01-20,135.4522705078125,233.13169860839844,97.09606170654297,83.57893371582031,356.3800048828125,42.57442855834961,124.02940368652344,155.3482208251953,113.04481506347656,28.17619514465332,124.61225128173828,30.794721603393555,39.95041275024414,312.4582214355469,85.54942321777344,145.3722381591797,678.818603515625,337.3562927246094,151.59146118164062,454.6112976074219,36.06108093261719,98.8852310180664,104.95789337158203,587.218505859375,336.32220458984375,132.17367553710938,285.66607666015625,245.75804138183594,116.98473358154297,95.9306411743164,75.6016616821289,130.4694366455078,54.172115325927734,149.3209686279297,44.878231048583984,458.77227783203125,69.43315124511719,184.71665954589844,145.99224853515625,236.9385528564453,206.75999450683594,401.2588806152344,100.22921752929688,155.1466064453125,100.33039855957031,3972.610107421875
2023-01-23,138.6354522705078,235.4220428466797,98.84938049316406,85.22655487060547,364.9800109863281,43.22970199584961,124.60916137695312,159.99072265625,120.52290344238281,29.188688278198242,126.63255310058594,31.222307205200195,40.96009063720703,319.1307678222656,86.34053802490234,147.67364501953125,684.59375,339.84027099609375,151.20516967773438,453.76129150390625,35.957149505615234,98.83125305175781,106.06495666503906,598.2575073242188,332.5708923339844,131.25474548339844,286.1014099121094,246.40774536132812,118.52764129638672,96.99919128417969,75.24996948242188,128.71731567382812,54.3073616027832,148.65293884277344,45.5488166809082,470.71661376953125,69.48837280273438,186.9383544921875,147.91827392578125,239.77560424804688,209.97000122070312,399.4484558105469,99.70751190185547,154.9407958984375,102.47313690185547,4019.81005859375
2023-01-24,140.03054809570312,234.89797973632812,96.77908325195312,85.92585754394531,361.32000732421875,43.51183319091797,124.28414916992188,158.9760284423828,120.2193603515625,28.851192474365234,127.72109985351562,31.449729919433594,40.432518005371094,318.3903503417969,84.90052032470703,148.94900512695312,688.3002319335938,337.0538330078125,151.20516967773438,459.1693420410156,35.74131774902344,97.6080093383789,104.68810272216797,574.4188842773438,336.6331787109375,130.49490356445312,288.1055603027344,246.65478515625,117.17875671386719,97.39189147949219,77.2745132446289,129.4199981689453,54.59589385986328,150.0329132080078,45.67015838623047,470.2388610839844,69.8933334350586,189.1967315673828,147.51666259765625,244.43446350097656,211.97999572753906,406.6448059082031,100.6359634399414,155.08656311035156,102.77369689941406,4016.949951171875
2023-01-25,139.37229919433594,233.51016235351562,94.32245635986328,85.86836242675781,358.1700134277344,43.66654586791992,123.64288330078125,157.18006896972656,120.65166473388672,28.639049530029297,128.33920288085938,31.722654342651367,41.2420768737793,319.57867431640625,85.01605987548828,150.32981872558594,687.5496826171875,335.8255920410156,152.28317260742188,460.0099792480469,36.02909851074219,97.67096710205078,103.26472473144531,569.077392578125,339.8791198730469,130.583251953125,287.7156982421875,249.8024444580078,117.1695327758789,97.70242309570312,78.55767059326172,129.3287353515625,54.93852996826172,151.1228485107422,45.45302200317383,469.0635986328125,69.73686981201172,188.9590301513672,145.44313049316406,245.22203063964844,212.67999267578125,411.10748291015625,100.10541534423828,153.5857391357422,104.82917785644531,4016.219970703125
2023-01-26,141.43548583984375,240.68211364746094,96.60078430175781,86.0503921508789,365.82000732421875,43.994171142578125,118.10022735595703,156.33599853515625,123.21796417236328,29.015117645263672,129.132568359375,32.150238037109375,41.669593811035156,324.4596862792969,85.78052520751953,149.4763946533203,694.5510864257812,336.7421875,151.7261962890625,459.99127197265625,35.698333740234375,96.12393188476562,103.329833984375,571.1051635742188,338.20758056640625,130.23867797851562,284.5869140625,251.37631225585938,117.82550048828125,99.32805633544922,78.37705993652344,128.80856323242188,54.83032989501953,149.6198272705078,45.41151428222656,476.1538391113281,69.51598358154297,191.4093475341797,147.27899169921875,248.71385192871094,212.72999572753906,416.221923828125,104.12873077392578,161.0557098388672,106.36106872558594,4060.429931640625
2023-01-27,143.3709259033203,240.83740234375,98.433349609375,85.2457275390625,370.7099914550781,44.148895263671875,118.0475082397461,157.35964965820312,122.7028579711914,27.154062271118164,129.44619750976562,32.25031280517578,41.951568603515625,323.2988586425781,86.10054779052734,165.23146057128906,694.8073120117188,342.2510070800781,151.13331604003906,453.9854736328125,35.32723617553711,94.78376007080078,102.28787994384766,567.4058227539062,332.4640197753906,129.24903869628906,287.19873046875,249.30838012695312,117.82550048828125,99.56549072265625,77.83531188964844,128.27932739257812,54.54179763793945,149.0924072265625,45.75957489013672,480.9219970703125,65.88968658447266,190.29388427734375,149.23779296875,251.01007080078125,211.1699981689453,416.0317687988281,102.22761535644531,153.90304565429688,106.2059555053711,4070.56005859375
2023-01-30,140.49234008789062,235.54820251464844,96.02625274658203,83.67472839355469,363.4200134277344,43.88496398925781,118.84689331054688,156.5728759765625,121.07477569580078,26.951566696166992,128.34840393066406,32.11384963989258,42.10620880126953,326.7356262207031,85.98854064941406,165.56703186035156,684.4471435546875,335.6055908203125,145.5364227294922,453.74261474609375,35.13361740112305,95.42235565185547,102.15763854980469,558.1670532226562,330.90911865234375,128.69239807128906,284.9768981933594,247.87179565429688,116.75377655029297,98.99925994873047,77.47411346435547,128.6808319091797,54.67704772949219,148.9693603515625,45.39234161376953,480.9125061035156,67.07698059082031,188.145263671875,145.04151916503906,248.1255645751953,209.6699981689453,416.92791748046875,100.41490173339844,149.40048217773438,104.31529998779297,4017.77001953125
2023-01-31,141.7596893310547,240.4976806640625,97.90833282470703,84.7380142211914,370.3399963378906,44.29450988769531,118.34617614746094,160.2626953125,122.5280990600586,27.25048828125,129.11412048339844,32.27760696411133,42.633792877197266,334.367919921875,87.21617126464844,167.74380493164062,694.8348999023438,343.6717834472656,146.8121337890625,466.2586364746094,35.62572479248047,96.60963439941406,102.8460922241211,564.1416015625,334.456298828125,130.5479278564453,293.9821472167969,244.67837524414062,117.64071655273438,99.67509460449219,77.8067855834961,129.9310302734375,55.29018020629883,150.32298278808594,45.941593170166016,488.4231872558594,68.5956039428711,190.6138916015625,151.81129455566406,239.3865966796875,213.0,419.3448181152344,102.58131408691406,149.24607849121094,105.18789672851562,4076.60009765625
2023-02-01,142.8797149658203,245.29193115234375,99.48334503173828,86.26111602783203,383.9200134277344,44.2035026550293,118.66239929199219,164.68504333496094,127.35710144042969,28.031557083129883,128.77276611328125,32.677879333496094,43.052215576171875,334.2765808105469,87.98681640625,166.47804260253906,697.9647827148438,345.72491455078125,148.15966796875,464.2130432128906,35.472450256347656,96.22286224365234,104.02758026123047,580.98681640625,332.9208068847656,129.5318145751953,297.537109375,243.6443328857422,119.64557647705078,100.45137786865234,78.33906555175781,130.6702117919922,55.299198150634766,150.79762268066406,46.19705581665039,494.892333984375,69.01897430419922,189.0047149658203,151.6063995361328,236.7772216796875,214.75,418.4305419921875,101.45831298828125,146.9647674560547,106.06051635742188,4119.2099609375
2023-02-02,148.17518615722656,256.79229736328125,106.72443389892578,85.61932373046875,392.2300109863281,44.88607406616211,119.80430603027344,167.054443359375,124.95642852783203,29.111547470092773,128.17315673828125,32.86893844604492,43.23529815673828,337.71337890625,88.90081787109375,166.0177764892578,705.3779296875,351.20623779296875,148.71665954589844,439.76947021484375,35.77094650268555,93.05681610107422,104.4276123046875,580.7000122070312,321.38519287109375,127.97669219970703,308.1475830078125,240.84439086914062,119.23905944824219,99.68421936035156,76.40955352783203,129.73939514160156,54.352439880371094,149.4001007080078,45.861759185791016,501.0377502441406,67.85929870605469,189.608154296875,156.77793884277344,232.3745880126953,209.33999633789062,413.8502502441406,98.28386688232422,144.94931030273438,109.76424407958984,4179.759765625
2023-02-03,151.7906494140625,250.72671508789062,103.79234313964844,85.84920501708984,379.3299865722656,44.25811767578125,120.28744506835938,164.85687255859375,124.19296264648438,29.23690414428711,130.1565399169922,33.14185333251953,43.555694580078125,338.15216064453125,89.09794616699219,171.51234436035156,692.9586181640625,341.8110656738281,147.8811798095703,440.88104248046875,35.5450553894043,92.58909606933594,103.99966430664062,581.3825073242188,329.52911376953125,128.29481506347656,300.6294860839844,241.77769470214844,117.8994140625,95.25482177734375,76.53312683105469,130.14089965820312,53.94668960571289,148.65293884277344,45.25184631347656,492.77679443359375,68.37471008300781,185.32009887695312,157.0811767578125,235.08827209472656,206.00999450683594,415.5610046386719,98.9647445678711,145.32667541503906,107.34033966064453,4136.47998046875
2023-02-06,149.0692138671875,249.1933135986328,101.93006896972656,84.80509185791016,375.2300109863281,43.293399810791016,119.61982727050781,163.69021606445312,122.2705307006836,28.002227783203125,130.92222595214844,33.0872688293457,43.64723205566406,338.92901611328125,88.62303161621094,169.23016357421875,679.431884765625,337.91546630859375,146.75820922851562,443.8885803222656,35.303035736083984,93.56949615478516,103.03213500976562,569.9182739257812,328.14910888671875,128.13575744628906,298.60723876953125,245.15415954589844,116.1624526977539,95.9123764038086,76.18144989013672,129.03668212890625,54.25326156616211,151.02613830566406,44.92292785644531,493.53302001953125,67.96974182128906,186.55435180664062,154.70437622070312,238.5610809326172,206.80999755859375,424.6312561035156,98.7967529296875,145.48960876464844,106.52591705322266,4111.080078125
2023-02-07,151.93801879882812,259.6648864746094,106.62538146972656,84.0483169555664,383.82000732421875,43.53913116455078,119.32119750976562,165.9420928955078,125.67382049560547,28.353595733642578,132.5181427001953,33.4511604309082,44.059181213378906,342.2196044921875,88.90977478027344,171.3589324951172,678.0042114257812,340.1611328125,146.79412841796875,445.4204406738281,35.1658821105957,95.05358123779297,104.18572998046875,576.8225708007812,330.11224365234375,128.2417755126953,294.9162902832031,244.62344360351562,115.79290008544922,97.56542205810547,75.90580749511719,127.77737426757812,54.163089752197266,150.79762268066406,45.018733978271484,494.43280029296875,67.60157775878906,187.8618621826172,154.3191680908203,236.8911590576172,214.75999450683594,423.9342041015625,101.61747741699219,149.30612182617188,108.23233032226562,4164.0
2023-02-08,149.2559051513672,258.85943603515625,98.433349609375,83.04251861572266,378.3599853515625,42.73823928833008,119.44415283203125,159.62057495117188,121.57148742675781,27.56301498413086,131.58642578125,33.205535888671875,44.169029235839844,342.8594665527344,88.6767807006836,171.64662170410156,667.973388671875,335.33978271484375,146.9827880859375,451.3421936035156,35.48051834106445,95.91703796386719,102.52047729492188,572.9451293945312,331.1326904296875,127.77349090576172,290.9169006347656,240.48748779296875,113.55706787109375,97.08138275146484,76.61654663085938,126.45416259765625,53.84751510620117,150.446044921875,44.77605056762695,482.2569580078125,67.51876831054688,184.89036560058594,152.73741149902344,236.14154052734375,213.5,425.1290283203125,100.73322296142578,145.79837036132812,108.37776947021484,4117.85986328125
2023-02-09,148.2243194580078,255.84120178222656,94.11444091796875,83.00419616699219,375.80999755859375,42.52892303466797,118.92845153808594,158.2550048828125,120.06298828125,27.06524085998535,129.5384521484375,32.495933532714844,43.54654312133789,336.360595703125,87.8613510131836,172.00140380859375,655.2611694335938,333.3232727050781,144.99737548828125,453.6865539550781,34.964195251464844,95.98902130126953,100.53890228271484,562.7567749023438,332.16278076171875,131.38731384277344,286.1648864746094,238.51104736328125,112.88261413574219,97.33839416503906,77.04585266113281,125.06702423095703,53.75733947753906,151.87001037597656,45.19116973876953,479.2130126953125,67.03096008300781,182.14747619628906,151.4178924560547,233.68399047851562,211.99000549316406,425.5274353027344,101.11344909667969,144.46046447753906,107.00099182128906,4081.5
2023-02-10,148.58839416503906,255.33653259277344,93.67858123779297,83.47356414794922,370.989990234375,43.01127243041992,120.57344818115234,158.97848510742188,118.64649200439453,27.133560180664062,130.1103973388672,32.36857223510742,43.49161148071289,339.3677062988281,88.2108383178711,171.8863525390625,662.1619262695312,333.5157775878906,145.67115783691406,461.64447021484375,35.39985275268555,97.65299224853516,100.62263488769531,565.2098999023438,335.3990478515625,134.3472900390625,287.06268310546875,240.12147521972656,112.9288101196289,98.29295349121094,76.5593032836914,126.17124938964844,53.75733947753906,154.8760986328125,45.89369201660156,478.600341796875,67.6936264038086,183.29031372070312,151.80308532714844,235.00291442871094,212.88999938964844,435.2492370605469,105.37552642822266,147.48793029785156,104.77098846435547,4090.4599609375
2023-02-13,151.3828582763672,263.31396484375,93.71819305419922,85.65763092041016,375.0,43.557334899902344,122.12950897216797,159.81048583984375,120.34813690185547,27.865583419799805,131.5218505859375,32.43226623535156,44.059181213378906,341.8722839355469,89.09794616699219,173.8809051513672,674.4256591796875,339.6936340332031,146.21018981933594,462.6719665527344,35.48857879638672,98.53443908691406,100.9575424194336,568.760986328125,340.53021240234375,135.8316650390625,293.4017639160156,243.58026123046875,115.6266098022461,99.60548400878906,76.85505676269531,127.822998046875,54.64097595214844,156.25611877441406,46.593017578125,484.7840576171875,67.8961181640625,185.9418182373047,153.59793090820312,235.4583740234375,215.64999389648438,436.28118896484375,104.96564483642578,146.6645965576172,104.3831787109375,4137.2900390625
2023-02-14,150.74325561523438,264.138916015625,93.78755187988281,85.34151458740234,377.8999938964844,43.411720275878906,120.93800354003906,159.47589111328125,121.72785186767578,27.953426361083984,132.10304260253906,32.404964447021484,44.39787673950195,339.8248291015625,90.11053466796875,173.58364868164062,667.3236694335938,334.432373046875,145.5723419189453,460.318115234375,35.27076721191406,97.8058853149414,99.78534698486328,565.2791137695312,338.8631286621094,134.82440185546875,288.7767333984375,243.9553985595703,116.59668731689453,99.10984802246094,77.00769805908203,127.10205841064453,53.73029708862305,154.4981231689453,46.458900451660156,481.6922607421875,67.35309600830078,183.77490234375,153.0734405517578,231.8621826171875,218.4499969482422,435.9281921386719,103.73597717285156,147.78807067871094,104.3831787109375,4136.1298828125
2023-02-15,152.839111328125,262.02764892578125,96.02625274658203,84.6230697631836,375.94000244140625,44.09429931640625,121.2847900390625,161.42933654785156,122.3993148803711,28.15839385986328,132.65655517578125,32.35037612915039,43.9127082824707,342.1647644042969,90.35247802734375,173.24801635742188,662.7841796875,336.9163818359375,143.17367553710938,458.84246826171875,34.94807052612305,96.85247802734375,99.80396270751953,560.6796264648438,326.6271057128906,133.47251892089844,290.8262634277344,243.90969848632812,117.77931213378906,100.04605865478516,76.94091033935547,126.81007385253906,53.73029708862305,154.70904541015625,46.803775787353516,489.40740966796875,66.91130065917969,184.42404174804688,153.13079833984375,235.98019409179688,217.44000244140625,434.9596252441406,103.42412567138672,146.23068237304688,105.91507720947266,4147.60009765625
2023-02-16,151.2450714111328,255.05178833007812,94.60972595214844,84.0291748046875,365.1600036621094,46.405941009521484,120.0399398803711,159.24072265625,119.72265625,27.523975372314453,130.8299560546875,32.09565353393555,43.22613525390625,338.3806457519531,89.22339630126953,170.6301727294922,652.5430908203125,327.9795227050781,142.15853881835938,455.19970703125,34.649574279785156,95.80010986328125,98.68758392333984,551.530029296875,317.9107360839844,132.1206512451172,291.3250427246094,243.24168395996094,114.91519927978516,98.70599365234375,75.95828247070312,125.14917755126953,53.39667892456055,154.2696075439453,46.0693359375,482.5345458984375,66.97573852539062,182.2754364013672,152.0735321044922,233.9116973876953,212.2100067138672,426.5773620605469,103.12117767333984,144.1195526123047,102.60888671875,4090.409912109375
2023-02-17,150.10369873046875,251.07252502441406,93.46065521240234,83.60767364501953,356.8500061035156,46.205718994140625,120.05770874023438,158.55343627929688,117.47831726074219,26.948116302490234,131.21742248535156,32.159332275390625,43.47331237792969,336.82672119140625,89.16964721679688,170.01646423339844,655.4351806640625,330.7384338378906,145.12640380859375,466.1558837890625,34.85933303833008,98.50746154785156,99.30158996582031,553.6270141601562,320.1824951171875,133.69345092773438,288.3414611816406,247.04820251464844,115.34016418457031,98.3021240234375,76.15862274169922,127.76824951171875,54.20817184448242,154.94639587402344,46.76225662231445,485.76995849609375,68.58639526367188,184.15890502929688,151.47825622558594,235.11672973632812,211.66000366210938,430.542236328125,99.1559829711914,140.90097045898438,102.01744842529297,4079.090087890625
2023-02-21,146.09893798828125,245.8284912109375,90.92478942871094,82.57311248779297,346.70001220703125,45.222808837890625,117.11454010009766,154.4295196533203,113.78067779541016,25.43527603149414,128.80966186523438,31.404251098632812,42.32903289794922,330.0810241699219,87.47603607177734,166.35340881347656,636.755615234375,321.53570556640625,142.9638214111328,458.8984069824219,34.44788360595703,98.10270690917969,96.42692565917969,544.7937622070312,319.3147888183594,134.30311584472656,267.9820556640625,245.7305908203125,111.8847885131836,96.17269134521484,75.19507598876953,127.6769790649414,53.91964340209961,154.8585205078125,47.04646301269531,480.2755126953125,68.34709930419922,179.89825439453125,147.5509490966797,228.3988494873047,205.52000427246094,433.7647705078125,99.05797576904297,139.30026245117188,98.98270416259766,3997.340087890625
2023-02-22,146.52207946777344,244.69992065429688,90.7861099243164,82.68805694580078,348.7200012207031,44.87697982788086,116.45650482177734,153.5613250732422,114.01061248779297,24.859418869018555,127.82260131835938,31.195005416870117,42.11848068237305,329.8708801269531,87.16240692138672,167.5232391357422,629.1229248046875,317.3285217285156,142.76475524902344,456.63812255859375,34.18973159790039,98.18366241455078,95.53382873535156,542.44970703125,320.8357238769531,133.1279296875,268.70745849609375,245.81295776367188,110.77610778808594,96.16352081298828,73.89761352539062,128.2153778076172,54.081947326660156,154.80575561523438,46.05973434448242,476.1116943359375,68.48516845703125,178.73709106445312,146.02134704589844,225.72308349609375,205.75999450683594,434.072509765625,97.7748794555664,138.7379150390625,98.58518981933594,3991.050048828125
2023-02-23,147.00418090820312,247.87164306640625,90.03326416015625,84.85297393798828,347.0199890136719,44.78596496582031,116.29644012451172,155.38815307617188,116.0802001953125,24.996061325073242,128.84657287597656,31.1677188873291,42.33818435668945,332.2930603027344,87.76278686523438,167.94522094726562,633.1773071289062,319.92926025390625,142.7195281982422,459.2534484863281,34.12518310546875,99.4698715209961,95.40357208251953,544.9718627929688,319.324462890625,134.36497497558594,271.4371643066406,244.11102294921875,110.83153533935547,95.00703430175781,74.17426300048828,127.80475616455078,54.181129455566406,154.97279357910156,45.373191833496094,472.0434265136719,67.79489135742188,179.25180053710938,148.7745819091797,225.780029296875,208.1300048828125,433.66510009765625,98.67481994628906,140.10496520996094,98.6336669921875,4012.320068359375
2023-02-24,144.35733032226562,242.47190856933594,88.28986358642578,84.92961883544922,320.5400085449219,44.12158966064453,116.10084533691406,152.96446228027344,114.36935424804688,24.537328720092773,130.0089111328125,31.122224807739258,42.6768913269043,332.576416015625,87.54773712158203,167.09176635742188,625.48046875,315.5639953613281,141.12704467773438,452.37896728515625,33.681480407714844,98.84025573730469,93.45921325683594,536.9004516601562,313.59173583984375,134.93043518066406,269.03399658203125,241.27439880371094,109.05762481689453,93.25393676757812,73.6400375366211,127.08382415771484,53.955711364746094,154.66514587402344,45.49454116821289,467.7071533203125,67.30707550048828,176.5127716064453,148.94822692871094,224.09104919433594,198.14999389648438,434.8600158691406,98.6837387084961,140.520263671875,97.2471923828125,3970.0400390625
2023-02-27,145.54791259765625,243.38645935058594,89.02288055419922,84.25907135009766,322.32000732421875,44.349117279052734,116.02970886230469,154.41143798828125,113.52313995361328,24.303081512451172,131.14361572265625,31.122224807739258,42.82334899902344,334.1120300292969,86.6516342163086,166.1807861328125,625.1416625976562,313.8455505371094,140.8193817138672,451.4355163574219,32.89894485473633,98.36354064941406,92.81730651855469,535.4760131835938,308.697265625,136.31764221191406,268.44451904296875,242.2809600830078,109.51033782958984,94.02494049072266,73.36337280273438,126.97430419921875,53.93767166137695,154.62120056152344,45.165626525878906,466.1947937011719,67.7396469116211,176.8896026611328,150.66798400878906,227.70616149902344,200.4600067138672,434.0362243652344,98.50553131103516,140.875,97.39260864257812,3982.239990234375
2023-02-28,145.04612731933594,242.66647338867188,89.21109771728516,83.7226333618164,323.95001220703125,44.06698226928711,114.97159576416016,155.05352783203125,113.62429809570312,24.33236312866211,132.24142456054688,31.204103469848633,42.814208984375,321.4250793457031,86.47241973876953,166.84242248535156,630.9715576171875,313.5606689453125,138.6749267578125,444.5423889160156,32.729530334472656,95.55726623535156,94.63142395019531,535.8817138671875,303.432373046875,135.98187255859375,268.9251708984375,242.879150390625,109.75057983398438,93.70366668701172,73.0771713256836,125.53247833251953,53.65815353393555,152.52923583984375,45.38597106933594,463.466796875,67.46353912353516,175.99803161621094,150.88294982910156,227.29820251464844,201.5500030517578,432.0049743652344,97.9352798461914,139.10133361816406,96.57818603515625,3970.14990234375
2023-03-01,142.97979736328125,239.60179138183594,89.50827026367188,82.70722198486328,323.3800048828125,43.994171142578125,113.98458099365234,155.7046661376953,114.45720672607422,24.7227725982666,131.50341796875,31.05854606628418,42.731815338134766,318.7369079589844,86.19463348388672,168.68357849121094,622.8536987304688,310.41766357421875,138.05055236816406,443.8699645996094,32.41489791870117,95.9260482788086,93.80343627929688,532.6768188476562,306.30859375,137.19239807128906,263.7106628417969,241.7840118408203,109.55653381347656,93.097900390625,73.32520294189453,125.62370300292969,53.072078704833984,150.595458984375,44.75369644165039,458.1925048828125,66.77326202392578,177.28482055664062,151.3707733154297,235.9517364501953,204.5500030517578,432.0687561035156,98.8084945678711,140.20877075195312,95.54075622558594,3951.389892578125
2023-03-02,143.57020568847656,244.3107147216797,91.1328125,83.31069946289062,333.5,44.16709899902344,114.64257049560547,157.4320068359375,114.54974365234375,25.571916580200195,130.13809204101562,30.664819717407227,41.92624282836914,321.3790283203125,86.0960693359375,168.136962890625,627.7501831054688,312.3567199707031,137.94200134277344,446.186279296875,32.76987075805664,96.24986267089844,95.4780044555664,542.7957153320312,307.1665344238281,136.40602111816406,265.73291015625,246.24752807617188,110.48046112060547,94.54811096191406,73.18211364746094,127.69523620605469,53.84751510620117,153.37413024902344,44.86545944213867,464.91217041015625,67.8961181640625,178.72789001464844,152.6936492919922,239.28221130371094,210.05999755859375,435.6941223144531,99.26293182373047,140.65005493164062,95.90918731689453,3981.35009765625
2023-03-03,148.60804748535156,248.37754821777344,92.76725006103516,85.49478912353516,344.0400085449219,44.84968185424805,115.2739028930664,158.8789825439453,114.38316345214844,25.767126083374023,132.5273895263672,31.278303146362305,42.88743591308594,328.73455810546875,88.11226654052734,171.73292541503906,636.2891235351562,318.0361022949219,139.3625946044922,446.9895324707031,33.19744110107422,96.13291931152344,97.17117309570312,553.3697509765625,310.4619445800781,137.89041137695312,270.6573181152344,247.62794494628906,112.0555648803711,95.96159362792969,74.32693481445312,128.62603759765625,53.59504699707031,153.2236785888672,44.91973876953125,454.9283447265625,68.06177520751953,180.90628051757812,153.52044677734375,242.2521514892578,215.11000061035156,435.31158447265625,100.519287109375,142.72659301757812,98.0616226196289,4045.639892578125
2023-03-06,151.36314392089844,249.91477966308594,94.23330688476562,85.96416473388672,347.0199890136719,44.977088928222656,115.76295471191406,156.50051879882812,113.28192138671875,25.36695098876953,131.75250244140625,31.214202880859375,42.68605041503906,328.6977233886719,88.15706634521484,171.70416259765625,634.5836181640625,322.86090087890625,140.7560272216797,449.06317138671875,33.16516876220703,99.92858123779297,95.58963775634766,552.459716796875,310.9786376953125,137.20120239257812,270.4396057128906,249.07278442382812,111.34210968017578,96.36546325683594,74.65129089355469,128.07852172851562,54.4245719909668,153.5334014892578,44.913352966308594,462.41375732421875,67.45433044433594,181.10848999023438,154.20664978027344,240.9901580810547,211.9199981689453,437.388427734375,101.41034698486328,143.77346801757812,97.59624481201172,4048.419921875
2023-03-07,149.16893005371094,247.2683868408203,92.97528839111328,84.64222717285156,344.79998779296875,44.512939453125,114.03793334960938,155.60519409179688,110.30200958251953,24.917980194091797,127.87794494628906,30.21615982055664,40.690433502197266,318.59881591796875,86.07813262939453,168.11781311035156,621.9266967773438,309.3792724609375,139.42593383789062,442.6183166503906,32.54397964477539,100.08148193359375,93.0126724243164,542.8748779296875,302.8571472167969,135.12478637695312,263.6290283203125,245.84259033203125,110.80474090576172,94.85099792480469,73.43968963623047,125.53247833251953,54.10900115966797,152.77235412597656,44.46630096435547,464.3952941894531,65.80686950683594,179.8032989501953,151.52784729003906,233.55116271972656,207.9199981689453,436.0129089355469,99.45003509521484,141.92190551757812,96.04492950439453,3986.3701171875
2023-03-08,150.4185333251953,246.8306121826172,93.36158752441406,84.76676940917969,345.8399963378906,44.694950103759766,113.86009216308594,159.36734008789062,112.1621322631836,25.35719108581543,127.1214828491211,29.813276290893555,40.13201904296875,321.55389404296875,85.93476104736328,167.64791870117188,621.6502685546875,311.4285888671875,138.40347290039062,439.5547180175781,32.36649703979492,97.39213562011719,92.47309875488281,548.730712890625,304.7193298339844,132.1825408935547,266.2596740722656,244.18600463867188,111.05490112304688,94.07999420166016,73.63050079345703,125.55068969726562,54.136043548583984,153.18829345703125,44.09907531738281,465.2471923828125,66.23023223876953,179.75733947753906,152.37948608398438,235.99920654296875,207.1999969482422,436.7781677246094,97.99763488769531,141.02206420898438,96.27761840820312,3992.010009765625
2023-03-09,148.17514038085938,245.4879913330078,91.44979095458984,83.21492004394531,338.3699951171875,44.42192840576172,112.1795425415039,156.85324096679688,108.47892761230469,25.806167602539062,120.23958587646484,27.96367835998535,37.6512336730957,314.9256286621094,82.6192398071289,165.04925537109375,600.3743286132812,306.8795471191406,136.84716796875,434.24005126953125,31.83403968811035,96.78050994873047,91.0311050415039,547.2073974609375,308.9215087890625,130.1944580078125,263.07177734375,240.78086853027344,109.21109008789062,92.06072235107422,71.52212524414062,124.62903594970703,53.61307907104492,152.02906799316406,43.802093505859375,459.0061340332031,65.65959930419922,177.28482055664062,151.20538330078125,228.6360626220703,201.24000549316406,433.45330810546875,97.240234375,138.87631225585938,93.21379852294922,3918.320068359375
2023-03-10,146.1186065673828,241.8589630126953,89.77571868896484,80.53273010253906,329.29998779296875,44.194400787353516,111.5482177734375,155.2253875732422,106.60029602050781,26.567466735839844,123.2930679321289,27.716455459594727,37.861785888671875,301.6506652832031,80.69266510009766,158.8929901123047,585.3944091796875,300.0882568359375,137.18197631835938,431.49365234375,31.777572631835938,96.86146545410156,90.203125,537.9291381835938,307.1372375488281,132.27972412109375,261.5280456542969,241.1489715576172,108.85900115966797,91.21629333496094,70.88296508789062,125.19480895996094,53.387657165527344,152.23257446289062,43.73823547363281,450.984619140625,65.63197326660156,177.69845581054688,150.0974884033203,215.3995819091797,203.07000732421875,433.1344909667969,96.03731536865234,138.14955139160156,90.7220230102539,3861.590087890625
2023-03-13,148.0570068359375,247.04466247558594,90.2511978149414,81.35655975341797,324.2699890136719,44.057884216308594,111.663818359375,157.26016235351562,105.89696502685547,26.303937911987305,121.07906341552734,26.10492706298828,35.161293029785156,290.4562683105469,78.84671020507812,151.154541015625,576.8580932617188,298.47998046875,138.4939727783203,434.6337890625,32.15673828125,95.09857177734375,91.347412109375,535.683837890625,316.3703308105469,134.2589111328125,261.7198791503906,242.11529541015625,108.27527618408203,90.94093322753906,70.15789794921875,126.0617446899414,53.92866516113281,153.71923828125,43.865970611572266,451.8077697753906,65.80686950683594,177.48704528808594,150.66798400878906,213.20770263671875,203.3699951171875,434.80145263671875,94.93242645263672,137.31893920898438,89.78154754638672,3855.760009765625
2023-03-14,150.1430206298828,253.72860717773438,93.084228515625,81.00211334228516,333.3299865722656,44.64034652709961,110.83686828613281,158.92422485351562,107.85890197753906,27.338529586791992,124.18790435791016,26.33384132385254,36.772422790527344,296.5689392089844,80.62096405029297,157.17654418945312,587.9754638671875,305.7767333984375,139.2721405029297,435.4774169921875,32.18901062011719,96.88276672363281,91.68233489990234,550.283203125,318.8857727050781,135.93771362304688,260.8521423339844,244.7105255126953,110.25807189941406,91.28971862792969,71.3218002319336,127.62222290039062,54.12702941894531,153.5599365234375,44.09907531738281,461.30340576171875,66.4879379272461,177.3675537109375,153.00784301757812,214.12808227539062,207.27999877929688,436.2042541503906,95.28885650634766,139.09266662597656,90.51841735839844,3919.2900390625
2023-03-15,150.53663635253906,258.252685546875,95.20407104492188,79.48860168457031,333.6099853515625,44.649452209472656,109.61869812011719,157.71237182617188,106.87792205810547,27.728939056396484,118.32076263427734,26.086612701416016,35.56407165527344,287.39990234375,76.51689147949219,153.2449493408203,582.361572265625,306.92559814453125,139.6611785888672,436.2741394042969,32.495574951171875,97.48053741455078,90.9845962524414,537.1586303710938,321.2256774902344,136.1232452392578,263.0444030761719,245.115478515625,109.48905181884766,91.17957305908203,70.74939727783203,129.4291229248047,54.487693786621094,156.30320739746094,44.5908317565918,464.8833923339844,67.12299346923828,172.90968322753906,152.42904663085938,206.14820861816406,198.2100067138672,431.1396179199219,90.5484619140625,133.07073974609375,90.2663345336914,3891.929931640625
2023-03-16,153.35076904296875,268.72137451171875,99.3743896484375,81.25119018554688,353.2900085449219,45.61415481567383,110.88133239746094,160.19032287597656,111.52359008789062,29.456506729125977,120.61780548095703,26.526123046875,35.976016998291016,290.06964111328125,77.96854400634766,154.1271514892578,587.19189453125,312.36602783203125,139.37164306640625,442.4513244628906,32.568172454833984,97.2178726196289,92.12887573242188,551.401611328125,321.2842102050781,137.21890258789062,261.9117431640625,249.0084228515625,111.78687286376953,92.18002319335938,71.16913604736328,130.39646911621094,54.78752899169922,156.19699096679688,44.3375358581543,466.4150085449219,67.14141082763672,173.84722900390625,155.37245178222656,207.5240478515625,203.19000244140625,431.0758361816406,90.02273559570312,133.49465942382812,91.42011260986328,3960.280029296875
2023-03-17,152.514404296875,271.8639221191406,100.6621322631836,81.67268371582031,358.1400146484375,45.6778564453125,109.98324584960938,158.90615844726562,111.7271957397461,29.09537696838379,116.06063079833984,25.473133087158203,34.56626892089844,279.4367980957031,75.43262481689453,150.09010314941406,586.943115234375,307.3941650390625,137.87869262695312,440.08917236328125,32.3503532409668,94.2834243774414,90.2496566772461,541.751220703125,320.9429931640625,136.26463317871094,263.4280700683594,245.90701293945312,111.54596710205078,90.59215545654297,71.05467224121094,130.4329071044922,54.53312683105469,154.97584533691406,44.696651458740234,466.2138977050781,66.45113372802734,169.7110595703125,154.4381866455078,204.01329040527344,201.0500030517578,424.3625183105469,88.96238708496094,131.80747985839844,90.36328887939453,3916.639892578125
2023-03-20,154.8759002685547,264.85888671875,100.26590728759766,83.30113220214844,362.8800048828125,46.36043930053711,111.98392486572266,162.02621459960938,112.73590087890625,28.460960388183594,117.2875747680664,25.409040451049805,34.3099479675293,284.951171875,76.74090576171875,152.21888732910156,593.2576293945312,307.4861145019531,139.24497985839844,447.0818786621094,32.92314147949219,95.86839294433594,91.04972839355469,544.9483032226562,325.2524108886719,137.94338989257812,264.2227478027344,249.16488647460938,112.29646301269531,91.6476821899414,71.93235778808594,132.44058227539062,55.060096740722656,157.15269470214844,45.17760467529297,468.3581848144531,67.26105499267578,174.5274200439453,151.7097625732422,209.04222106933594,204.77000427246094,433.316650390625,91.28803253173828,133.74559020996094,91.35224914550781,3951.570068359375
2023-03-21,156.7257537841797,266.3668518066406,103.93102264404297,83.89505004882812,374.2200012207031,46.114715576171875,112.54409790039062,161.34793090820312,114.56825256347656,27.777738571166992,120.4333267211914,26.178176879882812,35.225372314453125,292.0857238769531,79.53671264648438,157.79981994628906,610.3946533203125,313.92828369140625,139.24497985839844,450.0251770019531,32.8021354675293,95.58763885498047,91.47767639160156,551.0155639648438,322.7954406738281,138.51773071289062,264.3780212402344,248.6770782470703,116.38249969482422,92.28099822998047,72.84821319580078,131.48239135742188,54.805694580078125,157.5243682861328,45.0236930847168,469.8514404296875,66.61679077148438,175.7039337158203,154.4381866455078,213.41644287109375,204.6999969482422,432.4604187011719,95.37794494628906,137.83807373046875,93.60162353515625,4002.8701171875
2023-03-22,155.29904174804688,264.91729736328125,102.3956298828125,84.20158386230469,361.7099914550781,45.013492584228516,110.30335998535156,159.45779418945312,112.8747329711914,27.455650329589844,117.32447814941406,25.308317184448242,34.05362319946289,288.7623596191406,78.45243835449219,156.0641632080078,597.6456909179688,308.52459716796875,136.6752166748047,445.7320861816406,32.27775192260742,94.55512237548828,90.1100845336914,548.659912109375,322.68817138671875,135.7786407470703,258.1483154296875,246.52357482910156,110.72134399414062,90.97765350341797,71.67477416992188,131.4002227783203,54.56037521362305,156.19699096679688,44.73512649536133,466.6638488769531,66.38668823242188,172.02735900878906,153.40464782714844,208.7006378173828,196.16000366210938,427.1225280761719,93.19487762451172,135.03477478027344,92.01155090332031,3936.969970703125
2023-03-23,156.38133239746094,270.1418762207031,104.60460662841797,84.08663940429688,369.0,45.25921630859375,109.69869995117188,163.03907775878906,114.89215850830078,28.334075927734375,117.01080322265625,24.694841384887695,33.5135383605957,289.84869384765625,76.92013549804688,156.07376098632812,600.835205078125,305.3356628417969,136.74761962890625,440.4735107421875,32.41489791870117,94.40116119384766,90.27755737304688,549.5210571289062,324.31646728515625,137.21890258789062,259.3358154296875,248.13409423828125,112.0833511352539,90.33516693115234,71.19776916503906,131.21771240234375,54.442264556884766,155.43597412109375,45.097434997558594,466.8936462402344,66.11060333251953,171.8067626953125,153.1979522705078,208.2167510986328,197.89999389648438,426.2115783691406,92.14344787597656,133.69366455078125,92.91323852539062,3948.719970703125
2023-03-24,157.68017578125,272.97308349609375,104.44612884521484,84.30695343017578,374.9599914550781,45.969085693359375,111.40595245361328,162.3427276611328,115.45668029785156,28.656166076660156,115.23037719726562,24.850500106811523,33.16567611694336,287.749755859375,75.22652435302734,153.2161865234375,594.474609375,307.4217834472656,138.12295532226562,446.1726379394531,32.584312438964844,94.91740417480469,91.21717071533203,552.5596923828125,327.7190246582031,139.62220764160156,258.5228271484375,249.70790100097656,111.84245300292969,90.26171875,71.4267349243164,133.8915557861328,55.332672119140625,158.48004150390625,45.466163635253906,474.0822448730469,67.57398223876953,172.94647216796875,153.84286499023438,205.91099548339844,197.52999877929688,432.26007080078125,92.25035095214844,135.02613830566406,91.21650695800781,3970.989990234375
2023-03-27,155.74180603027344,268.8965148925781,101.49420928955078,86.34733581542969,373.1499938964844,45.99639892578125,114.98046875,160.1179962158203,114.38316345214844,28.480480194091797,118.532958984375,26.086612701416016,34.30080032348633,293.2364807128906,75.84481811523438,156.41897583007812,597.6456909179688,308.5521240234375,138.7111358642578,451.71240234375,32.447166442871094,96.84656524658203,91.59859466552734,555.9546508789062,326.227294921875,139.19808959960938,256.9243469238281,252.017822265625,109.15550231933594,90.55545043945312,71.91327667236328,133.18887329101562,55.74153518676758,158.83404541015625,46.22607421875,472.1199951171875,68.24585723876953,172.79025268554688,154.8764190673828,206.85035705566406,200.57000732421875,431.2124938964844,94.2730484008789,136.4018096923828,92.70963287353516,3977.530029296875
2023-03-28,155.1218719482422,267.7776794433594,100.07768249511719,86.06953430175781,373.3999938964844,45.85988235473633,115.00712585449219,160.51589965820312,112.29169464111328,28.587846755981445,118.89273071289062,25.747825622558594,34.03532409667969,293.1535949707031,76.05988311767578,152.6696319580078,595.7282104492188,307.0633544921875,137.37196350097656,442.97625732421875,32.261619567871094,95.57858276367188,90.34268188476562,548.57080078125,329.2010192871094,139.825439453125,256.5133056640625,253.86767578125,109.21109008789062,90.61051177978516,72.7051010131836,133.56301879882812,55.80514144897461,158.78094482421875,46.04652786254883,465.9459228515625,68.56798553466797,172.72589111328125,155.2153778076172,208.89991760253906,204.9600067138672,429.4361877441406,95.44923400878906,137.9938201904297,91.93397521972656,3971.27001953125
2023-03-29,158.19186401367188,272.9146728515625,100.43428802490234,86.80714416503906,379.1600036621094,46.56975555419922,115.33613586425781,163.7264404296875,115.76205444335938,30.764385223388672,119.132568359375,26.251432418823242,34.75850296020508,295.2525634765625,77.278564453125,156.8696746826172,605.8499755859375,310.73931884765625,138.72018432617188,437.36151123046875,32.47136688232422,95.02609252929688,91.74745178222656,549.4813842773438,327.465576171875,139.6045379638672,258.83343505859375,255.33102416992188,111.63861846923828,92.35443878173828,73.02945709228516,133.97364807128906,56.20491027832031,159.87826538085938,46.24531936645508,469.87054443359375,68.5403823852539,173.7829132080078,158.3076171875,211.59463500976562,207.97000122070312,431.941162109375,97.0887680053711,139.17916870117188,93.92158508300781,4027.81005859375
2023-03-30,159.75640869140625,276.3587646484375,99.93899536132812,86.7017822265625,381.8999938964844,46.80638122558594,114.90044403076172,166.62039184570312,117.89981079101562,31.320716857910156,118.7728042602539,25.912639617919922,34.218406677246094,295.63922119140625,77.16207122802734,155.73812866210938,609.371337890625,313.62493896484375,138.8287353515625,440.6141052246094,32.57624053955078,95.93179321289062,92.17539978027344,557.2217407226562,332.1649475097656,139.53382873535156,260.66021728515625,255.65309143066406,111.27725982666016,92.9969482421875,73.3729248046875,134.5577392578125,56.195823669433594,160.01986694335938,46.707035064697266,470.4544372558594,69.25827026367188,173.828857421875,157.9934539794922,213.0558624267578,211.0399932861328,431.02117919921875,97.56101989746094,140.50294494628906,95.11414337158203,4050.830078125
2023-03-31,162.255615234375,280.49371337890625,102.75223541259766,89.0103759765625,385.3699951171875,47.57997131347656,116.5632095336914,168.22108459472656,118.0663833618164,31.886816024780273,120.21189880371094,26.187334060668945,34.218406677246094,301.13519287109375,78.67646789550781,158.17379760742188,616.8199462890625,316.8414306640625,140.24935913085938,442.98565673828125,32.91508102416992,96.35746765136719,94.20347595214844,570.48486328125,334.82659912109375,140.81500244140625,269.5754699707031,257.3280334472656,113.63068389892578,95.57611083984375,74.75623321533203,135.68930053710938,56.359371185302734,161.32066345214844,47.27776336669922,475.6138610839844,69.16624450683594,175.6671600341797,160.39117431640625,217.13592529296875,212.42999267578125,430.611328125,97.71251678466797,141.16920471191406,97.08235931396484,4109.31005859375
2023-04-03,163.50527954101562,279.4526672363281,103.37630462646484,89.9682846069336,380.0799865722656,47.60727310180664,117.42572784423828,166.5480194091797,115.43815612792969,32.101539611816406,120.07353973388672,26.178176879882812,34.5296516418457,300.59197998046875,78.10295867919922,157.05184936523438,614.3215942382812,318.2199401855469,141.9232940673828,463.23248291015625,33.35878372192383,98.6036148071289,94.51048278808594,564.2491455078125,341.96343994140625,141.7427978515625,271.95965576171875,259.6564636230469,112.73192596435547,96.2369613647461,75.23323059082031,136.43759155273438,56.695552825927734,161.49766540527344,47.675357818603516,475.7670593261719,69.3595199584961,177.65248107910156,160.1679229736328,218.11326599121094,215.38999938964844,443.2637023925781,103.47757720947266,147.04400634765625,96.72361755371094,4124.509765625
2023-04-04,162.9739532470703,279.404052734375,103.73290252685547,90.04492950439453,385.1499938964844,47.51557540893555,117.01671600341797,163.1475830078125,113.18011474609375,32.30650329589844,118.46837615966797,25.619640350341797,33.69662094116211,297.0293884277344,76.0061264038086,155.8820037841797,607.5921630859375,318.34857177734375,143.40719604492188,462.3514404296875,32.99575424194336,98.5673828125,95.63616180419922,570.2968139648438,345.74639892578125,141.17727661132812,269.4293518066406,259.7852783203125,114.6035385131836,95.45677185058594,75.02334594726562,137.09463500976562,56.52291488647461,160.92245483398438,47.20722579956055,476.4371337890625,68.77967834472656,175.50169372558594,157.59654235839844,206.32847595214844,213.89999389648438,445.0127258300781,102.48851776123047,146.25665283203125,96.53941345214844,4100.60009765625
2023-04-05,161.13392639160156,276.6409606933594,103.48528289794922,90.89749145507812,382.0199890136719,47.51557540893555,117.49686431884766,160.25363159179688,113.86492156982422,32.04298400878906,118.64502716064453,25.308317184448242,33.76984786987305,295.9981994628906,75.11003875732422,155.03501892089844,604.76220703125,316.685302734375,149.84963989257812,477.3303527832031,33.52013397216797,101.35694885253906,96.9478988647461,573.9390869140625,353.1756591796875,142.0785369873047,263.68377685546875,259.5460205078125,112.01850128173828,96.28285217285156,74.45094299316406,138.0346221923828,57.05897903442383,162.50650024414062,47.98957443237305,475.8627624511719,69.3595199584961,174.1138153076172,156.5961456298828,202.60899353027344,210.0,446.3334655761719,104.24388122558594,146.98345947265625,96.86905670166016,4090.3798828125
2023-04-06,162.01951599121094,283.7043762207031,107.39803314208984,91.88414764404297,380.6000061035156,47.011260986328125,116.0385971069336,161.0856475830078,113.8279037475586,32.02345657348633,118.51485443115234,25.4914493560791,34.694427490234375,296.7991638183594,75.44158935546875,152.86947631835938,605.0940551757812,313.2481689453125,149.43338012695312,480.6861267089844,33.479801177978516,101.73731994628906,97.61772155761719,569.4752197265625,359.0743103027344,142.74122619628906,263.6289978027344,260.3466796875,111.38845825195312,96.08092498779297,74.46048736572266,138.91065979003906,57.09532928466797,163.14361572265625,48.35189437866211,465.18975830078125,69.6540298461914,175.0605010986328,155.91818237304688,198.4720001220703,211.3699951171875,446.4974670410156,102.5152587890625,145.05398559570312,96.92723846435547,4105.02001953125
2023-04-10,159.431640625,281.5542907714844,105.43670654296875,90.1911392211914,376.25,47.066280364990234,116.50984954833984,162.26132202148438,115.02172088623047,31.74040985107422,118.90534210205078,25.583017349243164,35.36268615722656,299.1558532714844,75.27130889892578,155.09274291992188,608.2467041015625,311.3826904296875,148.68238830566406,482.90765380859375,33.66535186767578,101.99092102050781,96.47341918945312,568.4953002929688,357.816650390625,142.5026397705078,265.9673767089844,261.16571044921875,112.95431518554688,96.135986328125,74.77529907226562,137.7608184814453,56.95903396606445,162.11709594726562,48.2589111328125,472.7039489746094,69.15702056884766,176.18185424804688,157.30718994140625,204.50669860839844,210.77999877929688,452.4911804199219,102.06082153320312,145.6077423095703,97.74165344238281,4109.10986328125
2023-04-11,158.2213897705078,275.17181396484375,104.35697174072266,90.39315032958984,371.1099853515625,46.415252685546875,115.96745300292969,162.66830444335938,114.35541534423828,31.57448387145996,119.49110412597656,26.288057327270508,36.040096282958984,301.37451171875,76.24806213378906,155.75685119628906,617.3360595703125,314.213134765625,148.6371612548828,488.3349914550781,33.71375274658203,101.88224792480469,96.09200286865234,570.4947509765625,354.93072509765625,142.59103393554688,268.3423156738281,261.8099670410156,114.2421875,97.05384063720703,74.7371597290039,137.48707580566406,56.859100341796875,161.8693389892578,48.117828369140625,477.3177185058594,69.96695709228516,176.650634765625,159.1178741455078,209.31739807128906,212.32000732421875,444.3750915527344,102.78256225585938,146.41238403320312,97.36353302001953,4108.93994140625
2023-04-12,157.5326385498047,275.8139953613281,103.65365600585938,90.3258056640625,369.8900146484375,45.9476203918457,114.29578399658203,160.57017517089844,111.30147552490234,31.25240135192871,119.47249603271484,26.07745933532715,35.87531280517578,304.0165710449219,76.58857727050781,153.31219482421875,613.9158935546875,315.02191162109375,148.32044982910156,488.5412292480469,33.37491989135742,103.0234146118164,95.4128646850586,573.4344482421875,359.81536865234375,143.4569091796875,265.3006286621094,262.56463623046875,114.57573699951172,96.92534637451172,73.17257690429688,137.86123657226562,56.95903396606445,161.55075073242188,47.88376235961914,468.41552734375,69.99457550048828,177.60655212402344,156.9682159423828,209.22251892089844,212.33999633789062,444.6119079589844,102.6756362915039,146.93154907226562,94.95902252197266,4091.949951171875
2023-04-13,162.90505981445312,281.9920349121094,106.41736602783203,91.91299438476562,378.79998779296875,46.5803108215332,113.72671508789062,161.98098754882812,112.09735870361328,31.359758377075195,119.9280776977539,26.150711059570312,36.305564880371094,305.75653076171875,76.78572082519531,156.20921325683594,618.3040771484375,319.6902770996094,150.3020782470703,493.26544189453125,33.455596923828125,104.68087005615234,96.87141418457031,585.0941162109375,365.76263427734375,145.07089233398438,266.862548828125,266.0341796875,117.14226531982422,98.20117950439453,73.64958190917969,138.50001525878906,57.376991271972656,163.16128540039062,47.93186569213867,476.5903015136719,70.42715454101562,180.0606689453125,157.91903686523438,210.33267211914062,213.58999633789062,448.29193115234375,103.15679931640625,148.8955841064453,97.770751953125,4146.22021484375
2023-04-14,162.56068420410156,278.39227294921875,107.84378814697266,92.06690216064453,379.3800048828125,46.34190368652344,113.94012451171875,161.86341857910156,111.19969177246094,31.12551498413086,128.9838104248047,27.02972412109375,36.287254333496094,310.1661682128906,77.6997299194336,157.09471130371094,637.2938232421875,319.68115234375,150.05770874023438,479.73004150390625,33.229705810546875,104.43630981445312,97.19866943359375,582.8275146484375,365.35321044921875,144.08999633789062,266.8991394042969,265.951416015625,116.697509765625,98.6417465209961,73.6400375366211,137.7973175048828,57.286128997802734,162.39141845703125,47.60801696777344,470.28216552734375,69.57120513916016,180.65809631347656,159.46514892578125,212.2398681640625,201.7100067138672,444.51165771484375,103.40631866455078,149.19839477539062,96.85935974121094,4137.64013671875
2023-04-17,162.58033752441406,280.9801940917969,104.97113037109375,91.95146942138672,377.9200134277344,46.10350036621094,113.65559387207031,162.83111572265625,110.47784423828125,31.36952018737793,130.00653076171875,27.808019638061523,37.806854248046875,312.7070007324219,80.0116195678711,157.56631469726562,643.7744140625,320.7379455566406,149.9039306640625,473.6934509277344,33.22163772583008,104.16461944580078,97.72223663330078,582.5900268554688,363.03271484375,143.72439575195312,269.8312683105469,266.2550354003906,116.9198989868164,99.41271209716797,74.04072570800781,137.84298706054688,57.658653259277344,163.2232666015625,47.94148635864258,472.80926513671875,69.67243194580078,181.8621826171875,159.81239318847656,213.72006225585938,205.02999877929688,446.0146789550781,102.20338439941406,147.8832550048828,97.2471923828125,4151.31982421875
2023-04-18,163.80047607421875,280.56182861328125,103.51496887207031,92.79798126220703,377.54998779296875,46.131004333496094,113.62001037597656,163.07525634765625,109.5339126586914,31.066953659057617,131.46624755859375,27.981990814208984,38.328643798828125,307.39520263671875,80.5134506225586,158.2303924560547,639.7827758789062,323.64202880859375,145.68736267089844,472.8779296875,32.71339416503906,104.0015869140625,97.37630462646484,578.8881225585938,360.6537780761719,142.3065948486328,273.0740051269531,267.7275390625,116.93842315673828,99.04559326171875,74.18382263183594,137.98899841308594,57.74951171875,163.5595245361328,48.047298431396484,475.642578125,69.52519226074219,181.0074005126953,160.49862670898438,213.68211364746094,208.3699951171875,456.73602294921875,104.19934844970703,147.5371856689453,97.8580093383789,4154.8701171875
2023-04-19,164.94187927246094,280.6396789550781,103.197998046875,92.16310119628906,380.1099853515625,44.04956817626953,112.3218002319336,160.14512634277344,109.70050048828125,30.403257369995117,131.2989044189453,27.524173736572266,38.6673583984375,310.1385192871094,81.05108642578125,158.759765625,640.898193359375,323.5133056640625,147.0626983642578,455.7430725097656,32.46330642700195,103.36759948730469,104.98687744140625,573.9984741210938,361.1997985839844,143.75115966796875,271.2105407714844,268.058837890625,116.43810272216797,98.35718536376953,74.42230987548828,138.01632690429688,57.85853958129883,163.46217346191406,48.09859848022461,474.8097839355469,69.57120513916016,181.8162384033203,162.0778350830078,213.16026306152344,208.7100067138672,451.0428466796875,103.8696517944336,147.6756134033203,95.74436950683594,4154.52001953125
2023-04-20,163.97756958007812,278.3630676269531,104.29753875732422,91.22042083740234,380.260009765625,42.710838317871094,112.35738372802734,159.72909545898438,109.79302978515625,30.120206832885742,130.9176788330078,27.377670288085938,38.145565032958984,311.81402587890625,81.03316497802734,157.15245056152344,641.9490966796875,324.32208251953125,148.0128173828125,456.924072265625,32.14866638183594,103.40382385253906,103.17306518554688,560.1514282226562,365.4311828613281,144.22378540039062,272.7269592285156,267.8103942871094,115.30772399902344,98.25623321533203,75.4335708618164,138.52230834960938,58.112937927246094,164.00201416015625,48.406410217285156,483.9512939453125,70.72900390625,180.84193420410156,161.2096710205078,210.9019775390625,207.22999572753906,446.8891296386719,103.04096984863281,146.95750427246094,95.08506774902344,4129.7900390625
2023-04-21,162.3737030029297,278.0225524902344,104.41639709472656,91.52822875976562,377.6700134277344,43.12345886230469,111.79719543457031,160.09085083007812,108.97865295410156,29.57362937927246,130.66664123535156,27.35019874572754,37.751930236816406,314.5297546386719,81.6514663696289,157.6336669921875,627.716064453125,323.2284851074219,147.20753479003906,453.5121765136719,32.4390983581543,104.49066162109375,104.39786529541016,565.8426513671875,375.60015869140625,144.82122802734375,274.069580078125,268.7859191894531,116.3083724975586,99.30258178710938,74.82301330566406,143.31573486328125,58.1947135925293,164.0728302001953,48.65009307861328,484.6883544921875,71.1365737915039,180.22610473632812,161.3998565673828,210.1387939453125,205.14999389648438,439.55633544921875,103.37066650390625,146.32589721679688,96.53941345214844,4133.52001953125
2023-04-24,162.67872619628906,274.14056396484375,104.97113037109375,91.80719757080078,377.3399963378906,43.45355987548828,111.5037612915039,159.07794189453125,108.59922790527344,28.948970794677734,130.84329223632812,27.249479293823242,37.94416427612305,316.6471252441406,80.82707977294922,154.56338500976562,621.4935913085938,319.49737548828125,148.10328674316406,458.3114013671875,32.19708251953125,105.00691223144531,103.21981048583984,568.4359130859375,373.75750732421875,146.31036376953125,275.53118896484375,269.8350524902344,117.7537841796875,100.31221771240234,74.91841125488281,143.57284545898438,58.10385513305664,164.15245056152344,48.980342864990234,489.54144287109375,72.1369400024414,180.86952209472656,161.92901611328125,213.15342712402344,205.77000427246094,438.0715637207031,105.32205963134766,148.36778259277344,96.64605712890625,4137.0400390625
2023-04-25,161.14373779296875,267.9625549316406,102.87110900878906,90.47972106933594,369.5899963378906,43.178470611572266,111.93946075439453,153.19052124023438,105.5453109741211,28.187671661376953,127.99827575683594,26.407089233398438,37.120296478271484,312.5229187011719,78.9094467163086,150.26116943359375,608.1453857421875,317.245849609375,149.46054077148438,461.1047668457031,31.729169845581055,105.5412826538086,102.81778717041016,542.7804565429688,375.210205078125,147.04153442382812,270.6807861328125,268.27978515625,115.5022964477539,100.35810852050781,73.30612182617188,143.6095733642578,58.01298904418945,167.87796020507812,48.598777770996094,481.6443176269531,71.97019958496094,180.11581420898438,145.7567596435547,208.57421875,202.19000244140625,433.2073059082031,103.82508850097656,146.21340942382812,95.02688598632812,4071.6298828125
2023-04-26,161.13392639160156,287.3722839355469,102.73242950439453,90.14302825927734,363.05999755859375,42.674163818359375,111.90389251708984,148.7320098876953,105.64710998535156,28.353595733642578,125.72969818115234,26.040836334228516,36.12248611450195,309.834716796875,79.24996185302734,149.87615966796875,599.8118286132812,312.522216796875,147.1441650390625,452.6966552734375,31.164445877075195,102.73359680175781,101.6771469116211,527.686279296875,366.8546447753906,144.27728271484375,263.1357116699219,266.6692199707031,114.74251556396484,102.31314086914062,73.89761352539062,141.94752502441406,57.74041748046875,166.8425750732422,48.38716506958008,473.4984130859375,71.02542114257812,175.46493530273438,142.68106079101562,206.24642944335938,203.02999877929688,420.49114990234375,102.8716812133789,143.60910034179688,93.66949462890625,4055.989990234375
2023-04-27,165.7093505859375,296.57611083984375,106.57585144042969,91.42240905761719,371.4200134277344,42.692501068115234,112.89976501464844,149.46456909179688,105.42501068115234,29.14417839050293,127.42182159423828,26.452871322631836,36.305564880371094,314.4745788574219,80.8808364868164,152.5037078857422,610.8832397460938,326.7757568359375,147.48800659179688,459.74554443359375,31.253190994262695,104.30046844482422,102.37834930419922,537.4752807617188,380.5823669433594,132.74757385253906,268.488525390625,271.2339172363281,116.46586608886719,103.48799896240234,75.30956268310547,143.6830596923828,57.85853958129883,167.86024475097656,48.53786849975586,479.82562255859375,72.18323516845703,182.5515594482422,146.97216796875,204.4720001220703,206.0399932861328,423.57000732421875,104.101318359375,144.4483642578125,96.88844299316406,4135.35009765625
2023-04-28,166.958984375,298.9403991699219,106.32820892333984,91.11458587646484,377.55999755859375,43.32518768310547,112.40184020996094,151.20997619628906,108.09024047851562,30.315410614013672,128.5282440185547,26.80997085571289,36.38795471191406,316.16845703125,81.3191909790039,155.28526306152344,618.7372436523438,333.208740234375,148.12136840820312,461.2640686035156,31.374204635620117,104.58123016357422,103.28524780273438,549.2339477539062,385.9544372558594,134.75389099121094,274.5263977050781,272.1817932128906,117.41096496582031,104.90150451660156,75.19507598876953,143.6003875732422,58.285560607910156,168.92213439941406,48.406410217285156,481.6922607421875,73.91535949707031,183.6820831298828,148.66709899902344,208.7363739013672,206.77999877929688,423.0690612792969,105.44680786132812,145.858642578125,99.3802261352539,4169.47998046875
2023-05-01,166.8704071044922,297.2863464355469,106.18952941894531,91.25890350341797,374.1499938964844,43.40770721435547,112.11729431152344,150.73968505859375,107.20182037353516,29.57362937927246,131.28028869628906,26.5902156829834,36.97382736206055,313.5263366699219,79.47535705566406,153.34107971191406,611.1505126953125,333.2730407714844,148.03094482421875,464.6479797363281,31.632352828979492,105.36919403076172,103.88363647460938,542.8992919921875,395.65545654296875,137.0634307861328,271.9322204589844,273.8660583496094,118.52278900146484,105.1493148803711,74.71806335449219,143.77488708496094,58.42185592651367,169.6212158203125,48.60519790649414,472.4742126464844,74.7397232055664,184.27032470703125,150.64317321777344,207.27674865722656,203.8699951171875,427.60528564453125,102.17664337158203,144.6992645263672,99.09906005859375,4167.8701171875
2023-05-02,165.83729553222656,297.14044189453125,104.32725524902344,91.19155883789062,368.6600036621094,42.509117126464844,111.29036712646484,148.2617645263672,107.45170593261719,29.05633544921875,129.1604766845703,25.784448623657227,35.5549201965332,306.8981018066406,77.99304962158203,147.4988555908203,600.5402221679688,327.1801452636719,149.32481384277344,462.482666015625,31.51134490966797,106.77303314208984,104.24827575683594,538.2672119140625,394.08575439453125,135.19972229003906,268.8081970214844,274.3169250488281,117.91130065917969,105.05754089355469,74.64173889160156,143.64633178710938,58.15836715698242,170.12562561035156,48.473731994628906,473.6419982910156,74.88792419433594,182.22987365722656,147.038330078125,205.2542724609375,203.25,418.0044250488281,98.10456085205078,138.46966552734375,97.53805541992188,4119.580078125
2023-05-03,164.76475524902344,296.15771484375,104.41639709472656,91.17230224609375,345.25,42.142337799072266,109.76984405517578,147.72816467285156,104.41627502441406,29.915239334106445,126.42701721191406,25.50975799560547,35.38099670410156,302.5528564453125,76.60111236572266,146.49789428710938,592.1974487304688,321.6202087402344,147.37034606933594,458.7800598144531,31.01923942565918,107.07191467285156,104.49136352539062,544.7996826171875,420.4003601074219,133.08644104003906,267.7120666503906,271.694091796875,117.42948150634766,95.42007446289062,74.2601318359375,143.462646484375,57.83128356933594,170.06369018554688,48.29418182373047,469.09521484375,75.26769256591797,181.9541015625,145.37644958496094,205.72169494628906,200.92999267578125,412.7029113769531,96.17097473144531,135.6923370361328,97.79014587402344,4090.75
2023-05-04,163.13133239746094,297.14044189453125,103.70320892333984,91.3550796508789,335.8299865722656,41.90393829345703,108.98735046386719,146.77859497070312,98.6323471069336,30.615957260131836,124.69766998291016,24.713153839111328,33.87718963623047,295.7497253417969,74.6668701171875,143.2254638671875,582.287841796875,319.3594970703125,146.70079040527344,456.7554016113281,30.841754913330078,106.30205535888672,103.64988708496094,540.0684204101562,417.71923828125,131.40106201171875,261.01654052734375,271.638916015625,114.58502197265625,96.11763763427734,73.52554321289062,142.80149841308594,57.894874572753906,171.12559509277344,48.42935562133789,470.3421630859375,74.83233642578125,180.3548126220703,143.27635192871094,200.70362854003906,197.0500030517578,411.6645202636719,94.48690032958984,135.1645965576172,94.48392486572266,4061.219970703125
2023-05-05,170.78662109375,302.23858642578125,104.57490539550781,93.27894592285156,348.3999938964844,42.40825271606445,109.94770050048828,151.11651611328125,100.66830444335938,30.37095069885254,127.13362884521484,25.37241554260254,35.00273132324219,301.05224609375,76.71861267089844,146.92138671875,594.1056518554688,325.49835205078125,147.1984405517578,463.31689453125,31.0515079498291,106.58284759521484,104.02388763427734,540.8009033203125,417.1049499511719,131.99855041503906,264.5515441894531,272.9641418457031,117.29049682617188,98.40309143066406,74.88977813720703,143.2790069580078,58.16744613647461,171.9131622314453,48.847782135009766,478.70660400390625,74.64708709716797,182.37689208984375,145.3020477294922,205.197021484375,198.33999633789062,414.952880859375,96.8392562866211,138.61679077148438,97.46048736572266,4136.25
2023-05-08,170.7176971435547,300.29278564453125,106.75416564941406,93.10579681396484,344.05999755859375,42.49076843261719,109.72538757324219,149.6584014892578,100.23333740234375,30.15534782409668,127.44044494628906,25.35409927368164,35.40867233276367,300.5827941894531,76.3118667602539,147.2967071533203,592.8705444335938,326.408203125,146.86367797851562,461.7608642578125,31.19671630859375,107.2168197631836,103.68730163574219,537.0397338867188,421.8921203613281,131.48135375976562,263.0078430175781,273.0469665527344,117.55919647216797,98.36637115478516,74.75623321533203,142.60865783691406,58.07658767700195,171.09902954101562,49.15353012084961,478.70660400390625,74.79529571533203,181.02572631835938,144.18585205078125,204.9108123779297,197.25999450683594,410.7809143066406,97.22242736816406,138.0717010498047,99.83592987060547,4138.1201171875
2023-05-09,169.01547241210938,298.6873779296875,106.33811950683594,92.48053741455078,342.6499938964844,42.60997772216797,109.21163940429688,148.5465545654297,97.88273620605469,29.49873161315918,126.82678985595703,25.326631546020508,35.556278228759766,298.9810485839844,76.25765228271484,147.62393188476562,585.8921508789062,326.4908752441406,145.72357177734375,459.66119384765625,31.043434143066406,106.35640716552734,103.0795669555664,529.20068359375,417.66070556640625,130.92848205566406,265.428466796875,273.01934814453125,115.90995788574219,97.94416046142578,74.97564697265625,141.1486053466797,57.59503936767578,171.7981414794922,49.23720932006836,480.3659973144531,74.69339752197266,181.1912078857422,143.0448760986328,203.67063903808594,201.8800048828125,411.76470947265625,97.24915313720703,137.6737060546875,99.06996154785156,4119.169921875
2023-05-10,170.77676391601562,303.8536376953125,110.69664764404297,93.8080062866211,344.0199890136719,42.83003616333008,109.97775268554688,148.59213256835938,98.52130126953125,29.371326446533203,126.8918685913086,25.01531410217285,35.316410064697266,296.9372863769531,75.67015075683594,143.10037231445312,580.0016479492188,332.8411865234375,146.26644897460938,459.37060546875,30.898223876953125,106.78208923339844,103.49095153808594,528.0525512695312,425.0120544433594,130.56288146972656,264.0126037597656,272.93646240234375,114.43678283691406,98.18280792236328,74.71027374267578,141.44244384765625,57.69498825073242,171.9131622314453,49.09881591796875,479.2820739746094,75.11947631835938,181.3842315673828,141.8542938232422,203.36532592773438,200.83999633789062,412.77587890625,96.00167083740234,135.91729736328125,98.0616226196289,4137.64013671875
2023-05-11,170.9636993408203,301.7132263183594,115.47120666503906,93.7310562133789,341.5799865722656,42.518287658691406,108.9682846069336,146.87881469726562,96.30026245117188,28.28350257873535,126.49211883544922,25.079408645629883,35.36254119873047,295.2525634765625,74.68495178222656,142.43626403808594,591.8380126953125,331.1042175292969,145.66928100585938,458.1427001953125,30.645429611206055,106.46509552001953,102.89258575439453,524.3804321289062,424.6512451171875,130.71449279785156,262.7886657714844,271.29840087890625,113.24152374267578,97.4356460571289,74.78689575195312,141.77305603027344,58.02207565307617,172.8600311279297,49.28227233886719,481.421142578125,75.61038970947266,179.2313690185547,140.74635314941406,200.36976623535156,201.83999633789062,410.5350036621094,94.26414489746094,135.1645965576172,89.50038146972656,4130.6201171875
2023-05-12,170.03753662109375,300.6040954589844,116.40233612060547,94.12545013427734,335.45001220703125,42.83003616333008,110.7168197631836,147.52587890625,95.89307403564453,28.3717041015625,124.67909240722656,24.804716110229492,34.58757019042969,294.12945556640625,74.46803283691406,142.37850952148438,594.6773071289062,330.231201171875,145.4792938232422,460.4580078125,30.457866668701172,106.09375762939453,103.30394744873047,519.29296875,424.66107177734375,131.2138671875,265.3280029296875,272.540771484375,111.37918090820312,97.88764190673828,75.67791748046875,143.2147216796875,58.249229431152344,173.55027770996094,49.26618957519531,483.51220703125,75.93460083007812,178.89877319335938,140.65451049804688,199.90231323242188,200.6999969482422,410.6260986328125,94.25523376464844,135.5106201171875,89.19010925292969,4124.080078125
2023-05-15,169.5448455810547,301.0808410644531,115.4117660522461,93.55791473388672,345.6700134277344,43.187644958496094,111.18551635742188,150.60617065429688,98.3547134399414,29.204723358154297,125.72969818115234,25.317476272583008,35.76847839355469,296.4953918457031,74.97418212890625,144.37081909179688,594.3546752929688,332.1978454589844,144.36631774902344,456.3617248535156,30.302927017211914,105.39636993408203,102.69623565673828,518.332763671875,424.7392578125,130.71449279785156,263.5650329589844,272.3198547363281,111.027099609375,98.36727905273438,75.92700958251953,143.2606201171875,58.094764709472656,171.9131622314453,48.883174896240234,481.5650634765625,75.10095977783203,179.53628540039062,140.9467010498047,201.57179260253906,202.77000427246094,411.6553955078125,94.43497467041016,136.01248168945312,90.03363800048828,4136.27978515625
2023-05-16,169.5448455810547,303.2991027832031,118.38349151611328,94.5102310180664,345.1099853515625,43.022586822509766,111.275634765625,148.8928680419922,96.0503921508789,28.636308670043945,124.88363647460938,25.05194091796875,35.41789245605469,295.33538818359375,73.98899841308594,142.8404998779297,584.2882080078125,329.5971374511719,144.17628479003906,449.66900634765625,30.180604934692383,105.13370513916016,102.2755126953125,514.44287109375,426.8311462402344,127.77186584472656,257.8925476074219,270.7093505859375,107.9231948852539,97.11277770996094,74.94019317626953,143.0126953125,57.440582275390625,171.16981506347656,48.20728302001953,475.91522216796875,74.81381225585938,177.04156494140625,139.07687377929688,197.66993713378906,200.8699951171875,407.8387145996094,92.14306640625,132.81979370117188,88.21086120605469,4109.89990234375
2023-05-17,170.15573120117188,306.1656799316406,119.70095825195312,95.97235870361328,356.6300048828125,43.67362594604492,113.3035888671875,150.67906188964844,96.99432373046875,28.29330062866211,128.72348022460938,26.159868240356445,37.327640533447266,303.9613952636719,75.84188079833984,146.38235473632812,599.7842407226562,331.70159912109375,143.85963439941406,454.44012451171875,29.968585968017578,103.93820190429688,101.7425765991211,516.3433227539062,427.6327209472656,127.82542419433594,267.0818176269531,270.07427978515625,108.386474609375,97.49100494384766,75.63958740234375,142.40664672851562,57.376991271972656,169.95748901367188,48.12682342529297,474.8121337890625,74.57299041748047,181.1162567138672,143.04190063476562,202.34454345703125,206.8699951171875,416.5559997558594,94.21029663085938,134.7233123779297,89.94637298583984,4158.77001953125
2023-05-18,172.48110961914062,310.5728759765625,121.67220306396484,98.4445571899414,360.42999267578125,44.19628143310547,113.70016479492188,154.75270080566406,98.98401641845703,29.087120056152344,129.69972229003906,26.068300247192383,37.096988677978516,303.4089660644531,76.3661117553711,147.72021484375,617.0133666992188,334.32989501953125,143.39816284179688,449.20965576171875,29.7484073638916,103.2498550415039,101.41533660888672,518.1942749023438,428.0433044433594,127.90564727783203,269.612060546875,270.6173400878906,110.13762664794922,98.78237915039062,75.94617462158203,140.06500244140625,57.05897903442383,169.51502990722656,48.7512092590332,477.7856750488281,73.81346893310547,183.1767120361328,142.77481079101562,204.8440399169922,207.24000549316406,415.1441955566406,95.06411743164062,134.55728149414062,90.90625,4198.0498046875
2023-05-19,172.58949279785156,310.3974304199219,121.6028823852539,98.92550659179688,371.25,45.04902648925781,114.70061492919922,155.026123046875,97.96603393554688,29.33212661743164,129.4021759033203,25.738676071166992,36.93092346191406,300.2513427734375,74.33245086669922,147.21009826660156,614.5889282226562,335.8187255859375,143.78726196289062,448.82537841796875,29.984891891479492,104.59935760498047,101.84541320800781,521.9951171875,432.43231201171875,129.39480590820312,265.7025451660156,271.997802734375,106.32955169677734,97.324951171875,76.0228271484375,140.65272521972656,57.08624267578125,169.76278686523438,48.24912643432617,476.2701110839844,74.0357666015625,182.34518432617188,142.6829833984375,204.90127563476562,205.49000549316406,413.9964294433594,95.50452423095703,135.6231689453125,88.56959533691406,4191.97998046875
2023-05-22,171.6435546875,313.16656494140625,123.87127685546875,97.89625549316406,372.04998779296875,44.7647705078125,114.91693115234375,155.7095947265625,97.42928314208984,29.67513656616211,128.3330078125,25.949270248413086,37.807373046875,299.1191711425781,74.35957336425781,149.6740264892578,618.9124145507812,342.1873474121094,143.01231384277344,450.5125427246094,31.599523544311523,103.69365692138672,101.20964813232422,523.6182861328125,424.23095703125,129.20753479003906,265.5015869140625,266.2918701171875,102.08600616455078,94.91741943359375,75.14138793945312,136.97039794921875,55.88690948486328,165.16123962402344,47.82427215576172,471.809814453125,72.62785339355469,181.95709228515625,143.16712951660156,204.4051971435547,205.91000366210938,414.2059631347656,94.34510803222656,133.1855926513672,89.0252914428711,4192.6298828125
2023-05-23,169.04232788085938,307.3942565917969,121.40474700927734,94.78917694091797,370.4200134277344,44.84729766845703,115.52982330322266,154.68890380859375,95.83753967285156,28.920516967773438,126.994140625,26.169021606445312,38.019569396972656,297.87628173828125,74.69398498535156,146.83474731445312,609.8231811523438,332.850341796875,142.95761108398438,449.40655517578125,32.325294494628906,102.58867645263672,98.86288452148438,519.7384033203125,413.6933898925781,127.08526611328125,269.4111022949219,263.54937744140625,100.78884887695312,92.55601501464844,74.24080657958984,135.4920196533203,55.78696060180664,164.65684509277344,47.73416519165039,465.0952453613281,71.35887908935547,180.14610290527344,141.73135375976562,202.92652893066406,202.60000610351562,412.3021545410156,95.63035583496094,137.03858947753906,87.08617401123047,4145.580078125
2023-05-24,169.31820678710938,306.0194396972656,119.76040649414062,94.57756805419922,365.760009765625,44.38882827758789,113.27655029296875,152.25567626953125,95.33780670166016,28.42070198059082,125.83197021484375,25.72951889038086,37.70589828491211,294.4148254394531,73.41053009033203,145.06382751464844,603.803466796875,327.3455810546875,142.82089233398438,450.70941162109375,31.50167465209961,102.88755798339844,97.27345275878906,505.505126953125,416.1957702636719,125.8636245727539,265.9034729003906,263.1352233886719,100.33485412597656,91.88265228271484,73.59891510009766,134.37173461914062,55.31450271606445,163.61260986328125,47.51529312133789,463.0712890625,70.84016418457031,177.27256774902344,140.00341796875,200.05496215820312,199.27000427246094,412.3841247558594,96.69990539550781,137.40553283691406,86.35900115966797,4115.240234375
2023-05-25,170.4513397216797,317.78826904296875,122.31608581542969,100.3203353881836,392.05999755859375,44.95732879638672,114.24995422363281,154.57955932617188,96.26325225830078,26.852663040161133,126.1387939453125,25.793607711791992,37.73357391357422,298.16162109375,75.01937103271484,145.41030883789062,608.8921508789062,330.12799072265625,140.76963806152344,447.7755126953125,30.849287033081055,101.7101821899414,95.49703216552734,515.3238525390625,417.701171875,123.60763549804688,261.9300231933594,262.76708984375,99.58435821533203,90.80340576171875,72.75580596923828,133.50852966308594,54.887474060058594,162.64805603027344,47.042171478271484,466.70672607421875,70.62712097167969,177.6514129638672,142.93338012695312,200.32205200195312,200.8699951171875,403.37530517578125,94.96525573730469,135.0377960205078,85.4572982788086,4151.27978515625
2023-05-26,172.8555450439453,324.58441162109375,123.4354248046875,100.1183090209961,415.3900146484375,45.7183837890625,116.16975402832031,160.65811157226562,102.12122344970703,28.42070198059082,127.31958770751953,25.921798706054688,38.03802490234375,305.6461486816406,75.83284759521484,151.339111328125,619.7513427734375,332.39434814453125,140.71493530273438,451.356201171875,30.661733627319336,100.59615325927734,96.17955017089844,516.6897583007812,416.2153625488281,122.66242980957031,267.48370361328125,263.24560546875,99.61214447021484,90.88642883300781,73.77134704589844,133.51766967773438,54.75117874145508,162.45338439941406,47.12584686279297,486.5721740722656,70.59008026123047,179.0188751220703,143.2172088623047,202.05833435058594,203.6300048828125,408.4945373535156,94.34510803222656,134.6184539794922,85.60272979736328,4205.4501953125
2023-05-30,174.6980743408203,322.9463195800781,122.50428771972656,101.1475830078125,417.2099914550781,46.002628326416016,116.70149993896484,160.8950653076172,107.34989166259766,29.390928268432617,127.80303192138672,25.876014709472656,37.807373046875,304.5597229003906,75.39899444580078,152.08021545410156,620.93115234375,335.6651306152344,140.73313903808594,449.7908020019531,30.180604934692383,98.87532806396484,95.0949935913086,508.9693603515625,417.63275146484375,121.6637191772461,267.0909118652344,262.21490478515625,98.69487762451172,90.16693878173828,73.54142761230469,131.4791259765625,54.315067291259766,160.71009826660156,47.00999069213867,487.31072998046875,69.4229965209961,179.75804138183594,141.70632934570312,200.24571228027344,204.69000244140625,408.0573425292969,93.50922393798828,133.77972412109375,85.14702606201172,4205.52001953125
2023-05-31,174.64881896972656,320.1966857910156,121.71183776855469,101.90752410888672,417.7900085449219,45.544166564941406,115.89935302734375,158.46182250976562,105.68187713623047,30.811962127685547,126.17598724365234,25.445667266845703,36.72795867919922,300.45050048828125,73.89861297607422,152.60955810546875,606.1541748046875,338.52117919921875,141.36221313476562,456.7179260253906,31.004240036010742,99.99839782714844,95.36613464355469,503.2681884765625,419.8028259277344,123.01914978027344,260.7796630859375,262.3897399902344,97.5274429321289,90.06547546386719,73.57015991210938,130.8546905517578,54.206031799316406,161.3649444580078,47.270694732666016,490.69677734375,68.89502716064453,177.03231811523438,139.40243530273438,196.28662109375,205.6999969482422,407.1770324707031,91.8375015258789,131.59547424316406,85.28277587890625,4179.830078125
2023-06-01,177.4471435546875,324.2821350097656,122.55382537841797,101.95561218261719,426.75,45.60835647583008,117.00798797607422,160.22068786621094,107.93696594238281,30.508155822753906,127.91459655761719,25.63948631286621,36.958614349365234,293.493408203125,74.17880249023438,156.61346435546875,616.5617065429688,339.9584655761719,140.8881378173828,462.7076110839844,31.004240036010742,100.46936798095703,96.13280487060547,514.07666015625,426.6747741699219,118.98863220214844,265.32452392578125,264.9298095703125,96.0171890258789,89.95477294921875,73.43602752685547,132.19541931152344,54.51495361328125,162.349609375,47.44448471069336,491.6943054199219,69.37667846679688,179.1204833984375,140.09524536132812,199.45394897460938,207.9600067138672,412.367431640625,92.89806365966797,132.94093322753906,85.89360046386719,4221.02001953125
2023-06-02,178.29452514648438,327.03179931640625,123.4948501586914,101.85942077636719,436.3699951171875,45.86509323120117,119.35135650634766,159.6920928955078,107.74127197265625,30.68456268310547,130.60157775878906,26.497827529907227,38.04725646972656,300.21856689453125,76.23957824707031,162.2342987060547,628.56396484375,346.4445495605469,143.10350036621094,468.28485107421875,31.281492233276367,101.909423828125,97.42304992675781,514.8289794921875,432.3833923339844,122.04716491699219,272.2706298828125,268.2234802246094,100.1910400390625,91.78118133544922,74.83480834960938,134.54620361328125,55.56890869140625,164.0159454345703,47.89830780029297,491.684814453125,70.44188690185547,183.7311248779297,142.0235137939453,216.2062530517578,213.32000732421875,416.78759765625,95.05514526367188,136.52308654785156,88.00724792480469,4282.3701171875
2023-06-05,176.9446258544922,327.55828857421875,124.82222747802734,102.85983276367188,434.17999267578125,46.03931427001953,119.54966735839844,155.16281127929688,105.04821014404297,29.263525009155273,129.31849670410156,26.340927124023438,37.31840896606445,298.5117492675781,75.68821716308594,161.14669799804688,623.61376953125,348.3517150878906,144.33425903320312,466.98193359375,31.51797866821289,102.44379425048828,97.01166534423828,513.284912109375,434.2699890136719,122.03825378417969,269.6577453613281,266.8542175292969,97.79270935058594,92.17781829833984,75.5533676147461,134.01356506347656,55.196380615234375,164.13180541992188,48.213714599609375,497.1138916015625,70.62712097167969,182.18807983398438,140.11196899414062,212.23757934570312,208.77999877929688,416.9710388183594,94.63269805908203,135.86781311035156,88.2302474975586,4273.7900390625
2023-06-06,176.58004760742188,325.354736328125,126.10997772216797,103.02335357666016,432.8900146484375,45.672542572021484,119.59471893310547,155.2539520263672,108.43084716796875,30.341550827026367,129.5509490966797,26.977758407592773,38.065704345703125,303.1405334472656,77.60440063476562,165.37196350097656,631.384765625,349.3467102050781,144.20657348632812,457.0272521972656,31.289648056030273,99.63611602783203,95.94580841064453,510.98858642578125,433.1068420410156,120.7630844116211,272.3258361816406,263.2552185058594,98.71299743652344,90.6004867553711,75.37133026123047,132.68206787109375,54.796607971191406,161.78817749023438,48.20728302001953,495.2050476074219,69.99726867675781,181.41192626953125,139.89491271972656,216.2539520263672,207.2899932861328,420.58416748046875,95.4056625366211,136.11245727539062,89.35494995117188,4283.85009765625
2023-06-07,175.21047973632812,315.3116760253906,121.34532165527344,101.2437744140625,418.32000732421875,45.64503479003906,121.1179428100586,156.74851989746094,107.33126068115234,30.65515899658203,130.80615234375,27.20849609375,38.812992095947266,311.4425354003906,78.1828384399414,165.1121063232422,629.8154296875,344.7492980957031,144.51657104492188,451.92803955078125,31.713693618774414,98.36812591552734,95.04825592041016,515.4624633789062,426.55743408203125,121.71723937988281,277.570068359375,260.81268310546875,99.54961395263672,90.32374572753906,74.83480834960938,132.9667205810547,54.71484375,160.49612426757812,48.27809143066406,490.3801574707031,69.65454864501953,183.3060760498047,143.15879821777344,224.71595764160156,211.92999267578125,423.44537353515625,97.54476165771484,139.64218139648438,89.7039794921875,4267.52001953125
2023-06-08,177.9201202392578,317.144775390625,120.98872375488281,103.38890075683594,439.0299987792969,45.55333709716797,121.14496612548828,156.9581298828125,108.42151641845703,31.18437385559082,130.84329223632812,26.977758407592773,39.08976364135742,311.182861328125,78.01111602783203,164.7174835205078,631.9976806640625,352.0922546386719,146.1028594970703,459.5205993652344,31.87678337097168,99.91687774658203,94.22547912597656,509.9888916015625,435.6385498046875,122.73377227783203,277.0087585449219,264.40240478515625,98.7222900390625,91.45833587646484,74.49950408935547,134.47271728515625,54.85112380981445,162.2694091796875,48.97651672363281,498.8789367675781,70.1454849243164,183.08433532714844,143.14208984375,223.66656494140625,218.11000061035156,425.66461181640625,97.23917388916016,139.12672424316406,89.71368408203125,4293.93017578125
2023-06-09,178.30438232421875,318.63665771484375,121.0778579711914,105.6686782836914,454.0,45.53499221801758,121.9471664428711,155.4635467529297,110.99346923828125,30.713960647583008,131.1036376953125,27.014677047729492,38.868350982666016,311.6929626464844,77.92073059082031,165.2757110595703,635.545166015625,353.7874755859375,145.87493896484375,462.6982116699219,31.778926849365234,100.27009582519531,95.0762939453125,512.8890380859375,436.0100402832031,123.21527099609375,273.5679016113281,265.33685302734375,98.40621948242188,90.36064147949219,76.03241729736328,134.5828857421875,54.94198226928711,162.49217224121094,49.272613525390625,496.1835632324219,70.24736022949219,182.84408569335938,142.31568908691406,224.21986389160156,217.30999755859375,424.3074035644531,96.52014923095703,138.79470825195312,89.13194274902344,4298.85986328125
2023-06-12,181.0928497314453,323.5704345703125,122.47456359863281,111.99822235107422,474.6300048828125,46.2868766784668,122.95658111572266,158.6076202392578,113.81697082519531,32.40940475463867,131.0943145751953,26.885465621948242,38.591575622558594,314.9117736816406,79.03246307373047,167.12364196777344,633.669189453125,354.9483337402344,145.77464294433594,461.73272705078125,32.537315368652344,99.50025939941406,94.80516052246094,518.3427124023438,435.2964172363281,122.81401824951172,276.797119140625,266.9837646484375,99.30792236328125,90.82186126708984,76.67430114746094,133.52688598632812,54.70575714111328,162.09115600585938,49.597694396972656,499.72308349609375,70.1362075805664,183.40771484375,143.15879821777344,226.95787048339844,221.55999755859375,421.7213439941406,95.64832305908203,137.4579315185547,90.30512237548828,4338.93017578125
2023-06-13,180.61988830566406,325.94952392578125,122.66276550292969,112.23870086669922,478.989990234375,46.5803108215332,124.02013397216797,161.6788330078125,115.9509506225586,33.23262405395508,132.04270935058594,27.134662628173828,39.34809494018555,317.7039489746094,79.79167938232422,168.5673828125,639.9003295898438,359.8313293457031,146.54043579101562,460.53289794921875,32.847198486328125,99.61799621582031,95.23523712158203,520.6785888671875,435.69720458984375,123.33121490478516,276.0794982910156,266.9652099609375,99.2614517211914,91.559814453125,77.63237762451172,133.2054443359375,54.92382049560547,161.7703857421875,49.98392105102539,500.7301025390625,69.69159698486328,185.81927490234375,144.31907653808594,234.1510772705078,220.3800048828125,414.8434753417969,95.66631317138672,138.48886108398438,90.99349975585938,4369.009765625
2023-06-14,181.25048828125,328.9233703613281,122.50428771972656,117.61593627929688,479.5299987792969,46.72700881958008,123.65962982177734,161.41453552246094,114.9911117553711,34.869266510009766,131.54991149902344,26.87623405456543,38.82221603393555,313.9193115234375,79.5205307006836,167.9225311279297,643.0205078125,362.1622619628906,147.2880096435547,431.0530700683594,32.096961975097656,99.07093048095703,96.53485107421875,515.1517944335938,437.6522216796875,121.47647857666016,275.7391052246094,266.86346435546875,104.91333770751953,92.85118865966797,76.54976654052734,134.45433044433594,55.29634094238281,163.2228546142578,50.48923110961914,505.698974609375,69.85832977294922,185.27413940429688,145.98019409179688,232.12860107421875,216.89999389648438,415.008544921875,94.515869140625,137.2482452392578,89.63611602783203,4372.58984375
2023-06-15,183.28025817871094,339.4149475097656,123.91089630126953,121.73301696777344,490.9100036621094,47.61643981933594,124.7411880493164,162.29852294921875,115.18681335449219,35.10447311401367,133.03750610351562,27.106969833374023,39.080543518066406,315.1437072753906,80.4876480102539,167.28729248046875,660.4227905273438,368.51019287109375,149.2663116455078,438.4980163574219,32.415000915527344,99.74563598632812,98.18970489501953,529.9986572265625,443.72259521484375,121.17327117919922,277.8643493652344,270.72149658203125,104.49503326416016,93.51534271240234,78.06351470947266,136.31845092773438,56.05620193481445,165.4862823486328,50.76602554321289,507.5981140136719,71.1365737915039,188.24008178710938,149.41934204101562,236.27853393554688,219.41000366210938,418.1264343261719,95.1719741821289,138.28793334960938,90.1112060546875,4425.83984375
2023-06-16,182.20628356933594,333.78887939453125,122.36560821533203,120.68450927734375,495.17999267578125,47.74481201171875,123.9119873046875,161.08642578125,114.3201904296875,35.64347839355469,133.19557189941406,26.940841674804688,38.91447830200195,313.8172302246094,79.61996459960938,165.74732971191406,652.6129760742188,364.1154479980469,149.72216796875,431.5331115722656,32.66779327392578,99.67269897460938,99.29296875,532.1677856445312,437.64239501953125,123.62545776367188,276.3555908203125,271.72998046875,105.59192657470703,93.96733093261719,77.85274505615234,137.3193359375,56.459014892578125,165.7803192138672,50.05794143676758,502.2936706542969,72.04429626464844,187.53785705566406,149.06875610351562,233.9889373779297,219.99000549316406,421.0793762207031,94.4888916015625,137.39678955078125,88.5405044555664,4409.58984375
2023-06-20,182.29493713378906,329.61566162109375,121.93965148925781,117.39469909667969,485.8599853515625,47.26800537109375,122.5419921875,158.89927673339844,111.65507507324219,34.30085372924805,132.51687622070312,26.645496368408203,38.64693069458008,306.7767333984375,78.3907241821289,163.05239868164062,641.6273803710938,361.0106506347656,149.6309814453125,441.792236328125,32.08065414428711,100.50238037109375,99.76043701171875,522.3623046875,441.7870788574219,122.89427185058594,277.3031005859375,271.1193542480469,101.82711029052734,93.41386413574219,77.01920318603516,136.05213928222656,56.08366394042969,165.1298370361328,49.617000579833984,498.5047912597656,71.8960952758789,185.1632537841797,147.97528076171875,230.05841064453125,212.3699951171875,420.35491943359375,92.32284545898438,134.26895141601562,87.01830291748047,4388.7099609375
2023-06-21,181.26034545898438,325.2377014160156,119.4136962890625,117.4524154663086,477.4800109863281,46.62615203857422,120.49602508544922,155.36331176757812,107.87173461914062,32.242801666259766,132.32159423828125,26.368610382080078,38.425506591796875,301.53582763671875,78.03822326660156,161.61830139160156,639.8538818359375,358.4953918457031,149.40310668945312,448.71942138671875,31.721847534179688,101.3503189086914,99.33972930908203,520.9262084960938,442.8134765625,122.03825378417969,276.6499938964844,272.4886169433594,102.23612976074219,93.96733093261719,77.47909545898438,137.22755432128906,56.23930358886719,165.23675537109375,49.71355438232422,498.4280700683594,71.8960952758789,186.45681762695312,144.93679809570312,230.37322998046875,212.0800018310547,427.37945556640625,93.3564453125,135.31741333007812,85.94207763671875,4365.68994140625
2023-06-22,184.25575256347656,331.2342224121094,121.98918151855469,115.99027252197266,477.5799865722656,46.873722076416016,118.22472381591797,157.32266235351562,108.46813201904297,32.05659484863281,129.77410888671875,25.80561637878418,37.881187438964844,296.44317626953125,76.3751449584961,161.94557189941406,630.8833618164062,357.6939392089844,150.98934936523438,450.8842468261719,31.58321762084961,103.6844253540039,101.20964813232422,523.263671875,447.3882141113281,122.52870178222656,277.091552734375,271.35986328125,102.68231964111328,93.0264663696289,78.06351470947266,137.6958465576172,56.62381362915039,166.94769287109375,50.128753662109375,502.8212890625,72.24808502197266,185.39425659179688,143.05862426757812,226.42364501953125,205.61000061035156,424.9859313964844,92.84412384033203,133.36033630371094,85.7966537475586,4381.89013671875
2023-06-23,183.94041442871094,326.6612548828125,121.18680572509766,114.12409973144531,484.7200012207031,46.149349212646484,116.65644836425781,152.81161499023438,105.70050811767578,32.34080123901367,129.0953826904297,25.611797332763672,37.46601867675781,291.9257507324219,75.54362487792969,161.76272583007812,631.8771362304688,359.6470642089844,150.86170959472656,448.9548034667969,31.232563018798828,104.48675537109375,101.02263641357422,519.202880859375,448.5221862792969,121.20004272460938,276.751220703125,268.2234802246094,101.80850219726562,90.71116638183594,78.61920166015625,136.32762145996094,56.02873611450195,165.80706787109375,50.0354118347168,503.0514221191406,71.4237060546875,184.8768310546875,141.31398010253906,223.6570281982422,205.41000366210938,421.25360107421875,92.03524017333984,132.23324584960938,85.41851806640625,4348.330078125
2023-06-26,182.55113220214844,320.4013671875,117.22451782226562,112.33490753173828,479.510009765625,46.03931427001953,118.3779525756836,153.7866973876953,108.68244171142578,32.67401123046875,129.4114990234375,25.925600051879883,37.447574615478516,289.74591064453125,75.55265045166016,160.83872985839844,631.6170043945312,356.5606689453125,149.17514038085938,450.8937072753906,30.082752227783203,103.10089111328125,101.45272827148438,517.043701171875,442.57891845703125,120.33506774902344,283.26495361328125,267.4648132324219,103.87220001220703,90.60970306396484,78.29344177246094,136.4653778076172,56.04704666137695,164.75555419921875,49.90345764160156,502.072998046875,70.98837280273438,187.1775360107422,144.20220947265625,226.05157470703125,205.5800018310547,415.2377624511719,93.73391723632812,134.55728149414062,86.00025177001953,4328.81982421875
2023-06-27,185.3001708984375,326.2225036621094,117.2146224975586,113.35456848144531,489.2699890136719,46.635318756103516,119.2792739868164,160.67633056640625,111.62711334228516,33.418827056884766,129.42079162597656,26.064041137695312,37.7427978515625,290.75701904296875,76.3118667602539,161.87818908691406,635.7679443359375,360.2459716796875,148.86517333984375,454.1878967285156,29.699474334716797,103.31970977783203,100.77955627441406,504.752197265625,454.0549011230469,118.23960876464844,288.6470642089844,269.509521484375,105.61054992675781,91.06169891357422,79.32815551757812,137.7601776123047,55.92803192138672,165.94070434570312,49.72321319580078,508.7012634277344,70.1454849243164,187.8797149658203,145.804931640625,229.6195831298828,209.42999267578125,415.558837890625,93.96762084960938,134.13790893554688,86.34929656982422,4378.41015625
2023-06-28,186.47271728515625,327.47052001953125,119.04718017578125,112.09442901611328,482.42999267578125,46.64448928833008,118.75650787353516,159.44607543945312,109.53044891357422,32.8994140625,128.85362243652344,25.907140731811523,37.475250244140625,290.95184326171875,75.9141845703125,163.4085235595703,636.3065185546875,360.7158203125,148.5643310546875,446.5546875,29.59347152709961,102.51737976074219,100.61126708984375,505.27703857421875,448.3853454589844,118.15933227539062,281.9952697753906,269.9165954589844,105.07135772705078,90.96023559570312,79.19403839111328,137.73260498046875,55.40620040893555,163.6951904296875,49.99357223510742,511.0704650878906,70.31221771240234,187.10362243652344,146.6313018798828,230.74526977539062,210.72000122070312,412.3582458496094,94.73158264160156,135.35232543945312,86.12630462646484,4376.85986328125
2023-06-29,186.80772399902344,326.69049072265625,117.97736358642578,113.2968521118164,483.7699890136719,46.95624542236328,120.82950592041016,161.11380004882812,110.0150146484375,32.252601623535156,133.35360717773438,26.451683044433594,39.163578033447266,299.6990966796875,77.04400634765625,165.6222381591797,639.0831298828125,364.6959533691406,149.60362243652344,448.427734375,29.454835891723633,103.5202865600586,100.65800476074219,509.4765930175781,454.04510498046875,118.80133819580078,283.2004699707031,272.4423522949219,105.38743591308594,91.02478790283203,80.22874450683594,137.1724090576172,54.94844055175781,163.85556030273438,49.65563201904297,510.0057373046875,70.91426086425781,190.77175903320312,146.9568634033203,233.00625610351562,211.8300018310547,419.4928894042969,95.89998626708984,136.505615234375,86.24264526367188,4396.43994140625
2023-06-30,191.12347412109375,332.0435485839844,118.57170867919922,114.5569839477539,488.989990234375,47.44221496582031,120.60417175292969,164.057373046875,110.92823791503906,32.772010803222656,135.222412109375,26.4793701171875,39.37576675415039,299.18896484375,77.18861389160156,167.6626434326172,641.8038940429688,369.3486022949219,150.898193359375,452.38079833984375,29.911495208740234,105.20703887939453,101.92958068847656,516.7662353515625,458.43414306640625,120.13892364501953,285.7949523925781,276.08770751953125,102.59866333007812,91.37531280517578,81.2347183227539,139.339599609375,55.13154602050781,165.0496368408203,50.58900451660156,516.4228515625,71.35887908935547,191.72344970703125,149.6280517578125,234.73306274414062,211.16000366210938,422.1889953613281,96.39431762695312,137.4754180908203,86.56259155273438,4450.3798828125
2023-07-03,189.6356201171875,329.5571594238281,118.76982879638672,112.69082641601562,485.2099914550781,47.51557540893555,120.4780044555664,163.82041931152344,111.90669250488281,32.94841384887695,136.31021118164062,26.950075149536133,40.040035247802734,302.9642333984375,78.10149383544922,168.85610961914062,644.06982421875,365.69091796875,148.91989135742188,449.7830810546875,29.887033462524414,104.24057006835938,100.24662780761719,514.1513671875,451.044189453125,120.3885726928711,285.2245178222656,272.7846984863281,101.42738342285156,91.45833587646484,80.70777893066406,140.0374755859375,55.461124420166016,165.38824462890625,50.91729736328125,518.974365234375,71.45149230957031,192.46261596679688,153.40110778808594,235.95416259765625,210.9199981689453,424.2065124511719,96.58306121826172,137.35311889648438,87.74546813964844,4455.58984375
2023-07-05,188.52218627929688,329.7131652832031,120.60238647460938,111.54612731933594,487.260009765625,47.58948516845703,120.99174499511719,160.87684631347656,109.14836883544922,31.86058807373047,135.4021453857422,26.83931541442871,40.11383056640625,296.8791809082031,77.65860748291016,168.9812469482422,643.3734130859375,368.1601257324219,148.42758178710938,443.5146484375,29.732101440429688,103.66618347167969,100.38687896728516,515.6272583007812,455.2278747558594,122.71593475341797,285.942138671875,274.69061279296875,99.55889892578125,90.82186126708984,81.14849090576172,139.7987060546875,55.87309646606445,166.26156616210938,50.88832092285156,519.0608520507812,71.201416015625,190.73477172851562,150.22906494140625,233.5691375732422,213.30999755859375,424.37158203125,96.0887451171875,136.56680297851562,87.05707550048828,4446.81982421875
2023-07-06,188.99517822265625,332.7553405761719,118.97783660888672,111.05553436279297,481.2900085449219,47.219940185546875,119.11703491210938,159.31846618652344,107.3685531616211,31.331377029418945,134.0635223388672,26.1009578704834,39.56950378417969,290.3396301269531,75.3176498413086,165.0891876220703,632.0441284179688,364.2536926269531,147.3245086669922,441.7640075683594,29.05525779724121,101.88825988769531,100.22793579101562,512.3785400390625,452.7938537597656,122.38599395751953,277.8643493652344,272.8587646484375,97.69973754882812,88.73719024658203,79.94132232666016,139.5691375732422,55.442813873291016,166.27935791015625,50.56646728515625,515.4542236328125,71.23847198486328,188.498779296875,149.65309143066406,229.5146026611328,212.6199951171875,423.3444519042969,92.50260925292969,133.5700225830078,86.03903198242188,4411.58984375
2023-07-07,187.8817138671875,328.8063659667969,118.35379028320312,110.24749755859375,485.2699890136719,47.10906219482422,119.044921875,158.2977752685547,108.03946685791016,31.213773727416992,135.121337890625,26.331697463989258,39.458805084228516,292.3524475097656,75.34476470947266,163.9882049560547,635.2665405273438,362.3096923828125,145.18209838867188,434.44140625,28.97370719909668,99.38094329833984,99.4332275390625,508.8228759765625,441.9141845703125,120.82551574707031,278.5912170410156,270.24969482421875,97.10479736328125,88.59881591796875,79.23234558105469,136.6398468017578,54.710411071777344,163.14266967773438,49.401363372802734,503.63653564453125,70.01580047607422,187.80580139160156,150.0537872314453,233.90301513671875,212.10000610351562,420.6575012207031,92.71831512451172,134.74075317382812,85.94207763671875,4398.9501953125
2023-07-10,185.84210205078125,323.55084228515625,115.35232543945312,110.02627563476562,496.3500061035156,47.48786926269531,119.78399658203125,163.52879333496094,109.13906860351562,32.08599853515625,135.8795928955078,26.451683044433594,39.043636322021484,293.5583190917969,75.38092041015625,165.83277893066406,646.474853515625,367.0821228027344,145.41908264160156,435.824951171875,29.096033096313477,100.25621795654297,100.05963897705078,511.9129333496094,442.9698486328125,119.92491149902344,285.4637451171875,272.46087646484375,98.33184814453125,91.43987274169922,80.06587219238281,136.69496154785156,54.298439025878906,164.22982788085938,49.848731994628906,505.5166015625,70.2936782836914,191.9451904296875,151.3643341064453,237.3660888671875,213.30999755859375,422.1889953613281,94.09342956542969,135.64065551757812,85.41851806640625,4409.52978515625
2023-07-11,185.31988525390625,324.1748962402344,116.03583526611328,110.89505004882812,504.739990234375,48.15306091308594,121.1720199584961,162.9637908935547,108.90608978271484,32.63480758666992,138.0045928955078,26.783939361572266,39.431121826171875,297.64910888671875,76.79093170166016,168.6625213623047,659.5033569335938,365.2302551269531,144.6168212890625,435.6744079589844,29.373287200927734,99.10741424560547,100.5084228515625,514.3001098632812,429.5095520019531,120.88794708251953,288.57342529296875,272.6921691894531,99.8284912109375,92.3254165649414,81.18681335449219,135.97869873046875,54.490692138671875,163.94467163085938,49.77470779418945,508.0394287109375,69.83056640625,192.8599090576172,154.628173828125,241.22024536132812,218.75999450683594,427.6087341308594,95.24388885498047,138.1481475830078,86.76620483398438,4439.259765625
2023-07-12,186.98509216308594,328.7868957519531,117.80896759033203,111.99549102783203,507.3599853515625,46.87810134887695,119.72991943359375,166.19898986816406,110.59276580810547,33.30122375488281,138.68798828125,27.097742080688477,39.91086196899414,302.76947021484375,77.52302551269531,168.36314392089844,674.175537109375,374.5725402832031,144.11544799804688,425.142333984375,29.34882926940918,97.98596954345703,99.90070343017578,520.896484375,430.69232177734375,120.36183166503906,292.12469482421875,273.4970703125,100.17245483398438,93.29395294189453,81.6754379272461,136.68576049804688,54.78365707397461,163.2228546142578,49.90023422241211,516.0585327148438,69.61752319335938,192.6658935546875,155.671630859375,241.93580627441406,217.11000061035156,423.6379089355469,95.71124267578125,139.4761962890625,87.40612030029297,4472.16015625
2023-07-13,187.74378967285156,334.1106262207031,123.36608123779297,113.3758773803711,517.280029296875,47.60796356201172,120.70330810546875,166.8824920654297,114.73021697998047,33.19342041015625,139.36199951171875,27.38385581970215,40.326026916503906,304.8844299316406,77.92073059082031,168.2762451171875,686.9905395507812,379.61212158203125,144.78094482421875,421.4245300292969,29.405906677246094,96.93743896484375,101.21592712402344,521.6195678710938,424.9250183105469,120.44296264648438,289.4382019042969,273.13629150390625,100.2468032836914,93.71826934814453,81.37843322753906,136.77761840820312,55.25055694580078,167.10804748535156,49.60734939575195,516.4901733398438,70.26590728759766,192.8414306640625,154.7283477783203,244.091796875,216.85000610351562,427.69122314453125,93.9586410522461,137.6151885986328,87.71638488769531,4510.0400390625
2023-07-14,187.89158630371094,336.626220703125,124.23779296875,115.13276672363281,514.8300170898438,46.54549026489258,120.2346420288086,164.81378173828125,114.20835876464844,32.48780822753906,140.20452880859375,26.867006301879883,40.18764114379883,302.57470703125,77.53205871582031,167.45529174804688,676.0606079101562,383.2882080078125,145.747314453125,451.9384460449219,29.617931365966797,97.867431640625,101.3944091796875,524.3035278320312,439.35308837890625,122.62482452392578,291.186279296875,272.87725830078125,100.34906005859375,93.72749328613281,81.3592758178711,137.78768920898438,55.75408172607422,167.71401977539062,49.77792739868164,524.40380859375,70.80313110351562,190.4668426513672,154.64486694335938,243.8628387451172,213.1199951171875,425.7929992675781,90.72301483154297,134.1815948486328,85.92269897460938,4505.419921875
2023-07-17,191.14317321777344,337.1040344238281,123.47504425048828,114.76593780517578,522.0,46.94276428222656,120.99174499511719,167.1376953125,114.9911117553711,33.68343734741211,143.58396911621094,27.134662628173828,41.27629089355469,303.5115051269531,78.06534576416016,169.38685607910156,675.9119873046875,384.5503845214844,145.01795959472656,455.6185607910156,29.242816925048828,96.2536392211914,100.5207290649414,520.2427978515625,437.08526611328125,121.56095886230469,290.772216796875,272.63665771484375,101.0555419921875,93.10025024414062,81.5317153930664,136.81431579589844,55.671695709228516,165.41497802734375,49.83907699584961,530.4082641601562,70.00654602050781,192.3424835205078,152.54132080078125,245.6182098388672,211.8699951171875,430.9834289550781,91.11847686767578,134.0592803955078,82.9558334350586,4522.7900390625
2023-07-18,190.88699340820312,350.52069091796875,122.59343719482422,116.58072662353516,532.22998046875,47.34004211425781,122.001220703125,167.39283752441406,114.48792266845703,33.81084060668945,143.8461151123047,28.33449363708496,42.0697135925293,312.8525390625,83.09979248046875,171.94615173339844,686.1824951171875,388.6594543457031,145.00885009765625,470.60247802734375,29.552696228027344,96.60009002685547,100.47376251220703,518.6778564453125,441.053955078125,123.13871002197266,291.42547607421875,271.8409729003906,101.99444580078125,92.94344329833984,81.58921813964844,137.07144165039062,55.45196533203125,164.3634796142578,49.748966217041016,531.0125732421875,70.24736022949219,189.64450073242188,154.06890869140625,251.6762237548828,211.57000732421875,417.8972473144531,90.70503997802734,134.33010864257812,83.33395385742188,4554.97998046875
2023-07-19,192.23687744140625,346.22076416015625,120.8797378540039,114.57289123535156,527.1699829101562,48.43946838378906,122.109375,167.38372802734375,115.94161987304688,33.77163314819336,144.39842224121094,29.100540161132812,42.67860794067383,315.89501953125,84.20248413085938,171.05760192871094,693.9550170898438,389.28607177734375,144.71714782714844,474.08502197265625,29.715784072875977,96.60009002685547,100.78377532958984,530.4345092773438,443.3609313964844,124.13047790527344,293.92791748046875,272.12786865234375,102.1431655883789,93.9304428100586,82.00117492675781,138.00808715820312,56.43156051635742,165.97637939453125,49.765052795410156,531.5113525390625,70.78459167480469,189.57061767578125,155.27928161621094,251.90626525878906,208.60000610351562,414.05487060546875,91.33419036865234,135.15138244628906,84.39078521728516,4565.72021484375
2023-07-20,190.29576110839844,338.21563720703125,118.07642364501953,111.8603515625,516.8800048828125,48.384033203125,124.72318267822266,163.96624755859375,112.4937515258789,32.70341110229492,146.1770477294922,29.248210906982422,43.48126220703125,325.4586181640625,84.78092956542969,171.04795837402344,697.2794799804688,390.44683837890625,153.5055389404297,474.5932312011719,29.984891891479492,98.88859558105469,105.05826568603516,533.1284790039062,453.3902282714844,128.19664001464844,293.5691223144531,274.9034118652344,99.95863342285156,93.05413055419922,81.8478775024414,139.1271209716797,57.11818313598633,168.68531799316406,50.68556213378906,534.2451171875,71.77262878417969,192.1484832763672,156.0472412109375,250.31472778320312,213.61000061035156,418.1815185546875,92.94300079345703,136.64540100097656,83.5860366821289,4534.8701171875
2023-07-21,189.1232147216797,335.1929016113281,118.8886947631836,113.56895446777344,520.22998046875,48.624244689941406,125.22789764404297,167.97610473632812,116.22119140625,33.34042739868164,145.05368041992188,29.515865325927734,42.401832580566406,326.47900390625,84.97074890136719,164.39378356933594,697.5859375,389.9862365722656,155.15565490722656,476.7485656738281,30.498638153076172,100.64828491210938,107.36929321289062,556.8200073242188,451.65020751953125,129.5941162109375,294.8387145996094,273.4970703125,101.38089752197266,94.84363555908203,81.9916000366211,141.31716918945312,57.16394805908203,169.45164489746094,50.972007751464844,535.1084594726562,71.94973754882812,192.7397918701172,156.3477783203125,247.01673889160156,211.8000030517578,417.03521728515625,93.3744125366211,138.64617919921875,84.52651977539062,4536.33984375
2023-07-24,189.92137145996094,336.49951171875,120.38445281982422,113.9743881225586,523.8599853515625,49.067710876464844,125.76869201660156,167.58421325683594,115.64341735839844,32.958221435546875,147.90887451171875,30.134239196777344,42.82621765136719,332.9443664550781,85.56727600097656,162.04696655273438,702.5725708007812,389.5347900390625,155.967041015625,478.7721862792969,30.588336944580078,99.18948364257812,107.67931365966797,566.0609741210938,448.9913635253906,129.08921813964844,299.10760498046875,273.21954345703125,101.11131286621094,94.80673217773438,82.95924377441406,141.76995849609375,57.18226623535156,170.12892150878906,51.27132797241211,540.930908203125,72.22005462646484,193.40505981445312,157.2158966064453,248.66571044921875,215.8699951171875,418.90594482421875,94.83941650390625,141.38082885742188,83.96417999267578,4554.64013671875
2023-07-25,190.77857971191406,342.22308349609375,121.05804443359375,113.85855865478516,525.3400268554688,49.52040481567383,126.480712890625,169.5800323486328,116.54730987548828,33.418827056884766,146.80426025390625,29.672765731811523,41.9589958190918,329.0207214355469,85.34131622314453,160.8011474609375,692.7664794921875,393.8926086425781,157.16131591796875,480.8898620605469,30.221384048461914,98.04066467285156,106.09164428710938,565.4566040039062,447.2514343261719,127.6917495727539,299.1260070800781,270.4902038574219,100.67442321777344,94.93587493896484,83.62031555175781,142.10260009765625,56.99001693725586,170.52099609375,51.2294921875,542.1395874023438,72.55559539794922,193.7376708984375,154.16908264160156,251.2447052001953,214.1199951171875,416.475830078125,94.98323059082031,142.02737426757812,83.02368927001953,4567.4599609375
2023-07-26,191.64569091796875,329.3426208496094,128.05148315429688,111.4935302734375,514.5499877929688,49.16933822631836,127.14771270751953,160.3938751220703,115.56887817382812,33.67363357543945,147.68421936035156,29.912729263305664,42.844669342041016,331.6735534667969,84.54592895507812,162.0083465576172,690.1104736328125,394.703369140625,157.46214294433594,478.13214111328125,30.34369468688965,97.68507385253906,107.17201232910156,568.9232788085938,443.3901672363281,127.93516540527344,303.2292785644531,269.92578125,101.60400390625,93.83818054199219,83.75443267822266,142.25047302246094,57.722412109375,170.73484802246094,51.41294860839844,543.0795288085938,72.6674575805664,192.4256591796875,153.9186553955078,247.65911865234375,232.8000030517578,415.2469787597656,94.45294189453125,140.96145629882812,83.24669647216797,4566.75
2023-07-27,190.38446044921875,322.4685363769531,128.18028259277344,112.36231994628906,513.969970703125,48.96608352661133,128.8601837158203,161.9613494873047,117.27416229248047,33.85983657836914,146.05535888671875,29.488174438476562,42.22654724121094,328.844482421875,83.83190155029297,158.00039672851562,677.0262451171875,364.5484619140625,158.34646606445312,475.5250244140625,29.848968505859375,95.98011016845703,105.82859802246094,554.6708374023438,444.7586975097656,134.20120239257812,303.3396911621094,273.1084899902344,100.08878326416016,92.96188354492188,82.82510375976562,140.55943298339844,57.16394805908203,167.99917602539062,51.22626876831055,538.91650390625,71.87516021728516,181.47662353515625,155.6966552734375,247.63990783691406,233.75,411.42291259765625,94.74954986572266,139.49366760253906,82.76191711425781,4537.41015625
2023-07-28,192.95614624023438,329.9277038574219,131.33029174804688,111.96652221679688,528.8699951171875,48.12533950805664,129.29283142089844,163.69583129882812,120.65681457519531,36.09429931640625,146.88853454589844,29.442028045654297,42.567901611328125,327.6571044921875,83.53085327148438,159.76776123046875,685.634765625,361.3053894042969,159.06666564941406,473.3414306640625,29.74176788330078,96.95567321777344,105.90374755859375,556.4832763671875,448.1702575683594,136.00437927246094,304.8669738769531,272.0352478027344,100.97189331054688,93.39541625976562,83.20834350585938,144.5329132080078,57.2005729675293,169.5853271484375,51.4676628112793,540.3458862304688,70.48632049560547,180.34939575195312,156.84027099609375,249.6820068359375,238.69000244140625,411.7530517578125,93.61709594726562,138.8034210205078,83.50846862792969,4582.22998046875
2023-07-31,193.56704711914062,327.5388488769531,131.46897888183594,113.16352844238281,546.1699829101562,48.07914733886719,129.95074462890625,165.1917266845703,123.16350555419922,35.05546569824219,147.87149047851562,29.53432273864746,42.58635711669922,330.1059265136719,83.52173614501953,163.09970092773438,686.1080932617188,363.4705810546875,152.73065185546875,476.5979309082031,29.7335262298584,97.23832702636719,104.58853912353516,543.4192504882812,444.3286437988281,134.85934448242188,307.139404296875,271.2673645019531,102.61724853515625,93.69061279296875,82.90176391601562,144.43125915527344,56.697059631347656,167.0457000732422,51.45157241821289,537.8037719726562,71.08287811279297,179.37001037597656,156.20587158203125,254.2263641357422,238.85000610351562,409.3412170410156,96.38533782958984,142.98837280273438,86.1844711303711,4588.9599609375
2023-08-01,192.73941040039062,327.9483337402344,130.31002807617188,113.81993865966797,549.0999755859375,48.651954650878906,129.18467712402344,163.69583129882812,123.07964324951172,35.084869384765625,147.1412353515625,29.18360710144043,42.17118835449219,331.822021484375,82.95616912841797,163.84329223632812,679.9887084960938,366.97161865234375,153.97048950195312,475.0638122558594,29.36248207092285,95.98921966552734,103.83697509765625,540.6261596679688,442.90142822265625,133.92169189453125,305.510986328125,269.2967529296875,101.69696807861328,93.4046401977539,82.74847412109375,144.3850555419922,56.550567626953125,166.47540283203125,51.210182189941406,532.81591796875,71.43708038330078,178.7694091796875,154.84521484375,276.7374267578125,238.00999450683594,413.8438720703125,95.8281021118164,141.80018615722656,86.32020568847656,4576.72998046875
2023-08-02,189.75387573242188,319.3288879394531,127.1698989868164,111.69625091552734,530.2999877929688,48.57805252075195,129.94175720214844,158.2537078857422,120.46112823486328,33.70303726196289,145.47496032714844,28.786739349365234,41.60841751098633,325.6813049316406,81.47840881347656,161.0426025390625,666.2266845703125,363.2309875488281,154.90042114257812,475.12030029296875,29.148086547851562,96.37215423583984,102.0426254272461,548.4705810546875,444.26025390625,134.67904663085938,302.22650146484375,267.9551696777344,99.9400405883789,94.2071533203125,82.02033233642578,144.69924926757812,56.724517822265625,167.80311584472656,51.245582580566406,529.8231811523438,72.2759780883789,178.23348999023438,153.05052185058594,275.7019348144531,231.3800048828125,411.3495178222656,94.63269805908203,139.5548095703125,83.67330932617188,4513.39013671875
2023-08-03,188.36456298828125,318.5098876953125,127.23925018310547,110.57648468017578,523.760009765625,49.104671478271484,130.19410705566406,157.66635131835938,110.61138916015625,34.17344665527344,146.36428833007812,28.98978614807129,41.98033142089844,327.5921325683594,81.31421661376953,160.71424865722656,659.4755249023438,353.5295104980469,155.56591796875,475.1767578125,28.859493255615234,96.3995132446289,101.02803039550781,543.141845703125,439.0598449707031,134.3815155029297,303.4685363769531,269.25042724609375,100.990478515625,94.39163970947266,82.41313934326172,145.078125,56.43156051635742,166.74270629882812,51.258460998535156,534.9454956054688,71.38113403320312,176.02520751953125,151.5062255859375,269.83447265625,231.36000061035156,410.76263427734375,96.27748107910156,139.5023956298828,82.8879623413086,4501.89013671875
2023-08-04,179.31927490234375,319.6019287109375,126.90243530273438,110.47030639648438,526.8800048828125,48.624244689941406,130.00485229492188,154.58274841308594,113.22058868408203,34.561946868896484,146.05535888671875,28.888261795043945,41.70139694213867,327.6477966308594,80.99492645263672,159.7484588623047,659.5777587890625,356.4040222167969,154.10723876953125,473.1720275878906,28.875988006591797,95.73393249511719,101.13137817382812,543.3994750976562,439.3824462890625,133.19142150878906,300.32208251953125,265.5496520996094,101.14850616455078,92.8696517944336,81.86705780029297,143.4886932373047,55.580135345458984,164.4971160888672,50.96234893798828,529.5258178710938,71.08287811279297,174.8240509033203,151.03878784179688,265.0312805175781,231.36000061035156,408.7451171875,96.54712677001953,139.18783569335938,83.67330932617188,4478.02978515625
2023-08-07,176.22537231445312,321.873779296875,130.29017639160156,112.0727310180664,529.72998046875,48.975318908691406,131.75335693359375,155.05999755859375,111.20777130126953,34.65047073364258,146.74807739257812,29.423568725585938,41.896663665771484,329.818359375,81.25947570800781,161.24539184570312,661.6856689453125,359.6654968261719,157.80860900878906,480.7110595703125,29.42020034790039,96.72774505615234,101.88292694091797,546.5193481445312,443.8691711425781,135.5355224609375,302.84295654296875,269.60205078125,102.700927734375,93.84740447998047,82.67182159423828,145.00418090820312,56.01957321166992,166.5377655029297,51.65433120727539,535.6360473632812,71.6794204711914,175.1844024658203,152.04881286621094,270.0262756347656,238.25,412.4683532714844,96.34938049316406,139.694580078125,84.18717193603516,4518.43994140625
2023-08-08,177.1614227294922,317.9150695800781,130.16140747070312,111.23291015625,520.5999755859375,49.02151870727539,131.51004028320312,153.013427734375,109.64228057861328,34.44392395019531,145.92430114746094,28.860576629638672,41.35736846923828,323.046875,80.70303344726562,160.19268798828125,647.22705078125,356.1000061035156,157.8815155029297,476.1179504394531,29.3872127532959,97.01950073242188,99.18670654296875,550.4712524414062,509.87078857421875,134.89540100097656,301.5916748046875,267.9181823730469,101.966552734375,92.88807678222656,82.94966888427734,145.16127014160156,55.772396087646484,164.3545684814453,51.70583724975586,533.4393920898438,71.14813232421875,173.38272094726562,150.7132110595703,271.215087890625,238.0399932861328,412.18402099609375,96.82574462890625,139.4849090576172,85.44760131835938,4499.3798828125
2023-08-09,175.57504272460938,314.1903381347656,128.4378204345703,109.17678833007812,513.780029296875,48.956844329833984,129.90548706054688,153.50901794433594,108.62654113769531,33.716094970703125,143.96775817871094,28.482166290283203,40.65072250366211,317.8801574707031,79.87290954589844,158.21287536621094,642.6861572265625,357.1595153808594,157.78125,472.5884094238281,29.552127838134766,96.73686981201172,98.92367553710938,542.349609375,514.3967895507812,135.93222045898438,301.95965576171875,266.669189453125,101.966552734375,92.1686019897461,82.92369842529297,144.9764862060547,55.90056610107422,163.94467163085938,51.789520263671875,536.8734741210938,71.29724884033203,174.85177612304688,149.7281951904297,272.78741455078125,237.86000061035156,415.2469787597656,98.47050476074219,139.66835021972656,84.82707977294922,4467.7099609375
2023-08-10,175.35824584960938,314.8728942871094,128.46755981445312,109.07060241699219,515.8300170898438,49.30791473388672,130.59835815429688,153.775146484375,107.73196411132812,34.10951232910156,143.75245666503906,28.556001663208008,40.60423278808594,315.7559509277344,79.94587707519531,157.94241333007812,647.2548828125,357.2976989746094,156.96072387695312,473.8778991699219,29.45318031311035,96.2536392211914,98.3975601196289,542.0524291992188,509.6167297363281,136.53631591796875,303.0544738769531,266.0862731933594,101.35301971435547,94.27367401123047,82.9044418334961,144.25567626953125,55.772396087646484,163.73971557617188,51.763675689697266,538.5905151367188,71.10151672363281,175.3441619873047,150.57130432128906,272.1067199707031,238.25999450683594,412.7158508300781,98.97381591796875,140.51585388183594,88.96711730957031,4468.830078125
2023-08-11,175.4174346923828,313.0008239746094,128.33876037597656,109.13817596435547,508.45001220703125,49.695953369140625,130.47982788085938,152.5270538330078,106.80009460449219,34.316062927246094,144.58563232421875,28.879032135009766,40.66001510620117,316.0620422363281,80.00062561035156,159.61326599121094,645.954833984375,357.1871337890625,158.4923095703125,478.14154052734375,29.717039108276367,97.95860290527344,98.93305969238281,538.5859375,516.4006958007812,137.2034912109375,304.62774658203125,267.0299987792969,100.47920227050781,93.65233612060547,82.6063003540039,145.0965576171875,56.00127410888672,163.99813842773438,52.06730270385742,540.0004272460938,71.6794204711914,177.13719177246094,148.76876831054688,273.44891357421875,235.72000122070312,416.3841247558594,100.5107421875,143.41650390625,86.31051635742188,4464.0498046875
2023-08-14,177.06521606445312,315.9552307128906,130.09207153320312,111.56111145019531,522.25,49.77910614013672,129.37669372558594,156.45492553710938,106.25031280517578,35.09306335449219,144.8851776123047,28.546770095825195,40.6693229675293,313.2884521484375,79.66310119628906,160.39553833007812,643.4661254882812,358.1085205078125,158.11854553222656,480.8898620605469,29.74176788330078,99.29888916015625,99.67522430419922,535.1787109375,527.0294189453125,137.28460693359375,303.5605163574219,267.2057800292969,100.0608901977539,93.67090606689453,82.9140853881836,143.95997619628906,55.73576736450195,163.6238555908203,51.6796989440918,538.5712280273438,70.57952880859375,176.0595245361328,147.8338165283203,272.7970886230469,236.7100067138672,412.743408203125,100.59161376953125,143.31166076660156,86.10690307617188,4489.72021484375
2023-08-15,175.08200073242188,313.8295593261719,128.55670166015625,113.22145080566406,518.7000122070312,49.2894401550293,129.34022521972656,154.3258056640625,104.06976318359375,34.198036193847656,141.19680786132812,27.633052825927734,39.730224609375,308.15887451171875,78.5958251953125,156.3682403564453,624.7916259765625,356.5975036621094,157.66273498535156,476.899169921875,29.181076049804688,99.07093048095703,98.5854721069336,529.3251953125,535.4736938476562,137.14938354492188,305.5753479003906,266.73388671875,99.04763793945312,92.77139282226562,82.49090576171875,143.03591918945312,55.360416412353516,161.60107421875,51.41484069824219,535.7319946289062,69.57284545898438,174.4708709716797,145.93862915039062,265.9229431152344,232.25999450683594,406.78265380859375,98.00912475585938,139.12672424316406,84.4101791381836,4437.85986328125
2023-08-16,174.21372985839844,313.0674743652344,127.48686981201172,111.33906555175781,514.489990234375,48.92912673950195,128.2188720703125,152.08651733398438,102.6440200805664,32.97842788696289,140.59768676757812,27.033138275146484,39.25602722167969,305.2832946777344,78.44073486328125,155.25758361816406,624.2531127929688,356.32110595703125,157.16131591796875,473.95318603515625,29.25528335571289,99.13477325439453,98.2002944946289,523.8182373046875,535.101318359375,136.63551330566406,306.39422607421875,264.05084228515625,99.02903747558594,91.78839111328125,85.89556121826172,141.57589721679688,55.36956787109375,161.476318359375,51.440677642822266,536.25,69.3677749633789,173.2538604736328,143.81600952148438,263.1809387207031,229.9499969482422,408.2040710449219,96.35990142822266,138.59373474121094,83.7217788696289,4404.330078125
2023-08-17,171.67803955078125,309.6280517578125,128.6953887939453,110.89505004882812,511.6700134277344,50.56440734863281,128.2371063232422,152.12322998046875,102.57878875732422,32.044063568115234,139.13735961914062,27.02390480041504,39.48848342895508,303.80841064453125,78.25830078125,155.0837860107422,625.8873901367188,354.1376037597656,158.63819885253906,464.9176940917969,30.10457992553711,99.3080062866211,98.57608032226562,530.8406372070312,526.6963500976562,135.25607299804688,301.1040954589844,260.775634765625,97.65325164794922,89.55348205566406,84.91455078125,140.55943298339844,55.48858642578125,159.01687622070312,50.28757858276367,524.796875,68.97631072998047,172.78004455566406,143.81600952148438,263.813720703125,224.5399932861328,409.62548828125,98.22657775878906,140.9136199951172,83.30486297607422,4370.35986328125
2023-08-18,172.16151428222656,309.2371826171875,126.2585678100586,112.42022705078125,508.1300048828125,50.85081481933594,128.92083740234375,152.79318237304688,102.59742736816406,32.211265563964844,139.4556121826172,26.867006301879883,39.5163688659668,301.4058532714844,77.43730163574219,154.7457275390625,622.405029296875,351.94476318359375,157.25245666503906,469.1341857910156,30.228260040283203,99.56330108642578,97.4299545288086,527.2947387695312,535.2874755859375,135.36424255371094,301.18682861328125,260.66461181640625,97.43014526367188,90.16552734375,86.09752655029297,140.95675659179688,55.799861907958984,158.77627563476562,51.01108932495117,522.71533203125,69.48896789550781,173.3374481201172,144.23715209960938,262.500244140625,226.64999389648438,412.7250671386719,99.7126693725586,141.92803955078125,83.3436508178711,4369.7099609375
2023-08-21,173.4934844970703,314.51361083984375,127.15998077392578,112.54573059082031,520.469970703125,51.22037124633789,129.71401977539062,154.13307189941406,103.13790130615234,32.5948486328125,139.9330596923828,26.90392303466797,39.507076263427734,298.7436828613281,76.85350799560547,155.37351989746094,623.6495361328125,348.7017517089844,152.56654357910156,468.4189147949219,30.5168514251709,99.96444702148438,97.58026123046875,527.1759643554688,538.8338012695312,135.38226318359375,298.1416015625,259.09185791015625,95.61746215820312,89.45149230957031,86.19371032714844,140.24525451660156,55.32379913330078,157.7693634033203,50.87543487548828,521.055908203125,68.78988647460938,173.68121337890625,141.92080688476562,261.4934997558594,227.22000122070312,414.0364685058594,98.50747680664062,141.45172119140625,83.26608276367188,4399.77001953125
2023-08-22,174.8649444580078,315.080322265625,127.8633041381836,112.49746704101562,519.47998046875,51.238853454589844,128.99378967285156,153.36216735839844,102.01036071777344,32.348960876464844,137.0310516357422,26.248628616333008,38.58657455444336,295.7104187011719,75.69499206542969,153.63510131835938,618.3099975585938,353.3636779785156,151.35403442382812,463.39288330078125,30.37668228149414,97.76715087890625,98.78276824951172,522.015625,542.3701171875,133.65122985839844,298.52801513671875,259.34161376953125,94.3160400390625,89.08981323242188,85.69359588623047,140.30068969726562,54.98506546020508,156.56637573242188,50.713932037353516,516.4132690429688,68.51954650878906,172.80787658691406,140.54783630371094,259.0487976074219,230.07000732421875,415.3661804199219,97.9547348022461,140.28732299804688,83.1788330078125,4387.5498046875
2023-08-23,178.70303344726562,319.51641845703125,131.12229919433594,113.75237274169922,530.7100219726562,51.719276428222656,130.7442169189453,155.85841369628906,103.59451293945312,33.4210319519043,137.95782470703125,26.25786018371582,38.68885040283203,298.9941101074219,76.06900787353516,153.9827880859375,630.3169555664062,360.9093017578125,149.9956512451172,460.6633605957031,30.228260040283203,101.47797393798828,98.76396179199219,540.031982421875,542.0762939453125,132.6053924560547,300.0092468261719,260.7849426269531,91.79685974121094,88.26448059082031,86.56880187988281,141.61282348632812,55.177310943603516,158.7228240966797,51.06600570678711,518.8018798828125,68.51954650878906,173.8019561767578,142.24928283691406,261.761962890625,228.5800018310547,416.8609924316406,97.09390258789062,140.47259521484375,83.21761322021484,4436.009765625
2023-08-24,174.02627563476562,312.6473083496094,128.55670166015625,108.99337768554688,512.4299926757812,51.03559112548828,130.87185668945312,151.9672393798828,101.11577606201172,32.05389404296875,137.82672119140625,26.414762496948242,38.5214958190918,296.7957458496094,76.1146240234375,152.38925170898438,625.1073608398438,356.56982421875,150.5061492919922,459.4021911621094,29.81597900390625,99.79121398925781,97.46753692626953,532.870849609375,536.8255004882812,132.19967651367188,296.7891540527344,261.22906494140625,90.75570678710938,87.93991088867188,84.93376922607422,140.95675659179688,55.03084182739258,157.88519287109375,50.67517852783203,510.9887390136719,68.34246063232422,172.0182647705078,140.665771484375,258.1859436035156,217.30999755859375,415.008544921875,96.36898040771484,139.3170623779297,79.95987701416016,4376.31005859375
2023-08-25,176.2265167236328,315.58843994140625,128.65577697753906,112.03410339355469,525.0599975585938,51.46058654785156,132.51287841796875,154.0045928955078,102.80244445800781,32.70303726196289,137.6582489013672,26.304004669189453,38.33552932739258,296.97198486328125,75.91392517089844,152.90110778808594,627.70751953125,358.55535888671875,152.66415405273438,460.3622131347656,29.99738883972168,100.48416900634766,97.89967346191406,536.4168090820312,542.3602905273438,132.2537841796875,297.03759765625,263.29217529296875,91.88050842285156,88.54269409179688,85.4242935180664,141.8808135986328,55.28718185424805,159.8812713623047,50.97556686401367,513.1990356445312,68.81784057617188,173.07733154296875,142.24087524414062,261.3114318847656,223.41000366210938,413.66961669921875,98.09064483642578,140.35787963867188,80.82279205322266,4405.7099609375
2023-08-28,177.78543090820312,316.29193115234375,129.7750701904297,112.78704071044922,529.9199829101562,51.92253112792969,133.12371826171875,154.8213653564453,104.06976318359375,33.066951751708984,138.1356658935547,26.543975830078125,38.939903259277344,302.3705749511719,76.97207641601562,153.7413330078125,630.5305786132812,360.5499572753906,150.86427307128906,462.39520263671875,29.857213973999023,99.31713104248047,96.56565856933594,539.9823608398438,542.6248779296875,132.9209442138672,299.8436279296875,262.4595031738281,92.61488342285156,89.98934173583984,86.82848358154297,142.10260009765625,55.442813873291016,160.62088012695312,51.26626205444336,515.2940673828125,68.64073181152344,174.5452117919922,142.21559143066406,263.4493713378906,227.05999755859375,414.7976379394531,98.91524505615234,141.31939697265625,81.59843444824219,4433.31005859375
2023-08-29,181.6629638671875,320.8941345214844,133.30157470703125,116.46488952636719,540.5700073242188,52.255126953125,133.51573181152344,156.6476593017578,106.02666473388672,33.745601654052734,139.25904846191406,26.922380447387695,39.051475524902344,308.4742736816406,78.03936767578125,154.7554168701172,641.7017822265625,362.4616394042969,150.88267517089844,463.8539733886719,29.8077392578125,100.28357696533203,97.58026123046875,550.1047973632812,542.605224609375,133.06520080566406,303.0361328125,262.37628173828125,94.60419464111328,91.94602966308594,87.49209594726562,142.18577575683594,55.38788604736328,161.22677612304688,51.69584655761719,521.6177368164062,68.48228454589844,176.06878662109375,144.666748046875,268.4731750488281,227.25,411.2027893066406,99.5042495727539,141.09886169433594,81.83113098144531,4497.6298828125
2023-08-30,185.14585876464844,321.2654724121094,134.5991973876953,116.91859436035156,545.3599853515625,52.4860954284668,133.8895263671875,155.30776977539062,106.29881286621094,33.961978912353516,138.6973419189453,26.802398681640625,38.6237678527832,307.3330993652344,77.77483367919922,154.6877899169922,646.1406860351562,362.35076904296875,150.35006713867188,462.63043212890625,29.601600646972656,100.48416900634766,98.08756256103516,553.6605224609375,536.8157958984375,133.72335815429688,306.12860107421875,262.97760009765625,94.91096496582031,92.02950286865234,88.61737060546875,142.3428497314453,55.360416412353516,161.3604736328125,52.06730270385742,521.1275634765625,68.83647918701172,175.17697143554688,144.8856964111328,270.6781311035156,228.85000610351562,414.8801574707031,100.47381591796875,141.2929229736328,81.71477508544922,4514.8701171875
2023-08-31,185.3629608154297,320.2590026855469,134.886474609375,116.21389770507812,559.3400268554688,52.98499298095703,133.86216735839844,154.23399353027344,107.48126220703125,34.561946868896484,136.98423767089844,26.681419372558594,38.391319274902344,306.5194091796875,77.67449188232422,152.58242797851562,650.532958984375,360.9471130371094,148.4675750732422,448.5594787597656,29.17283058166504,99.36270141601562,96.66901397705078,551.7786254882812,542.899169921875,132.49720764160156,305.8231201171875,261.5172424316406,94.54842376708984,90.36029815673828,88.94437408447266,142.62008666992188,54.77449417114258,159.65997314453125,52.52273178100586,527.8738403320312,68.48228454589844,174.60093688964844,142.6873016357422,269.5277099609375,224.02999877929688,413.90155029296875,100.75474548339844,142.10446166992188,81.13304138183594,4507.66015625
2023-09-01,186.93173217773438,321.1384582519531,134.3812713623047,116.73519134521484,563.2100219726562,53.43770217895508,134.87413024902344,155.85841369628906,108.28834533691406,36.00776672363281,137.4429473876953,26.96991729736328,38.726043701171875,306.2294006347656,78.2218246459961,154.1566162109375,655.7796020507812,364.0684509277344,147.36566162109375,448.2394714355469,29.50264549255371,100.14681243896484,96.62201690673828,551.8973999023438,545.7496337890625,133.6151580810547,308.39703369140625,261.3218994140625,95.47180938720703,90.87960815429688,89.09825134277344,142.77719116210938,54.298439025878906,157.32676696777344,52.186805725097656,523.0400390625,68.29585266113281,175.0189971923828,141.50804138183594,274.4364318847656,223.39999389648438,413.7446594238281,102.86605834960938,144.92713928222656,79.15513610839844,4515.77001953125
2023-09-05,187.16851806640625,325.9164733886719,134.49024963378906,119.67938995361328,564.8800048828125,52.90184783935547,135.04734802246094,155.77578735351562,109.3769302368164,36.10612106323242,135.92642211914062,26.66280746459961,38.6237678527832,302.8154296875,77.39170837402344,154.5236053466797,646.251953125,363.4312744140625,147.54928588867188,452.5407409667969,29.17283058166504,98.0224380493164,94.77131652832031,536.8328247070312,546.8077392578125,131.72181701660156,303.4898681640625,259.666259765625,93.56908416748047,89.80386352539062,88.11725616455078,140.8643798828125,53.84983444213867,156.28585815429688,51.766910552978516,523.501220703125,67.83912658691406,172.51992797851562,138.11355590820312,270.007080078125,222.57000732421875,410.984375,102.8751220703125,146.83245849609375,78.71883392333984,4496.830078125
2023-09-06,180.4691162109375,325.2618103027344,133.19256591796875,120.01725006103516,561.9400024414062,52.80945587158203,134.98353576660156,154.22482299804688,107.62203979492188,36.37167739868164,135.70175170898438,26.420835494995117,38.14027404785156,300.3648681640625,76.77140045166016,152.59207153320312,644.6268920898438,363.9853210449219,145.09751892089844,448.8983154296875,28.340024948120117,97.09245300292969,95.4101333618164,531.5736083984375,548.5319213867188,131.28004455566406,301.8417053222656,256.2059631347656,93.43851470947266,88.9785385131836,87.29012298583984,140.5871124267578,53.81321716308594,156.79733276367188,52.154510498046875,525.3848266601562,67.41034698486328,171.41439819335938,136.71534729003906,271.22467041015625,217.9499969482422,391.3670959472656,103.76314544677734,146.98240661621094,78.51522827148438,4465.47998046875
2023-09-07,175.19053649902344,322.3597717285156,133.98501586914062,120.75086212158203,560.4600219726562,52.467620849609375,134.4912109375,151.1596221923828,99.85163116455078,37.551944732666016,134.54095458984375,26.178869247436523,37.5916862487793,301.1412353515625,76.4794921875,151.41383361816406,646.3853759765625,363.4589538574219,146.95242309570312,456.30560302734375,28.26581573486328,98.41447448730469,94.57404327392578,526.5816040039062,561.5411376953125,134.25531005859375,304.0823974609375,258.89422607421875,91.33992004394531,88.19029235839844,87.95374298095703,141.927001953125,53.4012451171875,158.2959442138672,52.80050277709961,527.2395629882812,68.56616973876953,171.05206298828125,136.65635681152344,269.8153381347656,216.0500030517578,393.2134704589844,103.25570678710938,146.99124145507812,78.1176986694336,4451.14013671875
2023-09-08,175.80224609375,326.6200256347656,135.094482421875,121.9382095336914,560.3599853515625,52.35675048828125,134.63711547851562,151.1137237548828,99.60762023925781,37.384735107421875,134.64390563964844,26.392919540405273,38.12167739868164,304.47100830078125,77.46468353271484,152.0415802001953,645.973876953125,360.80865478515625,147.4390869140625,454.2646789550781,28.24107551574707,99.42652130126953,94.63041687011719,513.3196411132812,574.5014038085938,134.3544464111328,304.3508605957031,259.7220458984375,91.0974349975586,88.35721588134766,87.95374298095703,141.31716918945312,53.4012451171875,158.17929077148438,52.897403717041016,529.7095947265625,68.23059844970703,171.4236602783203,135.64556884765625,270.63031005859375,211.27000427246094,390.58245849609375,104.75991821289062,147.49403381347656,79.09696197509766,4457.490234375
2023-09-11,176.9665069580078,330.2060546875,135.62940979003906,122.31468963623047,564.5,52.51380920410156,135.27528381347656,152.19664001464844,103.49282836914062,37.955196380615234,135.2336883544922,26.504592895507812,38.42850875854492,303.6572570800781,76.178466796875,152.42791748046875,650.9404907226562,359.5619201660156,149.3674774169922,452.9513244628906,27.9854679107666,99.01625061035156,96.2462387084961,510.0213623046875,583.4156494140625,134.37249755859375,304.0361022949219,260.22430419921875,90.27664184570312,88.71888732910156,88.07878875732422,142.9989471435547,53.90476989746094,160.56629943847656,53.08150863647461,537.0037231445312,68.92967987060547,172.99371337890625,135.51927185058594,270.4097595214844,211.00999450683594,388.339111328125,103.44600677490234,144.45082092285156,80.00833892822266,4487.4599609375
2023-09-12,173.9473419189453,324.1772155761719,134.06427001953125,105.8078384399414,542.2100219726562,52.09806442260742,133.3789825439453,150.03997802734375,104.3843765258789,38.22075271606445,136.9935760498047,26.960607528686523,39.553565979003906,309.5031433105469,78.03936767578125,153.07496643066406,652.2593383789062,357.65032958984375,150.2123260498047,453.4426574707031,28.158620834350586,99.39916229248047,96.19927978515625,506.10906982421875,587.0794067382812,134.5798797607422,302.1009826660156,261.1080322265625,89.8196029663086,89.24745178222656,88.65583038330078,140.4854736328125,53.373779296875,159.97401428222656,53.139652252197266,537.0133056640625,67.59676361083984,175.78079223632812,131.88047790527344,270.17962646484375,210.64999389648438,385.7265319824219,106.46348571777344,147.1411895751953,81.13304138183594,4461.89990234375
2023-09-13,171.88526916503906,328.3691101074219,135.42135620117188,107.96048736572266,553.5599975585938,51.996437072753906,133.60691833496094,150.8384246826172,105.70759582519531,38.07322311401367,137.0591278076172,26.876846313476562,39.2839241027832,313.31927490234375,79.59013366699219,153.6930694580078,652.156494140625,360.0144348144531,150.5888214111328,453.3860168457031,28.10090446472168,98.29595184326172,96.47172546386719,506.0198669433594,586.66796875,136.2838592529297,301.7306213378906,262.093994140625,89.66105651855469,89.8873291015625,89.3675537109375,141.46499633789062,53.50194549560547,161.23931884765625,53.15257263183594,537.9456176757812,67.88572692871094,177.9918670654297,132.95018005371094,264.53271484375,208.39999389648438,388.6437683105469,105.51203155517578,146.60311889648438,80.93914794921875,4467.43994140625
2023-09-14,173.3948211669922,330.9486389160156,136.7982940673828,109.71736145019531,552.1599731445312,52.079586029052734,134.33624267578125,152.38937377929688,107.02142333984375,38.03387451171875,139.7177276611328,27.17465591430664,40.027767181396484,322.28924560546875,81.2503433227539,156.24269104003906,661.1171264648438,365.86920166015625,150.35926818847656,456.938720703125,28.158620834350586,99.36080169677734,96.43415832519531,511.06475830078125,579.5462036132812,138.51979064941406,305.20269775390625,264.87518310546875,90.64972686767578,90.10061645507812,90.01192474365234,143.0174560546875,53.944881439208984,162.6302490234375,53.37543487548828,542.7603149414062,68.47296142578125,179.82205200195312,135.3844757080078,270.89874267578125,209.0500030517578,393.1673278808594,107.39680480957031,147.5116424560547,81.90869903564453,4505.10009765625
2023-09-15,172.674560546875,322.6626892089844,136.10487365722656,109.95869445800781,528.8900146484375,51.774696350097656,133.09634399414062,149.24154663085938,106.17681121826172,37.25687789916992,139.3058319091797,26.839624404907227,39.934783935546875,320.39044189453125,80.6482925415039,158.14527893066406,652.3248291015625,358.54608154296875,148.2563934326172,459.8678283691406,28.0926570892334,98.69985961914062,95.57923889160156,510.9557800292969,563.9214477539062,137.14938354492188,297.58258056640625,258.8011474609375,89.78230285644531,89.23819732666016,88.90589141845703,141.81613159179688,53.46503448486328,161.38291931152344,53.17841339111328,534.677978515625,68.20264434814453,179.33897399902344,135.18231201171875,267.62945556640625,208.11000061035156,391.4686279296875,105.74761962890625,146.8677215576172,82.97521209716797,4450.31982421875
2023-09-18,175.5950469970703,321.5292663574219,136.9072265625,108.31765747070312,532.4199829101562,51.839378356933594,132.27581787109375,149.43429565429688,105.81082153320312,37.36507034301758,139.59603881835938,26.76517677307129,40.38108444213867,321.1199951171875,80.92194366455078,154.16627502441406,649.9678344726562,359.70965576171875,149.1930389404297,459.2630615234375,27.73809814453125,98.97525787353516,94.8840560913086,503.2249450683594,559.6309204101562,138.79025268554688,293.74945068359375,258.3267822265625,89.08277893066406,89.72969055175781,88.42501068115234,142.3521270751953,53.7972412109375,160.97010803222656,52.78435134887695,540.7901000976562,68.83647918701172,180.65818786621094,133.45558166503906,269.3456115722656,205.1199951171875,396.8321838378906,106.59940338134766,147.50283813476562,82.43225860595703,4453.52978515625
2023-09-19,176.6803741455078,321.1286315917969,136.73883056640625,108.85822296142578,541.6900024414062,51.58991622924805,133.5795440673828,149.71876525878906,103.90574645996094,35.742210388183594,139.41818237304688,26.66280746459961,40.18582534790039,319.782470703125,80.73951721191406,153.89584350585938,644.4213256835938,359.5157470703125,148.94509887695312,454.16070556640625,28.02669906616211,98.552978515625,94.57404327392578,504.2259826660156,563.23583984375,138.38455200195312,291.2957763671875,258.70819091796875,88.2526626586914,88.36650085449219,87.52095031738281,141.93629455566406,53.686500549316406,160.01889038085938,52.77143478393555,542.3565063476562,68.24925231933594,181.48501586914062,133.0933837890625,268.12799072265625,204.47999572753906,392.6318054199219,106.3184814453125,147.48519897460938,79.44601440429688,4443.9501953125
2023-09-20,173.14816284179688,313.4290771484375,132.47935485839844,108.95476531982422,535.780029296875,51.27579879760742,136.59719848632812,148.7643280029297,102.4980697631836,34.119354248046875,138.8284149169922,26.56973648071289,39.860389709472656,314.9281311035156,79.48977661132812,151.84840393066406,639.2954711914062,356.6806945800781,149.59706115722656,464.9984130859375,27.721609115600586,98.50708770751953,94.20765686035156,500.4101257324219,558.0242309570312,138.4927520751953,287.8236083984375,257.8431396484375,87.71170806884766,88.24594116210938,87.19393920898438,141.81613159179688,53.926422119140625,160.07278442382812,52.94261932373047,541.85693359375,68.75259399414062,180.6395721435547,132.78173828125,267.1116638183594,202.3699951171875,394.1458435058594,105.47577667236328,147.0353240966797,80.04713439941406,4402.2001953125
2023-09-21,171.60894775390625,312.2173767089844,129.21046447753906,105.63407897949219,513.8800048828125,49.28020477294922,134.3636016845703,147.2041778564453,101.31561279296875,34.08000946044922,137.74246215820312,26.104419708251953,39.34900665283203,308.8857421875,77.42818450927734,149.41470336914062,625.592529296875,343.8167419433594,148.44921875,473.51171875,27.086700439453125,97.97467041015625,92.93940734863281,497.139404296875,538.9120483398438,138.33045959472656,284.02752685546875,252.28073120117188,85.42655181884766,86.33560180664062,85.76091003417969,140.5871124267578,53.0959358215332,157.38063049316406,52.29985427856445,533.447998046875,68.24925231933594,177.8432159423828,130.92022705078125,260.8033142089844,199.9499969482422,385.4588623046875,103.98969268798828,145.7122039794922,80.21196746826172,4330.0
2023-09-22,172.45750427246094,309.7550964355469,129.0222625732422,105.24797058105469,512.9000244140625,49.49269485473633,133.93507385253906,147.12161254882812,101.05284881591797,33.617740631103516,136.4225311279297,25.722854614257812,38.33552932739258,306.687744140625,75.97776794433594,147.8404998779297,617.4267578125,343.2442321777344,147.38401794433594,478.1982421875,26.954771041870117,97.61665344238281,92.2066421508789,498.32879638671875,539.3136596679688,137.70838928222656,283.0738220214844,253.21084594726562,84.73636627197266,86.87348175048828,85.75130462646484,140.0696563720703,53.15129089355469,157.28192138671875,52.438743591308594,536.8212280273438,67.53152465820312,176.3103485107422,129.53041076660156,261.790771484375,197.7100067138672,381.86767578125,104.15280151367188,146.67367553710938,78.77700805664062,4320.06005859375
2023-09-25,173.7303009033203,310.2728576660156,129.8741455078125,104.54328155517578,511.6000061035156,49.4095573425293,133.54306030273438,147.66307067871094,103.63360595703125,33.72593307495117,137.09658813476562,25.685632705688477,38.642364501953125,307.5763244628906,75.74061584472656,147.98533630371094,615.0416259765625,343.0318298339844,147.16363525390625,482.14776611328125,27.193893432617188,97.15766143798828,91.56781768798828,501.1732482910156,541.0281372070312,139.43038940429688,283.77752685546875,250.9412384033203,84.50318145751953,86.00175476074219,84.88571166992188,139.2195587158203,52.59764099121094,156.43841552734375,52.671302795410156,536.8499145507812,67.31714630126953,178.24270629882812,129.9768524169922,262.9507751464844,198.77999877929688,381.1753234863281,105.32173156738281,148.81715393066406,78.5443115234375,4337.43994140625
2023-09-26,169.665283203125,304.99658203125,127.35811614990234,101.24192810058594,506.29998779296875,48.69816207885742,130.5892333984375,144.96495056152344,102.96729278564453,33.27349853515625,135.6736602783203,25.285457611083984,37.7962532043457,302.88092041015625,74.95610809326172,145.9475555419922,604.9118041992188,336.2073669433594,146.0249786376953,477.5840759277344,26.71565055847168,96.74458312988281,90.40289306640625,497.139404296875,538.7945556640625,138.76324462890625,280.1202087402344,249.02511596679688,84.10211944580078,85.3155288696289,84.51061248779297,137.98129272460938,52.163944244384766,154.81419372558594,52.48720169067383,531.4105834960938,67.11205291748047,174.55445861816406,127.9468765258789,258.3968505859375,195.63999938964844,377.3441467285156,105.48483276367188,148.01443481445312,77.613525390625,4273.52978515625
2023-09-27,168.15567016601562,305.6316833496094,129.30953979492188,100.9909439086914,502.6000061035156,49.15087127685547,130.52537536621094,145.13011169433594,102.46991729736328,34.040672302246094,136.46934509277344,25.378522872924805,37.99150085449219,301.1318054199219,74.48176574707031,144.76930236816406,601.797119140625,335.274658203125,144.27102661132812,475.9588928222656,26.468280792236328,95.41354370117188,89.74528503417969,493.8687438964844,538.5496826171875,138.0600128173828,279.45355224609375,245.22999572753906,83.40259552001953,84.54582977294922,84.74143981933594,136.151611328125,51.62873458862305,152.16693115234375,52.23525619506836,541.5684814453125,66.2265625,174.5452117919922,128.37646484375,261.45526123046875,195.4600067138672,377.3165283203125,108.91915130615234,150.87240600585938,77.46810150146484,4274.509765625
2023-09-28,168.41221618652344,306.4621887207031,131.06285095214844,102.46786499023438,504.6700134277344,49.77910614013672,129.07583618164062,146.001953125,104.26235961914062,34.60129165649414,138.16375732421875,25.648406982421875,38.03799057006836,304.1716613769531,74.97435760498047,145.0880126953125,603.5275268554688,340.3260498046875,144.05982971191406,481.9776916503906,26.46003532409668,95.74400329589844,92.17843627929688,498.5567626953125,533.3479614257812,137.2666015625,280.9998474121094,247.0438690185547,83.59846496582031,84.4623794555664,86.15524291992188,135.22755432128906,51.49955368041992,152.10409545898438,52.50011444091797,546.4697875976562,66.46891021728516,173.82984924316406,130.9791717529297,264.8395080566406,190.42999267578125,379.3843994140625,108.25764465332031,150.47547912597656,77.69109344482422,4299.7001953125
2023-09-29,168.92526245117188,308.52386474609375,129.62652587890625,102.24583435058594,509.8999938964844,49.668235778808594,127.90888214111328,145.92852783203125,104.22482299804688,34.96520233154297,135.75791931152344,25.480892181396484,37.99150085449219,302.6470642089844,74.50000762939453,144.08360290527344,604.6966552734375,337.4448547363281,143.02220153808594,476.3935546875,27.350557327270508,94.50474548339844,90.98534393310547,501.6788330078125,526.1771240234375,134.3905487060547,279.7684326171875,245.04396057128906,89.18538665771484,84.63856506347656,85.48199462890625,134.78404235839844,51.65642166137695,152.05026245117188,51.65708923339844,542.9428100585938,66.28250885009766,171.6280517578125,131.29083251953125,261.7332763671875,191.67999267578125,377.5380554199219,106.54502868652344,148.7377471923828,78.58309173583984,4288.0498046875
2023-10-02,171.43136596679688,314.4354248046875,132.90530395507812,103.00843048095703,521.1300048828125,50.25028991699219,128.36473083496094,146.7912139892578,104.26235961914062,34.87668228149414,134.58775329589844,24.848058700561523,36.829261779785156,297.9049377441406,73.35062408447266,144.36367797851562,601.4697265625,338.65460205078125,142.47119140625,486.2012634277344,27.9854679107666,94.13756561279297,89.93317413330078,491.3908386230469,527.3135375976562,133.6602325439453,277.6110534667969,239.7512969970703,88.19669342041016,84.50874328613281,85.28965759277344,134.16490173339844,51.195037841796875,151.80796813964844,51.711997985839844,549.0453491210938,65.95625305175781,169.64923095703125,130.62539672851562,260.5061340332031,187.8300018310547,376.48565673828125,104.77803802490234,146.90301513671875,79.1842269897461,4288.39013671875
2023-10-03,170.09938049316406,306.2179260253906,131.1817169189453,100.8944091796875,507.0299987792969,49.924591064453125,127.99090576171875,144.31332397460938,103.40837860107422,35.102901458740234,133.5954132080078,24.112852096557617,35.95524597167969,286.32550048828125,71.17044067382812,140.0853271484375,585.035400390625,329.14276123046875,142.6457061767578,481.3824157714844,27.952482223510742,93.42153930664062,89.98954772949219,495.1769714355469,514.4807739257812,132.9209442138672,270.3056945800781,236.71896362304688,88.69103240966797,82.97862243652344,84.49137878417969,134.442138671875,50.6413688659668,150.4888458251953,51.385772705078125,543.019775390625,65.6859359741211,168.2835693359375,129.5051727294922,257.86956787109375,188.9199981689453,372.8022155761719,104.95927429199219,147.24700927734375,77.11905670166016,4229.4501953125
2023-10-04,171.3425750732422,311.6604309082031,133.96527099609375,103.36561584472656,518.4199829101562,49.73847961425781,128.61090087890625,144.97409057617188,103.08928680419922,35.338958740234375,134.19456481933594,24.14077377319336,36.23419189453125,288.6451110839844,72.14649963378906,141.6112823486328,595.380615234375,334.5544128417969,142.81100463867188,482.46905517578125,27.46599578857422,93.78872680664062,89.85801696777344,497.9918212890625,520.622802734375,133.1553497314453,270.722412109375,237.9467315673828,89.43719482421875,84.52729797363281,84.67411041259766,134.88563537597656,50.78901672363281,151.57464599609375,52.00269317626953,549.5162963867188,65.76982879638672,169.5470428466797,129.4798583984375,254.09219360351562,186.72999572753906,370.49432373046875,101.03564453125,143.81570434570312,76.90575408935547,4263.75
2023-10-05,172.5758819580078,312.0512390136719,133.79684448242188,104.59154510498047,516.4400024414062,49.38486099243164,129.0211181640625,142.34939575195312,103.0423812866211,35.29961013793945,134.7603759765625,24.252450942993164,36.541019439697266,290.4222717285156,72.20125579833984,142.63916015625,598.9067993164062,333.6309509277344,144.29859924316406,487.76971435546875,27.597929000854492,95.10142517089844,90.37472534179688,493.60113525390625,530.4385375976562,132.93898010253906,270.08349609375,234.61676025390625,89.34392547607422,85.6586685180664,84.47215270996094,132.8804473876953,48.3344612121582,143.66883850097656,51.38254165649414,547.3253173828125,64.56742095947266,167.2430419921875,129.19349670410156,250.0367431640625,186.2899932861328,366.820068359375,98.7612075805664,144.57427978515625,78.35040283203125,4258.18994140625
2023-10-06,175.1214599609375,319.7705383300781,136.28318786621094,106.14570617675781,526.6799926757812,49.73847961425781,129.486083984375,144.0839080810547,104.05592346191406,35.59467315673828,136.83509826660156,24.261754989624023,36.90364074707031,292.274169921875,73.27765655517578,144.80169677734375,606.3523559570312,336.1981201171875,144.75772094726562,495.87677001953125,27.317575454711914,95.35847473144531,91.01353454589844,494.1263427734375,553.6943359375,133.65122985839844,271.1205139160156,230.88681030273438,90.5750961303711,86.10377502441406,85.17423248291016,133.14842224121094,49.035762786865234,143.83929443359375,50.5201301574707,535.8023071289062,64.71654510498047,171.5537109375,129.9431610107422,255.0605010986328,187.3800048828125,369.9403991699219,97.11201477050781,143.10121154785156,80.41557312011719,4308.5
2023-10-09,176.6014404296875,322.2718505859375,137.11526489257812,106.49322509765625,529.2899780273438,50.17584228515625,129.64108276367188,143.82693481445312,104.9192886352539,35.466819763183594,136.5238800048828,24.4851131439209,36.91294479370117,292.3957824707031,72.89453125,144.31680297851562,602.0122680664062,338.4237365722656,145.5841827392578,497.4830322265625,27.375295639038086,95.92760467529297,90.90080261230469,491.72784423828125,560.10107421875,134.4355926513672,273.4722900390625,232.46804809570312,90.360595703125,85.94612884521484,85.3185043334961,132.47386169433594,48.79585266113281,144.79953002929688,50.33602523803711,537.1863403320312,64.60469055175781,173.2816925048828,130.00209045410156,260.1034240722656,188.49000549316406,402.9897766113281,100.51007843017578,147.06179809570312,82.12199401855469,4335.66015625
2023-10-10,176.0094757080078,320.8746032714844,136.75863647460938,105.90438079833984,532.719970703125,50.12931442260742,129.55902099609375,144.68963623046875,105.39788818359375,35.83073043823242,137.3537139892578,25.136558532714844,37.024513244628906,294.41607666015625,73.09520721435547,146.36294555664062,600.4502563476562,341.2956848144531,145.4188995361328,495.3381652832031,27.350557327270508,95.11061096191406,91.65235900878906,491.7476806640625,567.4970092773438,134.23727416992188,277.0462646484375,233.95632934570312,91.05079650878906,86.4097900390625,85.26079559326172,133.78604125976562,49.85702133178711,147.5275115966797,50.90449905395508,540.184814453125,64.77247619628906,173.11447143554688,131.0212860107422,261.9345397949219,193.52999877929688,401.66961669921875,100.08418273925781,146.90301513671875,82.40318298339844,4358.240234375
2023-10-11,177.40065002441406,324.8123779296875,139.2251739501953,106.22409057617188,549.9099731445312,49.933895111083984,130.58013916015625,144.38674926757812,104.28113555908203,36.2733268737793,137.82528686523438,25.145862579345703,36.90364074707031,292.7792663574219,71.97318267822266,146.92539978027344,601.1235961914062,343.43817138671875,143.41705322265625,495.2342224121094,27.301088333129883,94.972900390625,87.03028869628906,488.2589111328125,592.9375610351562,134.64295959472656,275.96295166015625,233.39825439453125,92.01146697998047,85.2691650390625,85.83786010742188,132.1412353515625,49.561737060546875,145.93017578125,51.10799026489258,543.48095703125,64.19456481933594,174.09927368164062,130.8107452392578,261.5702209472656,196.07000732421875,403.10052490234375,96.49583435058594,142.10446166992188,82.2674331665039,4376.9501953125
2023-10-12,178.29849243164062,323.5812683105469,137.6600799560547,105.71060180664062,559.6300048828125,50.1107063293457,128.76588439941406,142.24844360351562,104.60020446777344,36.233985900878906,137.504638671875,25.03418731689453,36.95012664794922,289.8142395019531,70.97888946533203,146.7023468017578,595.0438232421875,337.82342529296875,143.55477905273438,496.56640625,27.14441680908203,95.09224700927734,85.19766998291016,478.2782897949219,598.0511474609375,135.0436553955078,271.3056640625,228.99851989746094,92.57110595703125,84.77767944335938,85.52046203613281,132.4368896484375,48.73124694824219,141.85614013671875,51.34055709838867,541.8088989257812,64.96820831298828,170.88482666015625,130.87811279296875,258.48321533203125,191.3000030517578,400.783447265625,96.47770690917969,142.2191162109375,81.78266143798828,4349.60986328125
2023-10-13,176.4633331298828,320.2297058105469,136.06524658203125,104.87740325927734,548.760009765625,50.03626251220703,126.23140716552734,140.18353271484375,101.9725341796875,35.3782958984375,139.56988525390625,24.903894424438477,38.0844841003418,289.29986572265625,70.96064758300781,146.52783203125,587.083984375,335.87493896484375,144.0323028564453,509.6623229980469,26.47652816772461,95.47779846191406,85.84004211425781,478.56573486328125,596.7776489257812,134.73403930664062,270.2872009277344,230.970458984375,93.18668365478516,84.83330535888672,85.21269226074219,133.702880859375,48.805076599121094,143.5791015625,51.624786376953125,544.7496337890625,66.13335418701172,170.5317840576172,130.62539672851562,256.88201904296875,184.91000366210938,407.1716613769531,99.5586166381836,144.71543884277344,81.78266143798828,4327.77978515625
2023-10-16,176.33505249023438,325.02734375,137.7888641357422,105.32305908203125,550.739990234375,50.39917755126953,126.91515350341797,141.60601806640625,103.70868682861328,35.95859146118164,139.4284210205078,25.117942810058594,38.726043701171875,294.06072998046875,71.818115234375,148.16668701171875,594.3704833984375,339.4118347167969,144.65670776367188,508.36798095703125,27.433013916015625,95.59713745117188,87.0775146484375,484.2052307128906,604.06591796875,134.06930541992188,275.2962646484375,232.48667907714844,95.17335510253906,86.84564971923828,86.25141906738281,134.97808837890625,49.30336380004883,144.54827880859375,52.070526123046875,549.9391479492188,67.25189208984375,173.0122833251953,131.94781494140625,259.6144714355469,184.92999267578125,406.5716552734375,99.63111877441406,145.89743041992188,83.10125732421875,4373.6298828125
2023-10-17,174.7860107421875,324.4606018066406,138.4030303955078,105.6427993774414,560.0900268554688,50.19445037841797,127.9271240234375,141.5692901611328,105.29466247558594,35.466819763183594,139.12669372558594,25.70424461364746,39.03287887573242,289.35589599609375,73.27765655517578,149.71826171875,594.9783325195312,339.1994323730469,143.33438110351562,507.0638732910156,27.00424575805664,95.62467956542969,87.03974151611328,480.4686584472656,595.9058227539062,135.84500122070312,274.0093078613281,233.60284423828125,96.07807922363281,87.33714294433594,87.1458511352539,135.1536407470703,49.89393615722656,143.91111755371094,52.13835525512695,551.9573364257812,67.18665313720703,173.0959014892578,132.39425659179688,261.397705078125,185.60000610351562,407.2362976074219,100.93597412109375,147.82920837402344,83.57634735107422,4373.2001953125
2023-10-18,173.4934844970703,322.5552673339844,136.6595916748047,104.87740325927734,557.8699951171875,50.03626251220703,127.6080322265625,139.33004760742188,104.14974212646484,35.0537223815918,137.5989532470703,25.41574478149414,38.61446762084961,282.4344177246094,68.30612182617188,146.94479370117188,576.8230590820312,332.3564758300781,140.2489776611328,506.5066223144531,25.899333953857422,93.6235122680664,90.27042388916016,463.1140441894531,594.8574829101562,135.93605041503906,268.731689453125,238.15139770507812,96.78691101074219,86.93838500976562,86.99198150634766,138.6373748779297,49.87548065185547,145.4007568359375,52.17710876464844,552.2456665039062,68.10943603515625,170.44821166992188,129.56410217285156,248.52194213867188,185.69000244140625,411.7967834472656,102.34955596923828,149.00238037109375,82.10260772705078,4314.60009765625
2023-10-19,173.1185302734375,323.7375183105469,136.4515838623047,104.96459197998047,555.739990234375,49.61750411987305,125.82111358642578,138.5224609375,104.43128204345703,35.083229064941406,137.01425170898438,25.090024948120117,38.28903579711914,279.8435974121094,66.51818084716797,145.0926055908203,582.2669677734375,330.1956481933594,139.8724822998047,502.32061767578125,25.71793556213379,92.19147491455078,90.15705871582031,465.502685546875,578.7528686523438,132.51217651367188,265.51885986328125,240.3373260498047,96.11538696289062,87.5597152709961,86.39566802978516,137.85719299316406,50.152313232421875,144.08164978027344,51.92840576171875,543.5867919921875,68.22129821777344,169.3333740234375,128.08164978027344,242.4531707763672,182.7899932861328,414.6678466796875,102.4129867553711,149.1611328125,80.71613311767578,4278.0
2023-10-20,170.57298278808594,319.1940002441406,134.3218536376953,98.67679595947266,540.9600219726562,49.254581451416016,125.04620361328125,135.64996337890625,101.94438171386719,34.34556579589844,134.80751037597656,24.4851131439209,37.44292068481445,280.6479187011719,66.70976257324219,137.2862091064453,575.0834350585938,323.24188232421875,140.49691772460938,497.97430419921875,25.272668838500977,94.24771118164062,91.42289733886719,460.23974609375,572.71826171875,133.1586456298828,265.185546875,240.08612060546875,95.76094818115234,87.34642028808594,85.69359588623047,137.67120361328125,50.35531234741211,143.5791015625,51.27918243408203,531.3817138671875,68.74671936035156,168.45079040527344,127.99740600585938,240.14999389648438,180.0399932861328,410.0427551269531,100.65506744384766,147.1588134765625,80.13438415527344,4224.16015625
2023-10-23,170.69140625,321.7833251953125,135.2133331298828,100.43041229248047,540.4099731445312,48.57527542114258,124.33509826660156,134.2825469970703,101.9725341796875,33.29317092895508,132.96861267089844,23.79643440246582,36.7083854675293,279.8716125488281,65.40528106689453,140.21478271484375,574.9898681640625,323.3988952636719,139.0184783935547,492.81536865234375,25.429338455200195,94.8719253540039,90.47823333740234,457.7123718261719,564.891357421875,131.7927703857422,263.9449157714844,236.96078491210938,95.89151763916016,87.3556900024414,84.95303344726562,137.76417541503906,49.903167724609375,143.65089416503906,52.005924224853516,530.7666015625,67.51758575439453,167.7075958251953,124.79664611816406,238.3382568359375,181.02999877929688,411.8798828125,99.17803192138672,141.73397827148438,80.57069396972656,4217.0400390625
2023-10-24,171.12550354003906,322.9656066894531,137.50157165527344,99.98473358154297,539.5599975585938,49.32902908325195,125.62056732177734,134.8331756591797,102.65760803222656,34.02099609375,133.12893676757812,23.7033748626709,36.52241897583008,279.83416748046875,65.277587890625,140.04994201660156,572.801025390625,321.311767578125,138.87156677246094,496.0563049316406,25.09127426147461,94.57818603515625,89.56194305419922,454.19390869140625,580.3495483398438,133.23153686523438,262.31524658203125,239.3048095703125,98.10203552246094,87.74517822265625,86.03984069824219,139.39151000976562,51.342674255371094,145.5443115234375,52.72944259643555,530.334228515625,68.34325408935547,168.5808563232422,125.77371215820312,240.4873046875,182.36000061035156,407.0239562988281,98.21752166748047,138.1791229248047,80.04713439941406,4247.68017578125
2023-10-25,168.8167266845703,332.8735656738281,124.42601013183594,98.2698745727539,521.1400146484375,48.76139450073242,124.97325897216797,130.12518310546875,98.33132934570312,32.28995132446289,132.4027862548828,23.77782440185547,36.28997039794922,277.5707092285156,65.13164520263672,139.17715454101562,569.3309326171875,322.4107360839844,139.18377685546875,500.9789733886719,25.338638305664062,95.12896728515625,88.39057159423828,429.33642578125,574.5014038085938,132.27536010742188,260.1116027832031,240.01173400878906,96.5724105834961,87.17021942138672,85.54931640625,140.04244995117188,51.785606384277344,145.68792724609375,52.5711784362793,528.5562744140625,68.8780746459961,165.4500274658203,123.76057434082031,236.0447235107422,177.72999572753906,413.2923278808594,98.39875030517578,137.49111938476562,78.13709259033203,4186.77001953125
2023-10-26,164.66290283203125,320.3860778808594,121.12738037109375,97.27198028564453,514.280029296875,47.80290985107422,131.06332397460938,132.1625518798828,99.11964416503906,31.985050201416016,132.74229431152344,24.30828857421875,36.866451263427734,277.7858581542969,65.74281311035156,139.00259399414062,567.8251342773438,321.6073303222656,136.8237762451172,499.23101806640625,25.69319725036621,96.8914566040039,88.77788543701172,436.25445556640625,556.5155639648438,132.2207489013672,257.3988342285156,237.96536254882812,93.28927612304688,85.93685150146484,84.56831359863281,139.29852294921875,51.47187042236328,144.84439086914062,52.251399993896484,526.2593383789062,68.56845092773438,163.56411743164062,116.41565704345703,233.62582397460938,179.08999633789062,411.7044372558594,97.50165557861328,136.50318908691406,77.35175323486328,4137.22998046875
2023-10-27,165.97515869140625,322.26214599609375,121.0184097290039,97.84358978271484,508.1199951171875,47.979713439941406,129.93280029296875,131.34579467773438,99.90792846679688,34.95537185668945,127.9610595703125,23.424184799194336,36.0389289855957,271.16363525390625,64.21942138671875,137.03404235839844,559.4163208007812,316.2696838378906,133.70166015625,495.7350158691406,24.82741355895996,94.38542175292969,87.71043395996094,427.5821228027344,548.80615234375,126.51121520996094,255.97283935546875,237.90025329589844,91.38655090332031,85.3340835571289,83.85661315917969,136.84361267089844,50.973575592041016,143.23809814453125,52.05760192871094,521.8675537109375,67.35808563232422,164.43740844726562,113.56864166259766,229.8964080810547,179.69000244140625,409.32275390625,95.6440658569336,127.32946014404297,76.91544342041016,4117.3701171875
2023-10-30,168.0175323486328,329.5904541015625,123.2868423461914,98.4830322265625,526.9400024414062,47.9890251159668,130.03311157226562,130.12327575683594,101.19361877441406,35.102901458740234,129.592529296875,23.908113479614258,36.661895751953125,281.3774719238281,65.1797103881836,138.9347381591797,567.8717651367188,318.66143798828125,135.0147705078125,500.771240234375,25.190217971801758,94.25690460205078,87.85212707519531,430.2581481933594,554.17431640625,129.20663452148438,260.6208801269531,241.9836883544922,94.9494857788086,86.38197326660156,84.89533233642578,138.79640197753906,51.813289642333984,145.62509155273438,52.6551513671875,533.2556762695312,69.31904602050781,166.9922332763672,116.8957748413086,233.36566162109375,182.35000610351562,411.5844421386719,95.94308471679688,128.8643035888672,78.224365234375,4166.81982421875
2023-10-31,168.4911346435547,330.37213134765625,122.9104232788086,100.17850494384766,532.0599975585938,48.510135650634766,131.86557006835938,131.52175903320312,102.28221893310547,35.89957809448242,131.1391143798828,24.513025283813477,36.97802734375,283.97772216796875,65.39208984375,141.61126708984375,572.6983032226562,322.5770263671875,136.21771240234375,506.03399658203125,25.198463439941406,94.27525329589844,89.31633758544922,440.8235778808594,542.6345825195312,128.56005859375,263.5929870605469,243.8626708984375,95.85421752929688,85.5380859375,84.70296478271484,139.51242065429688,52.12702941894531,146.52244567871094,52.78112030029297,530.9108276367188,70.48249816894531,170.25311279296875,118.97627258300781,217.84071350097656,186.82000732421875,419.7082824707031,95.91587829589844,128.54672241210938,79.1066665649414,4193.7998046875
2023-11-01,171.6484375,338.14996337890625,125.2580795288086,102.45529174804688,544.5,48.56596755981445,132.5584716796875,132.59608459472656,104.06527709960938,36.676578521728516,131.02593994140625,24.56886863708496,36.829261779785156,287.2981872558594,65.51211547851562,142.0185089111328,576.3741455078125,324.5069885253906,136.53912353515625,502.2923278808594,25.157236099243164,94.4129638671875,89.75086212158203,437.196044921875,543.1539306640625,129.73477172851562,265.3892517089844,243.67660522460938,94.09141540527344,84.71276092529297,84.693359375,139.12185668945312,52.08089065551758,147.94931030273438,53.25269317626953,535.100830078125,70.30423736572266,170.9312744140625,117.75491333007812,223.4108123779297,189.3800048828125,417.6219482421875,95.72560119628906,127.00310516357422,78.60249328613281,4237.85986328125
2023-11-02,175.20040893554688,340.3485107421875,126.28828430175781,103.54039764404297,558.7100219726562,49.08708572387695,134.0262451171875,136.43032836914062,110.13709259033203,37.079837799072266,133.36465454101562,25.70424461364746,38.001869201660156,293.4714660644531,67.82975006103516,146.28536987304688,602.825927734375,347.1504821777344,137.9624786376953,506.5727233886719,25.148988723754883,94.4129638671875,90.64826965332031,443.5987243652344,568.4570922851562,130.4541473388672,272.70379638671875,248.21585083007812,98.0087661743164,92.7435531616211,86.48224639892578,140.8235626220703,52.68068313598633,149.70811462402344,53.462642669677734,535.2838134765625,70.18225860595703,173.19810485839844,119.59959411621094,230.43606567382812,192.00999450683594,422.84710693359375,98.86993408203125,131.21946716308594,80.75491333007812,4317.77978515625
2023-11-03,174.29266357421875,344.7259521484375,127.88311767578125,104.68363952636719,563.6599731445312,49.32902908325195,134.83766174316406,139.13465881347656,112.16415405273438,37.51259994506836,134.85472106933594,26.448760986328125,39.04314041137695,306.4352111816406,70.4151611328125,148.13758850097656,615.4345703125,353.5962829589844,138.9725799560547,501.6310119628906,25.775651931762695,94.89946746826172,90.53492736816406,450.705078125,556.2316284179688,128.77862548828125,273.7037658691406,249.16461181640625,99.85552978515625,95.19172668457031,87.52095031738281,139.5496368408203,52.357723236083984,149.6722412109375,53.18486785888672,540.0303955078125,70.20103454589844,175.576416015625,120.33238220214844,232.0068817138672,195.0500030517578,418.50811767578125,97.6647720336914,130.20509338378906,82.48074340820312,4358.33984375
2023-11-06,176.83824157714844,348.3706359863281,129.0222625732422,105.71060180664062,565.4500122070312,49.58958435058594,135.8131561279297,136.6062774658203,112.5489273071289,37.44845962524414,135.87315368652344,26.364999771118164,38.780487060546875,302.9651184082031,70.1011962890625,148.36062622070312,610.9916381835938,355.2123718261719,139.30313110351562,504.0498046875,25.709686279296875,95.78072357177734,89.74142456054688,450.9826354980469,583.05322265625,128.57830810546875,272.7408447265625,250.13198852539062,100.03274536132812,96.47146606445312,87.3766860961914,140.35861206054688,52.5699577331543,149.59146118164062,53.255924224853516,548.618408203125,70.56695556640625,174.19216918945312,119.83541107177734,229.62657165527344,192.9499969482422,416.49566650390625,95.93401336669922,129.6670379638672,81.46269226074219,4365.97998046875
2023-11-07,179.39369201660156,352.2790222167969,129.7354736328125,105.5943374633789,585.2000122070312,49.440696716308594,135.68553161621094,135.7635040283203,113.2903060913086,38.25762176513672,135.8071746826172,26.206789016723633,38.499046325683594,303.0025634765625,69.7226333618164,148.35093688964844,606.660888671875,355.138427734375,138.5685272216797,508.1789245605469,25.767406463623047,95.46861267089844,89.55250549316406,455.16522216796875,587.696533203125,129.45249938964844,272.9259948730469,249.90875244140625,102.0007553100586,96.14688873291016,87.29972839355469,140.03311157226562,52.76374053955078,150.02220153808594,53.504638671875,550.0145263671875,70.58573150634766,173.36534118652344,119.48165130615234,226.3885955810547,191.41000366210938,415.5632629394531,94.42981719970703,127.38241577148438,82.01533508300781,4378.3798828125
2023-11-08,180.44940185546875,354.887939453125,130.59727478027344,108.83029174804688,585.3099975585938,49.31972122192383,134.9561767578125,134.49468994140625,112.67090606689453,37.418853759765625,136.4767303466797,25.955514907836914,38.44276809692383,303.5730895996094,70.14738464355469,148.38002014160156,612.6098022460938,356.80999755859375,138.0634765625,507.1395263671875,25.4128475189209,95.8358154296875,89.49581146240234,450.2789001464844,606.5051879882812,129.3341064453125,273.9908752441406,248.81112670898438,102.02873992919922,96.72183990478516,87.28331756591797,139.4937744140625,52.68068313598633,150.2106475830078,53.06858825683594,546.269287109375,70.5950927734375,171.5165557861328,119.56587982177734,226.29220581054688,191.8300018310547,410.4951171875,93.26993560791016,125.60939025878906,81.92808532714844,4382.77978515625
2023-11-09,179.97579956054688,352.4354248046875,129.0123748779297,108.68495178222656,577.739990234375,48.389163970947266,135.18670654296875,132.68869018554688,112.70845031738281,37.30044174194336,136.07119750976562,25.6204891204834,37.898677825927734,300.0375061035156,68.5038070678711,147.7593994140625,609.68212890625,358.010498046875,135.37289428710938,509.284423828125,24.802806854248047,93.98151397705078,88.37169647216797,440.3280029296875,579.2621459960938,125.70079040527344,266.53729248046875,248.27169799804688,99.799560546875,95.32320404052734,87.90113067626953,139.8099822998047,52.283905029296875,149.1068878173828,52.94584655761719,542.3121337890625,70.50127410888672,171.6474151611328,117.88127136230469,225.64654541015625,193.3300018310547,408.4641418457031,93.29713439941406,125.2036361694336,87.59033966064453,4347.35009765625
2023-11-10,184.1548614501953,361.2098693847656,131.3402099609375,109.5472412109375,597.219970703125,48.938194274902344,137.39955139160156,136.31919860839844,116.56550598144531,38.346431732177734,138.08932495117188,25.76008415222168,38.358333587646484,304.4616394042969,69.55643463134766,149.7085723876953,622.0099487304688,363.819091796875,135.21681213378906,511.37261962890625,24.635669708251953,93.07271575927734,88.76841735839844,444.4510803222656,585.5219116210938,126.20161437988281,269.981689453125,249.09019470214844,98.9694595336914,97.28131103515625,88.03627014160156,140.79563903808594,52.33926773071289,149.7888946533203,53.67905807495117,555.6469116210938,70.77336883544922,174.47891235351562,117.69379425048828,230.9757080078125,196.64999389648438,410.68896484375,94.01299285888672,126.09455108642578,85.58334350585938,4415.240234375
2023-11-13,182.5741424560547,358.28826904296875,130.8449249267578,110.59358215332031,590.3400268554688,48.603187561035156,136.55130004882812,135.09666442871094,116.22766876220703,37.724754333496094,137.47633361816406,25.778697967529297,38.24576187133789,305.7710876464844,69.28865814208984,149.66976928710938,618.6895141601562,364.5948791503906,135.5657501220703,512.6576538085938,24.217832565307617,94.06413269042969,90.4876937866211,441.2002258300781,600.216064453125,126.24713897705078,266.7225341796875,250.40170288085938,97.18799591064453,96.51670837402344,87.97835540771484,141.7720489501953,52.533050537109375,150.55166625976562,54.16032409667969,556.7155151367188,71.26126861572266,174.2919921875,117.74491882324219,232.89344787597656,204.5399932861328,410.8366394042969,95.00069427490234,127.02073669433594,86.71773529052734,4411.5498046875
2023-11-14,185.18234252929688,361.7961730957031,132.36048889160156,112.48283386230469,604.3300170898438,49.4779167175293,138.68116760253906,138.85679626464844,119.52165222167969,38.889163970947266,139.98480224609375,27.193269729614258,39.47466278076172,316.8174743652344,72.30802154541016,152.16201782226562,652.268798828125,372.99835205078125,135.59327697753906,510.6640319824219,24.451824188232422,93.78872680664062,91.706298828125,455.1850280761719,599.47021484375,125.7189712524414,281.1294250488281,252.5317840576172,98.6336898803711,98.46550750732422,89.29117584228516,141.4558868408203,52.689918518066406,150.85678100585938,54.150634765625,568.81787109375,71.92745208740234,177.7776641845703,122.00581359863281,238.85865783691406,207.47000122070312,410.08892822265625,95.36646270751953,127.94691467285156,88.2981185913086,4495.7001953125
2023-11-15,185.74545288085938,361.9430236816406,133.35108947753906,110.50638580322266,595.3099975585938,49.58028030395508,140.6819305419922,140.6535186767578,120.98564147949219,40.073307037353516,141.21078491210938,27.56552505493164,40.187599182128906,315.7698669433594,73.5730209350586,154.60574340820312,663.0159912109375,371.2899475097656,136.64012145996094,508.7268981933594,25.229000091552734,93.03600311279297,92.57536315917969,466.3648986816406,577.60400390625,125.30011749267578,285.3515319824219,251.5086212158203,100.56439208984375,98.86647033691406,86.32767486572266,140.8049774169922,52.791419982910156,150.0850067138672,54.838619232177734,574.5752563476562,70.81089782714844,177.1328582763672,125.41448211669922,241.97134399414062,208.7100067138672,410.9382019042969,94.79037475585938,128.3968048095703,91.07106018066406,4502.8798828125
2023-11-16,187.42503356933594,368.30712890625,135.63929748535156,111.09738159179688,602.0599975585938,44.704139709472656,141.12448120117188,140.67205810546875,120.7791748046875,42.77709197998047,142.82337951660156,27.491073608398438,39.89680099487305,314.9000244140625,73.5545654296875,154.23727416992188,668.6842651367188,373.0630187988281,137.83387756347656,510.0591125488281,24.878021240234375,93.6235122680664,94.71025848388672,468.27777099609375,577.810302734375,125.9193344116211,283.7312316894531,256.8385314941406,100.36852264404297,99.96675109863281,85.30445861816406,142.11611938476562,52.73605728149414,150.49781799316406,50.40062713623047,557.0524291992188,71.28941345214844,178.21685791015625,125.19292449951172,239.19595336914062,206.60000610351562,411.3536376953125,93.69304656982422,126.36455535888672,91.63341522216797,4508.240234375
2023-11-17,187.40524291992188,362.1192321777344,134.03456115722656,111.76587677001953,602.6599731445312,44.44358825683594,140.96775817871094,143.20040893554688,121.50177764892578,43.231014251708984,144.11532592773438,27.90055274963379,40.3001708984375,317.257080078125,74.12704467773438,157.64105224609375,670.5173950195312,376.88623046875,137.54920959472656,506.7238464355469,25.003368377685547,93.40319061279297,94.0395736694336,462.2815246582031,580.71533203125,125.93753814697266,284.4996643066406,256.494384765625,98.82955169677734,98.43753814697266,85.75814056396484,140.47952270507812,52.83755874633789,149.6453094482422,50.177764892578125,555.67578125,70.91410064697266,178.68411254882812,126.10475158691406,243.8794403076172,208.0399932861328,410.51361083984375,95.97914123535156,128.7622528076172,91.28437805175781,4514.02001953125
2023-11-20,189.14402770996094,369.5506286621094,134.9657440185547,113.27726745605469,612.7000122070312,44.91817092895508,142.31390380859375,144.05245971679688,121.53931427001953,44.14872741699219,144.55857849121094,27.928470611572266,40.14071273803711,317.5002746582031,73.59149169921875,158.8920440673828,674.3150024414062,380.0444641113281,138.76181030273438,505.5993957519531,25.053508758544922,94.25690460205078,95.59822082519531,464.86834716796875,586.495849609375,125.94662475585938,285.3515319824219,259.5452880859375,99.16532897949219,97.25334930419922,86.43386840820312,139.73556518554688,52.96674728393555,149.429931640625,50.1616096496582,559.18994140625,70.81089782714844,179.2354736328125,127.4597396850586,241.35462951660156,217.7100067138672,409.71044921875,95.55848693847656,128.69091796875,92.13758087158203,4547.3798828125
2023-11-21,188.34378051757812,365.27191162109375,135.67893981933594,112.46345520019531,610.989990234375,44.480812072753906,141.90823364257812,142.0983123779297,119.20255279541016,43.063262939453125,144.25680541992188,27.602750778198242,39.96246337890625,313.3099670410156,72.45577239990234,157.37921142578125,677.7946166992188,382.09454345703125,139.88180541992188,509.8419494628906,25.320924758911133,93.825439453125,96.26892852783203,478.10980224609375,581.5886840820312,126.32909393310547,282.7127380371094,260.884765625,99.3798599243164,96.6845474243164,85.98016357421875,139.12185668945312,53.5480842590332,150.57858276367188,50.34249496459961,562.5596923828125,71.84300231933594,178.71214294433594,127.63013458251953,240.35238647460938,218.27000427246094,413.7169494628906,95.52191925048828,128.38787841796875,91.57523345947266,4538.18994140625
2023-11-22,189.0056915283203,369.9520263671875,137.18458557128906,112.61845397949219,619.719970703125,44.74136734008789,143.03311157226562,142.56143188476562,119.65301513671875,43.09286117553711,144.59629821777344,27.574831008911133,40.131317138671875,316.74261474609375,72.4742202758789,158.8338165283203,680.1328735351562,383.3320617675781,139.60414123535156,513.7819213867188,25.337635040283203,93.33892822265625,97.01519775390625,483.20416259765625,584.0324096679688,126.09232330322266,286.2867736816406,262.2427978515625,100.65766143798828,96.45145416259766,86.82962799072266,140.43301391601562,53.907962799072266,151.85284423828125,49.95812225341797,567.161865234375,72.50917053222656,179.7120361328125,128.4652862548828,237.07583618164062,219.91000366210938,415.7940673828125,95.11042785644531,128.64634704589844,92.1763687133789,4556.6201171875
2023-11-24,187.68186950683594,369.54083251953125,135.40155029296875,112.62815856933594,619.4299926757812,45.00193405151367,143.07919311523438,142.24652099609375,119.88762664794922,43.3790283203125,144.7943115234375,27.667896270751953,40.26265335083008,317.2196044921875,72.62197875976562,159.4447784423828,682.901611328125,383.3320617675781,141.15919494628906,516.9378662109375,25.48805809020996,93.51335144042969,97.17579650878906,486.4254150390625,589.9306640625,126.27444458007812,287.675537109375,262.8101806640625,100.39649963378906,95.8360366821289,86.84893035888672,140.7677764892578,54.04637908935547,151.98745727539062,50.407081604003906,569.35693359375,72.53730773925781,180.74002075195312,129.5560760498047,238.37681579589844,220.0,417.2803955078125,95.62250518798828,129.1544189453125,93.13623046875,4559.33984375
2023-11-27,187.5040283203125,370.6961364746094,135.12420654296875,112.84130096435547,619.27001953125,44.601783752441406,143.4387664794922,141.32965087890625,120.3099365234375,43.49745178222656,144.46424865722656,27.50968360900879,40.35646057128906,315.87274169921875,71.97560119628906,159.0762481689453,683.444091796875,381.5273132324219,140.02992248535156,513.6214599609375,25.18721580505371,93.10944366455078,97.02465057373047,485.7811279296875,580.5386352539062,126.65692901611328,287.87921142578125,262.1590881347656,100.6949691772461,95.44441986083984,86.00912475585938,140.63760375976562,53.944881439208984,151.04519653320312,50.63641357421875,572.7653198242188,72.34965515136719,180.32882690429688,127.47675323486328,238.40573120117188,219.3000030517578,411.2613525390625,95.06470489501953,128.673095703125,92.27333068847656,4550.43017578125
2023-11-28,188.10667419433594,374.7006530761719,135.90675354003906,112.61845397949219,623.3200073242188,44.5273323059082,143.5125274658203,141.60745239257812,118.79902648925781,43.64546203613281,144.7943115234375,27.481765747070312,40.68479537963867,315.816650390625,70.98762512207031,160.64724731445312,689.1310424804688,382.2030029296875,140.35391235351562,510.7300720214844,24.8111629486084,91.96198272705078,96.41061401367188,481.6084899902344,580.6072998046875,125.73719787597656,290.119873046875,262.39166259765625,101.43180847167969,94.3441390991211,86.04772186279297,141.6139678955078,54.05561065673828,151.52980041503906,51.24041748046875,571.8987426757812,73.06275177001953,181.54367065429688,128.45675659179688,238.51171875,222.3699951171875,413.8277282714844,95.00984191894531,129.6981201171875,89.6845932006836,4554.89013671875
2023-11-29,187.089111328125,370.93115234375,133.7175750732422,112.58939361572266,617.3900146484375,44.71344757080078,144.21327209472656,141.88531494140625,120.80123138427734,44.3460807800293,145.52989196777344,28.207658767700195,41.06940460205078,320.8712463378906,72.52962493896484,162.3636474609375,698.9896850585938,383.7392272949219,140.79820251464844,505.4861145019531,25.13707733154297,92.83405303955078,97.89371490478516,488.54638671875,580.8623046875,126.11966705322266,289.905517578125,260.801025390625,102.94278717041016,93.10398864746094,85.04381561279297,140.53529357910156,53.73263931274414,150.00428771972656,50.413543701171875,565.9871826171875,73.0721206665039,181.53431701660156,129.77761840820312,240.3909149169922,224.42999267578125,410.8182678222656,93.58331298828125,128.2720184326172,89.6845932006836,4550.580078125
2023-11-30,187.66207885742188,370.9898681640625,131.28077697753906,112.58939361572266,611.010009765625,45.020530700683594,146.1956024169922,141.43150329589844,121.87786102294922,44.1092529296875,147.18966674804688,28.601652145385742,41.829254150390625,322.0782775878906,73.25908660888672,165.60264587402344,702.6655883789062,384.8405456542969,143.15858459472656,522.4841918945312,25.462987899780273,94.07331085205078,98.5171890258789,491.3611755371094,580.0575561523438,129.66195678710938,292.2077941894531,263.72991943359375,102.84952545166016,92.59115600585938,85.05347442626953,142.75778198242188,54.35581588745117,152.16983032226562,50.28757858276367,570.6856689453125,73.90718078613281,183.08560180664062,129.19815063476562,241.6147918701172,231.6300048828125,416.31298828125,93.94908142089844,127.99568939208984,89.86882019042969,4567.7998046875
2023-12-01,188.9365692138672,366.681884765625,130.6171112060547,113.50979614257812,612.469970703125,45.10429382324219,148.03041076660156,143.74688720703125,122.46339416503906,43.16193771362305,147.90634155273438,29.042543411254883,42.232635498046875,328.57568359375,74.69029235839844,168.50213623046875,707.45458984375,390.5506591796875,146.60194396972656,518.7582397460938,24.159337997436523,94.972900390625,99.07452392578125,491.72784423828125,573.187744140625,130.5907745361328,297.921630859375,267.5851745605469,106.19984436035156,92.4979019165039,85.95121002197266,141.9580535888672,54.541839599609375,152.5315399169922,49.851531982421875,574.065185546875,73.84149169921875,184.82374572753906,132.0103302001953,247.43545532226562,233.8699951171875,417.83782958984375,94.17769622802734,129.0741729736328,89.76216125488281,4594.6298828125
2023-12-04,187.14834594726562,361.4240417480469,128.05148315429688,112.17279815673828,604.5599975585938,44.71344757080078,148.53753662109375,145.7936248779297,122.72783660888672,41.790306091308594,148.99087524414062,28.91121482849121,42.326438903808594,329.48095703125,74.98576354980469,168.007568359375,707.529541015625,392.57745361328125,147.06475830078125,519.820068359375,24.468536376953125,96.44164276123047,99.36736297607422,490.9449157714844,574.7973022460938,131.2646026611328,302.0229187011719,267.7442932128906,107.7627182006836,91.0060043334961,85.49749755859375,141.40008544921875,54.47673034667969,152.9384307861328,49.83861541748047,576.789794921875,74.10421752929688,185.36573791503906,132.87103271484375,245.49844360351562,234.8699951171875,419.02789306640625,93.66561889648438,129.12767028808594,89.20951080322266,4569.77978515625
2023-12-05,191.09030151367188,364.7334289550781,129.75527954101562,110.96174621582031,602.219970703125,44.601783752441406,148.80494689941406,145.63619995117188,123.4833755493164,41.365989685058594,148.97198486328125,28.68607521057129,41.735450744628906,322.2763366699219,74.02548217773438,165.5153350830078,705.537109375,391.614990234375,146.7593231201172,521.6973266601562,24.30975914001465,97.51569366455078,98.57386779785156,487.23809814453125,577.2212524414062,131.64707946777344,301.5382385253906,268.1279602050781,108.00603485107422,89.08517456054688,84.94727325439453,136.47161865234375,54.56044387817383,151.85337829589844,50.300498962402344,582.8265380859375,72.88446807861328,184.04808044433594,131.37118530273438,245.92247009277344,234.16000366210938,414.8904724121094,91.84590148925781,127.33609771728516,88.02664184570312,4567.18017578125
2023-12-06,190.00357055664062,361.0911560058594,128.79443359375,108.53961944580078,595.7000122070312,44.38774490356445,147.78147888183594,144.5248260498047,122.7372817993164,40.72458267211914,147.40655517578125,28.639177322387695,41.74483108520508,322.48382568359375,73.32373046875,162.44125366210938,699.6710205078125,387.45965576171875,144.9728240966797,521.0053100585938,24.059053421020508,96.96489715576172,99.13121795654297,489.428466796875,578.3009643554688,133.29530334472656,303.9710388183594,268.4273376464844,108.66112518310547,90.4651870727539,85.48785400390625,136.36932373046875,54.504634857177734,151.4645538330078,49.7546272277832,584.8290405273438,72.68743133544922,184.8330535888672,132.33413696289062,246.67413330078125,236.88999938964844,417.83782958984375,90.62968444824219,127.04194641113281,88.71503448486328,4549.33984375
2023-12-07,191.9300537109375,363.1962585449219,135.63929748535156,109.35346221923828,608.780029296875,44.90886688232422,147.7261505126953,146.034423828125,125.55165100097656,41.59295654296875,147.8592071533203,28.761123657226562,42.589111328125,324.9828186035156,74.1916732788086,163.5176544189453,701.902587890625,386.2750549316406,143.84353637695312,519.8106079101562,23.92534637451172,95.35847473144531,98.29046630859375,489.7159118652344,577.3391723632812,134.7431182861328,304.02703857421875,268.36187744140625,107.44451904296875,89.92436981201172,85.80641174316406,136.22988891601562,54.63485336303711,151.4193572998047,49.427188873291016,588.21826171875,72.82817077636719,184.8330535888672,133.36529541015625,248.0618438720703,237.3300018310547,415.6993408203125,89.99872589111328,126.94392395019531,89.5391616821289,4585.58984375
2023-12-08,193.35269165039062,366.4076843261719,133.7175750732422,110.07041931152344,610.010009765625,45.020530700683594,149.33047485351562,145.43243408203125,125.5799789428711,42.135684967041016,149.49066162109375,29.042543411254883,43.24576187133789,330.83892822265625,75.97376251220703,163.33340454101562,701.2339477539062,384.424072265625,142.93643188476562,521.2328491210938,24.05069923400879,95.23912048339844,98.72501373291016,485.4242858886719,586.9374389648438,135.93605041503906,304.3066101074219,267.1828308105469,108.47396087646484,90.0828857421875,86.03807830810547,134.97451782226562,54.513938903808594,149.80984497070312,48.908470153808594,588.0546264648438,72.40596008300781,181.86141967773438,133.19483947753906,250.075927734375,244.6999969482422,416.54541015625,91.03203582763672,128.62855529785156,90.28816223144531,4604.3701171875
2023-12-11,190.8531951904297,363.5389709472656,132.0336151123047,111.54306030273438,625.2000122070312,45.96039962768555,150.7595977783203,148.1553192138672,128.5360565185547,43.95136642456055,150.03762817382812,28.93935775756836,43.15195846557617,331.7159118652344,76.47236633300781,163.2946319580078,708.4654541015625,392.17034912109375,143.52882385253906,515.4588623046875,23.933704376220703,95.80827331542969,100.34034729003906,490.59796142578125,573.187744140625,137.72084045410156,308.8367004394531,270.5701599121094,111.00074768066406,91.49088287353516,87.62117767333984,135.59756469726562,54.913883209228516,151.74490356445312,49.03166961669922,600.6477661132812,72.84693908691406,187.2627410888672,132.75172424316406,251.4443817138672,248.0800018310547,419.5577697753906,91.0960693359375,128.66416931152344,89.68506622314453,4622.43994140625
2023-12-12,192.3647918701172,366.55450439453125,131.27088928222656,97.66919708251953,633.6599731445312,45.904571533203125,151.8660430908203,146.2567138671875,129.0837860107422,43.45797348022461,151.3767547607422,28.836170196533203,43.592857360839844,332.51751708984375,77.19257354736328,165.86444091796875,714.9436645507812,395.0023193359375,143.53810119628906,517.3928833007812,23.88356590270996,95.79907989501953,100.77490234375,492.9569091796875,573.8944091796875,139.54205322265625,310.57977294921875,272.6943664550781,111.96466064453125,91.51885223388672,88.0073013305664,135.7091522216797,55.26732635498047,152.33261108398438,49.07057571411133,606.0779418945312,73.73828125,188.30935668945312,132.4022979736328,251.93580627441406,248.6300048828125,419.90179443359375,89.66038513183594,127.01522064208984,88.58589172363281,4643.7001953125
2023-12-13,195.57562255859375,366.5447692871094,131.32041931152344,99.78128051757812,624.260009765625,46.239566802978516,150.8610382080078,149.85939025878906,131.08599853515625,43.9809684753418,151.885986328125,30.0556583404541,44.8029899597168,342.0609130859375,79.06698608398438,169.2779541015625,728.2578125,402.82257080078125,144.20455932617188,520.5121459960938,22.279069900512695,98.32350158691406,101.31333923339844,513.93896484375,586.3975830078125,140.50730895996094,320.0872802734375,276.91455078125,113.39649963378906,91.48155212402344,88.70233917236328,138.16407775878906,55.74168395996094,155.53350830078125,49.942665100097656,618.1128540039062,74.48890686035156,189.77651977539062,134.00440979003906,258.2383728027344,250.91000366210938,419.72515869140625,90.45594787597656,128.8959503173828,90.29788208007812,4707.08984375
2023-12-14,195.72381591796875,358.28125,130.6963348388672,97.18477630615234,584.6400146484375,46.00693130493164,150.20640563964844,156.3146514892578,133.6359100341797,44.582908630371094,154.64910888671875,31.837984085083008,47.382728576660156,361.6189880371094,84.06236267089844,173.44781494140625,759.9896240234375,405.1546936035156,145.20420837402344,506.5088806152344,21.836158752441406,97.89815521240234,102.58861541748047,517.2417602539062,563.0104370117188,141.0354766845703,327.9263916015625,271.3843078613281,113.2561264038086,91.22979736328125,86.82962799072266,134.5188446044922,54.913883209228516,152.1336669921875,49.33317565917969,607.310302734375,71.56150817871094,190.0849151611328,138.35903930664062,274.813720703125,256.239990234375,413.98858642578125,92.88834381103516,133.63783264160156,91.37760925292969,4719.5498046875
2023-12-15,195.1903076171875,362.9808654785156,131.35012817382812,100.10100555419922,584.6799926757812,46.407073974609375,149.5794219970703,156.1849822998047,135.1753387451172,45.549957275390625,155.81845092773438,31.519041061401367,47.19511032104492,358.82769775390625,84.56096649169922,175.04788208007812,771.1663208007812,403.3038024902344,143.62139892578125,503.5508117675781,22.254005432128906,97.18619537353516,101.35112762451172,513.7803344726562,561.4107055664062,140.2705535888672,329.9676818847656,268.8110046386719,113.75212097167969,90.21343231201172,86.1925277709961,133.86795043945312,54.504634857177734,151.00344848632812,49.517967224121094,634.3070678710938,72.2276840209961,190.07557678222656,138.85328674316406,275.363037109375,264.2699890136719,410.7716979980469,92.26652526855469,133.120849609375,90.91069793701172,4719.18994140625
2023-12-18,193.53054809570312,364.8607482910156,134.5199432373047,101.72866821289062,599.1300048828125,46.751380920410156,150.04966735839844,155.05506896972656,133.777587890625,45.0861701965332,156.761474609375,31.35957145690918,46.585357666015625,354.951904296875,83.8038101196289,177.22982788085938,749.9239501953125,403.8868408203125,143.8805694580078,499.2181091308594,22.613340377807617,98.04611206054688,102.0785140991211,514.3654174804688,568.9873046875,139.7059783935547,326.9942626953125,271.580810546875,113.36843872070312,90.03626251220703,86.70416259765625,135.92300415039062,54.89528274536133,152.73046875,50.24092483520508,655.892822265625,73.24100494384766,191.66421508789062,137.685791015625,275.3341064453125,260.4100036621094,415.5133972167969,92.95235443115234,133.41500854492188,90.32707214355469,4740.56005859375
2023-12-19,194.56790161132812,365.4579772949219,135.3619384765625,102.93971252441406,604.6400146484375,46.69554901123047,148.96168518066406,156.0552978515625,135.26979064941406,46.04335021972656,158.85504150390625,31.434612274169922,46.988731384277344,360.6571960449219,84.8749008178711,180.12933349609375,754.5753173828125,404.1182556152344,144.82472229003906,496.8383483886719,23.53257942199707,98.46218872070312,102.41857147216797,523.807373046875,569.0361938476562,139.86988830566406,328.168701171875,272.0486145019531,114.77220153808594,91.11788940429688,88.11348724365234,135.92300415039062,54.71855926513672,151.86239624023438,50.42247772216797,652.5230712890625,73.30667877197266,191.19696044921875,137.72840881347656,282.3207702636719,263.510009765625,416.33160400390625,94.17769622802734,135.16200256347656,91.36787414550781,4768.3701171875
2023-12-20,192.48333740234375,362.8731689453125,137.0360107421875,100.9051284790039,596.0599975585938,46.3419303894043,147.56944274902344,152.9805450439453,132.6348419189453,45.15523910522461,157.06329345703125,30.93743896484375,46.2851676940918,356.0080261230469,84.1546859741211,175.1836700439453,743.1350708007812,395.9462890625,141.87196350097656,489.1493225097656,23.089672088623047,97.4173583984375,101.45503997802734,515.1688232421875,559.61474609375,138.13063049316406,324.9902038574219,270.42047119140625,113.63982391357422,88.31126403808594,86.93582916259766,133.8214569091797,53.583824157714844,149.8188934326172,49.832435607910156,636.4058837890625,72.57483673095703,189.60830688476562,133.7572784423828,279.1888427734375,260.25,411.5062255859375,92.60486602783203,133.92308044433594,88.78043365478516,4698.35009765625
2023-12-21,192.3351287841797,365.7321472167969,139.0963897705078,102.56185913085938,600.1400146484375,46.24887466430664,148.2424774169922,154.4901123046875,134.52366638183594,46.457801818847656,157.9591522216797,31.14381217956543,46.38835525512695,358.88427734375,85.5304946899414,179.19834899902344,752.428466796875,400.4440612792969,143.3251953125,492.894287109375,23.65793228149414,98.36971282958984,102.47525787353516,522.2403564453125,561.3715209960938,138.95016479492188,325.2791748046875,272.666259765625,114.66925048828125,88.88937377929688,88.21002960205078,134.1468963623047,53.9372673034668,150.9762725830078,50.18581008911133,640.4111328125,73.10028076171875,191.61746215820312,133.92770385742188,279.53570556640625,262.0199890136719,416.54541015625,93.0255126953125,134.3330841064453,89.50997161865234,4746.75
2023-12-22,191.26815795898438,366.7503662109375,140.15634155273438,102.89126586914062,598.75,46.61178970336914,149.4964599609375,155.81451416015625,135.5153350830078,47.365638732910156,157.8648681640625,31.35957145690918,46.13507080078125,358.959716796875,85.32735443115234,179.95477294921875,755.5545654296875,402.433837890625,143.89910888671875,493.30194091796875,23.733144760131836,99.58096313476562,102.99481964111328,524.7098999023438,559.7914428710938,141.09011840820312,324.9249572753906,272.95635986328125,101.10883331298828,88.84274291992188,88.6637191772461,135.0953826904297,54.24420166015625,151.61827087402344,50.78557586669922,646.6114501953125,73.65383911132812,192.1688232421875,134.85659790039062,279.8152160644531,260.44000244140625,416.7314147949219,93.19011688232422,134.6361541748047,88.5372543334961,4754.6298828125
2023-12-26,190.72474670410156,366.8287048339844,140.18605041503906,102.88157653808594,598.260009765625,46.788604736328125,150.4830322265625,158.1947021484375,137.37583923339844,49.832603454589844,158.79844665527344,31.762937545776367,46.56658935546875,359.8649597167969,85.7243881225586,180.33299255371094,759.4999389648438,403.7202453613281,144.52850341796875,493.0365295410156,23.741498947143555,99.51624298095703,103.18373107910156,525.3545532226562,560.0662231445312,140.7987060546875,325.5960693359375,274.04180908203125,101.09012603759766,89.2063980102539,89.57110595703125,135.7091522216797,54.46743392944336,152.68524169921875,50.707767486572266,649.5191040039062,74.16051483154297,194.41162109375,134.66908264160156,284.8938293457031,262.7900085449219,418.5536804199219,93.40042877197266,135.8483428955078,88.46916198730469,4774.75
2023-12-27,190.82354736328125,366.25103759765625,139.04685974121094,102.63937377929688,596.0800170898438,46.93749237060547,150.7135009765625,158.5836639404297,137.62139892578125,50.08916473388672,159.7509307861328,31.74418067932129,46.275787353515625,362.5715026855469,86.48153686523438,181.39967346191406,765.7521362304688,407.20928955078125,144.72288513183594,495.6531677246094,23.908634185791016,99.83985137939453,103.7127456665039,527.2886352539062,570.7046508789062,141.0354766845703,324.8690185546875,275.6231689453125,100.25721740722656,88.8520736694336,89.55181884765625,135.8206787109375,54.60695266723633,153.1735076904297,51.1843376159668,656.589111328125,74.21678924560547,195.32742309570312,133.65501403808594,287.29339599609375,262.1000061035156,417.4286804199219,92.96150207519531,135.40269470214844,87.91471099853516,4781.580078125
2023-12-28,191.24835205078125,367.4357604980469,138.90821838378906,102.93971252441406,595.52001953125,46.974708557128906,150.98089599609375,159.03749084472656,137.75363159179688,49.72405242919922,160.5996856689453,31.78169822692871,46.41649627685547,364.3915100097656,86.46307373046875,182.1173095703125,766.84423828125,408.91217041015625,144.93580627441406,497.6537780761719,24.059053421020508,100.5703125,104.28897857666016,528.5679931640625,570.0569458007812,140.91709899902344,323.77838134765625,276.830322265625,101.83880615234375,89.44883728027344,90.0054931640625,135.5138397216797,54.64414978027344,153.16445922851562,51.083839416503906,652.9457397460938,74.3481674194336,195.46759033203125,134.0555419921875,286.09844970703125,260.3500061035156,419.5299377441406,91.6172866821289,133.49522399902344,87.93416595458984,4783.35009765625
2023-12-29,190.21102905273438,368.1799011230469,138.373291015625,102.14525604248047,596.5999755859375,47.01193618774414,150.79649353027344,157.8705596923828,136.5919952392578,49.58590316772461,160.41107177734375,31.58470344543457,46.17259979248047,363.7879333496094,86.10296630859375,181.6712188720703,764.38671875,407.6905212402344,145.0839080810547,499.14215087890625,24.059053421020508,100.80144500732422,103.97724914550781,526.4356689453125,572.0885009765625,141.11741638183594,323.0234680175781,277.4573059082031,101.6048355102539,89.52344512939453,90.55573272705078,136.26708984375,54.81156539916992,153.57138061523438,51.109771728515625,649.9720458984375,74.78913879394531,195.9722137451172,133.98736572265625,284.932373046875,260.6600036621094,421.39874267578125,91.42525482177734,132.95152282714844,87.82715606689453,4769.830078125
2024-01-02,183.4040069580078,363.117919921875,136.8675994873047,100.81794738769531,580.0700073242188,47.002628326416016,148.90635681152344,156.7592010498047,132.43650817871094,47.168277740478516,162.27825927734375,31.800458908081055,46.275787353515625,366.173828125,86.7031478881836,182.6118927001953,753.5584716796875,403.86834716796875,148.07369995117188,511.3442077636719,24.844589233398438,104.70333099365234,103.76942443847656,539.68603515625,581.1961059570312,145.5338897705078,321.6532287597656,277.9532165527344,99.71443176269531,87.34150695800781,90.04412078857422,138.31283569335938,55.63936233520508,156.3473358154297,51.64146041870117,640.6865844726562,75.73680877685547,195.3087158203125,134.93328857421875,282.0798645019531,251.75999450683594,424.0763854980469,93.60160827636719,133.23675537109375,88.23571014404297,4742.830078125
2024-01-03,182.03076171875,362.85357666015625,137.6105499267578,99.26778411865234,571.7899780273438,47.368370056152344,147.61553955078125,154.42529296875,129.9526824951172,46.42819595336914,161.57102966308594,31.45337677001953,45.66603088378906,360.0347595214844,84.86568450927734,180.68209838867188,738.351806640625,397.8249816894531,148.99932861328125,513.8945922851562,24.844589233398438,106.11798858642578,103.45769500732422,524.4818115234375,606.2222900390625,146.11666870117188,315.2962341308594,275.4735107421875,97.36546325683594,86.93124389648438,88.5189208984375,137.47593688964844,55.769588470458984,156.3834686279297,51.64470291137695,634.8176879882812,74.95803833007812,191.1315460205078,134.25152587890625,273.9753112792969,243.91000366210938,426.8656311035156,94.38802337646484,135.77700805664062,89.15007781982422,4704.81005859375
2024-01-04,179.71893310546875,360.2491760253906,135.10440063476562,99.39374542236328,567.0499877929688,46.96511459350586,148.31626892089844,152.32296752929688,128.6021728515625,46.250572204589844,162.64321899414062,31.706655502319336,46.228878021240234,361.1286926269531,85.08727264404297,182.06356811523438,740.0465698242188,397.649169921875,148.68460083007812,517.1084594726562,24.30975914001465,108.18913269042969,104.83688354492188,532.9517211914062,603.081787109375,147.0272979736328,315.6037902832031,272.9937744140625,95.7370834350586,87.22962951660156,89.56147003173828,138.2291259765625,55.583560943603516,155.0452117919922,51.14543914794922,638.4216918945312,75.38024139404297,191.47731018066406,133.78282165527344,275.7099304199219,244.94000244140625,425.7034912109375,93.56502532958984,134.2885284423828,88.08980560302734,4688.68017578125
2024-01-05,178.9977264404297,360.0631408691406,134.45062255859375,99.52938842773438,564.5999755859375,46.97449493408203,146.74880981445312,152.90643310546875,129.1310272216797,46.27030944824219,163.45924377441406,32.297637939453125,46.82925033569336,364.41973876953125,86.09373474121094,183.93148803710938,737.1087036132812,396.0387878417969,149.14744567871094,509.48583984375,24.62731170654297,108.38330841064453,104.66685485839844,526.8720092773438,607.0564575195312,147.646484375,319.6584777832031,270.42047119140625,95.53118896484375,86.70746612548828,88.52857971191406,137.08535766601562,55.499855041503906,152.75759887695312,50.80502700805664,645.96435546875,75.04248809814453,190.19705200195312,135.25711059570312,278.4371337890625,249.0,424.4296875,93.84850311279297,134.0567626953125,88.4205322265625,4697.240234375
2024-01-08,183.32498168945312,366.8580627441406,137.5312957763672,101.39925384521484,580.5499877929688,47.32148361206055,148.57444763183594,156.0923614501953,131.30320739746094,47.8096923828125,163.22201538085938,32.04435348510742,46.82925033569336,366.701904296875,86.34303283691406,184.07742309570312,750.6300659179688,399.9627990722656,149.51766967773438,508.67059326171875,24.719240188598633,108.53124237060547,106.17826080322266,536.9387817382812,614.3975830078125,146.99996948242188,324.3096923828125,273.1434326171875,96.97239685058594,87.82638549804688,89.60008239746094,138.26634216308594,55.90910720825195,152.91131591796875,51.30429458618164,651.5574340820312,75.4365463256836,189.38406372070312,136.27969360351562,281.6365966796875,229.0,426.38214111328125,92.2848129272461,133.2545623779297,89.05280303955078,4763.5400390625
2024-01-09,182.91004943847656,367.93511962890625,139.6214141845703,100.40133666992188,586.2000122070312,46.80569076538086,147.59710693359375,156.1757354736328,132.11541748046875,47.41497802734375,161.93157958984375,31.54718589782715,46.23826599121094,361.8736267089844,85.0041732788086,181.70361328125,748.1160888671875,398.1118469238281,149.61026000976562,510.4245910644531,24.568817138671875,109.50209045410156,106.49000549316406,537.4048461914062,613.8577270507812,147.8013153076172,322.68792724609375,272.1796569824219,96.14884948730469,86.80068969726562,89.85105895996094,138.83358764648438,55.80679702758789,151.15713500976562,51.64794158935547,656.9633178710938,75.83061218261719,188.4215545654297,136.29673767089844,281.6751403808594,225.75999450683594,424.23443603515625,91.14176177978516,129.86749267578125,87.22407531738281,4756.5
2024-01-10,183.94737243652344,374.76922607421875,140.9388885498047,101.07244110107422,591.030029296875,47.11516571044922,148.6574249267578,154.8976287841797,131.56764221191406,46.84264373779297,162.2731475830078,31.519041061401367,46.041259765625,360.1950988769531,84.46863555908203,179.9524383544922,746.0822143554688,400.8512878417969,149.83241271972656,509.7322998046875,24.2261905670166,109.89966583251953,108.06757354736328,539.4678344726562,618.4803466796875,150.15066528320312,332.5776062011719,275.1927490234375,97.1127700805664,87.18299865722656,90.8742904663086,139.42872619628906,55.99281692504883,150.9310760498047,52.28985595703125,662.4579467773438,75.5772933959961,189.14109802246094,137.3875274658203,282.6966247558594,227.83999633789062,423.40704345703125,90.2456283569336,128.7978973388672,86.85443878173828,4783.4501953125
2024-01-11,183.35462951660156,376.5903625488281,140.7407684326172,101.89913940429688,597.489990234375,47.30272674560547,149.51490783691406,153.36952209472656,131.30320739746094,47.010398864746094,161.58999633789062,31.09691619873047,46.00373840332031,358.1109924316406,83.5729751586914,180.01077270507812,746.3175659179688,401.83233642578125,149.1659698486328,511.66650390625,23.733144760131836,109.50209045410156,107.73534393310547,541.5208740234375,623.9073486328125,149.139892578125,332.3258972167969,275.2488708496094,99.10613250732422,86.66083526611328,91.9457778930664,139.95872497558594,55.63007736206055,150.2167510986328,52.23149490356445,663.265380859375,75.58666229248047,188.45892333984375,135.70877075195312,281.4534606933594,222.66000366210938,421.2964172363281,90.22734832763672,129.4931182861328,87.01007080078125,4780.240234375
2024-01-12,183.68064880371094,380.35009765625,141.3053741455078,103.67898559570312,596.5399780273438,47.208953857421875,152.8710479736328,152.6934051513672,132.40818786621094,46.49726486206055,160.40391540527344,30.768587112426758,44.465274810791016,356.2249755859375,82.82505798339844,177.10191345214844,752.8993530273438,404.432861328125,150.31373596191406,494.439697265625,23.98384666442871,109.68701171875,108.1340103149414,539.854736328125,630.9736938476562,149.2961883544922,331.5615539550781,274.6125793457031,98.32001495361328,85.76569366455078,91.73340606689453,140.04244995117188,56.16954040527344,151.24757385253906,52.29958724975586,672.7774047851562,75.91507720947266,187.92623901367188,134.90771484375,279.8634033203125,217.6999969482422,430.6404113769531,91.3978042602539,131.26686096191406,87.88552856445312,4783.830078125
2024-01-16,181.41824340820312,382.1123962402344,141.14691162109375,103.64981842041016,597.6799926757812,47.443397521972656,153.9405975341797,151.7765350341797,133.27703857421875,46.43806076049805,159.39810180664062,30.13070297241211,43.921180725097656,358.7711181640625,79.38094329833984,176.0609130859375,745.1594848632812,404.0163879394531,148.58279418945312,492.2021789550781,23.666290283203125,109.55755615234375,107.98213195800781,537.5536499023438,622.77880859375,148.45042419433594,334.096923828125,272.385498046875,95.19429779052734,86.43704986572266,92.5442886352539,139.2892303466797,55.797489166259766,150.25289916992188,52.46492385864258,671.0543212890625,75.46470642089844,184.81439208984375,132.36822509765625,276.7989196777344,200.52000427246094,425.675537109375,89.33119201660156,128.07591247558594,90.51187896728516,4765.97998046875
2024-01-17,180.4796600341797,381.3291320800781,140.1365203857422,103.51366424560547,596.0999755859375,47.17143630981445,153.1292266845703,150.42433166503906,131.57708740234375,45.45127868652344,158.54415893554688,29.830516815185547,43.78047180175781,355.6873779296875,77.94050598144531,176.09011840820312,741.4400024414062,405.1084289550781,148.49949645996094,497.6917419433594,23.52422332763672,109.22468566894531,108.14350128173828,534.8262329101562,617.2239990234375,148.96524047851562,331.55224609375,272.4510498046875,94.3520278930664,85.56990051269531,91.1156234741211,139.42872619628906,55.797489166259766,150.49703979492188,52.21853256225586,673.712890625,75.96198272705078,184.98260498046875,131.71205139160156,268.5111999511719,203.05999755859375,424.4017639160156,88.68194580078125,127.56787872314453,87.87580108642578,4739.2099609375
2024-01-18,186.3580322265625,385.6371765136719,142.12754821777344,105.72144317626953,593.7000122070312,47.593441009521484,153.82994079589844,154.58273315429688,137.2152862548828,46.12229537963867,158.85728454589844,29.76485824584961,43.56471633911133,355.43280029296875,77.4696044921875,174.91293334960938,748.8128662109375,406.839111328125,149.2215118408203,489.5380859375,23.474082946777344,109.60379791259766,108.22893524169922,539.953857421875,611.7672729492188,150.12356567382812,333.6029052734375,275.44537353515625,94.4643325805664,87.0338134765625,91.46312713623047,138.6248779296875,55.95560836791992,151.15713500976562,52.92203903198242,676.78515625,75.84001159667969,187.01979064941406,133.39085388183594,271.6624755859375,211.61000061035156,427.28399658203125,88.51734161376953,126.40911102294922,89.6948013305664,4780.93994140625
2024-01-19,189.25271606445312,390.3368225097656,145.00021362304688,106.66487121582031,611.5499877929688,48.08110427856445,158.10812377929688,160.82492065429688,143.5146026611328,47.51365661621094,161.59947204589844,30.224506378173828,45.14070510864258,360.42144775390625,78.7992172241211,178.2012481689453,758.3982543945312,409.0139465332031,149.65652465820312,477.42138671875,23.632862091064453,109.92740631103516,108.86489868164062,547.2236938476562,616.9000244140625,151.47494506835938,337.8067321777344,281.21893310546875,95.25043487548828,87.5186996459961,92.18710327148438,138.09152221679688,55.64867401123047,149.9002685546875,52.64323043823242,684.3277587890625,75.86832427978516,187.627197265625,133.69764709472656,276.1934509277344,215.02000427246094,425.6012268066406,88.65451049804688,126.7834701538086,90.5216064453125,4839.81005859375
2024-01-22,191.55462646484375,388.2220458984375,144.61390686035156,107.08309173583984,603.5900268554688,48.36244201660156,159.35287475585938,161.91781616210938,144.3740234375,47.582733154296875,161.40968322753906,30.534067153930664,45.52531051635742,363.9671325683594,79.15933990478516,179.9913330078125,747.645263671875,411.3369140625,150.38778686523438,486.3619079589844,23.65793228149414,110.42669677734375,108.39028930664062,548.850341796875,619.1573486328125,152.044921875,332.47503662109375,279.2351989746094,94.10871124267578,86.78205871582031,91.82992553710938,138.36288452148438,55.4068489074707,149.29446411132812,52.6464729309082,681.905517578125,75.90608215332031,187.87013244628906,135.15484619140625,279.4753723144531,214.92999267578125,426.53094482421875,88.53564453125,127.0063247680664,92.48651123046875,4850.43017578125
2024-01-23,192.8291015625,390.5620422363281,145.65402221679688,108.76568603515625,597.1799926757812,48.54062271118164,160.37631225585938,161.46401977539062,144.96900939941406,48.24387741088867,160.3470001220703,30.74044418334961,46.07878875732422,359.0728759765625,80.0919189453125,180.43887329101562,746.2705688476562,413.2156066894531,147.92559814453125,488.7606201171875,23.75821304321289,110.8057861328125,108.2099380493164,546.221923828125,617.9796752929688,153.9846954345703,326.9662780761719,280.7698059082031,95.36275482177734,85.7563705444336,91.76236724853516,144.08973693847656,55.667274475097656,151.58212280273438,52.77939224243164,677.060791015625,76.84051513671875,189.64572143554688,136.39901733398438,279.6302490234375,211.5,408.7820739746094,89.5323715209961,126.64977264404297,91.21224212646484,4864.60009765625
2024-01-24,192.15731811523438,394.1455383300781,147.29833984375,111.177734375,606.47998046875,48.11861801147461,160.3670654296875,157.50936889648438,145.79066467285156,48.44123077392578,161.77975463867188,30.93743896484375,46.425880432128906,357.78094482421875,80.85830688476562,180.7793731689453,739.8582763671875,412.6695861816406,147.1387939453125,486.5894775390625,23.674646377563477,109.91816711425781,105.14399719238281,535.5602416992188,621.9249877929688,150.96932983398438,323.694580078125,281.1347351074219,94.2958755493164,85.82164001464844,91.65618133544922,142.3492431640625,54.792972564697266,149.73753356933594,52.03374099731445,675.997314453125,75.58516693115234,186.7768096923828,133.43345642089844,281.42138671875,214.1300048828125,401.3254699707031,91.07776641845703,129.17225646972656,90.9496078491211,4868.5498046875
2024-01-25,191.8312530517578,396.4072570800781,150.43844604492188,111.84880828857422,622.5800170898438,49.07517623901367,175.5803985595703,155.05506896972656,145.88510131835938,48.89515686035156,164.09495544433594,31.32204818725586,46.79173278808594,360.89288330078125,81.27381896972656,182.9683380126953,744.2930908203125,415.85321044921875,147.69419860839844,467.788818359375,23.30141830444336,111.07392120361328,106.7386703491211,533.7947387695312,615.9580078125,151.805908203125,327.1434020996094,278.1122741699219,94.30524444580078,86.35314178466797,92.19676971435547,145.6244354248047,55.0255012512207,150.60556030273438,52.7923583984375,669.4886474609375,76.66117858886719,189.2906036376953,136.10076904296875,291.18994140625,201.8800048828125,400.75836181640625,93.39128112792969,132.42564392089844,92.27251434326172,4894.16015625
2024-01-26,190.10235595703125,395.4869079589844,150.75546264648438,111.49869537353516,613.9299926757812,48.89698791503906,172.80514526367188,151.97103881835938,142.34352111816406,43.0731315612793,163.46871948242188,31.35957145690918,47.204490661621094,356.26263427734375,81.00605010986328,195.96588134765625,741.3177490234375,413.3173828125,147.63865661621094,477.080078125,23.30141830444336,111.71189880371094,106.32102966308594,542.8399658203125,627.3719482421875,151.13479614257812,331.1794128417969,273.48040771484375,96.15821075439453,86.53030395507812,93.03656005859375,146.11105346679688,55.220821380615234,151.78102111816406,53.25596237182617,676.3616333007812,78.1808090209961,188.58038330078125,135.75137329101562,289.8927001953125,205.47000122070312,399.7077331542969,94.18683624267578,132.9336700439453,92.75887298583984,4890.97021484375
2024-01-29,189.42063903808594,401.1558837890625,152.06301879882812,110.63306427001953,630.22998046875,49.03766632080078,172.54698181152344,153.77699279785156,141.3235321044922,43.260616302490234,163.89569091796875,31.528423309326172,47.232627868652344,358.8748779296875,80.90447235107422,195.411376953125,742.635986328125,416.2881774902344,147.50904846191406,478.3505859375,23.309900283813477,112.13724517822266,107.68788146972656,553.1943359375,633.0149536132812,150.684326171875,331.55224609375,273.527099609375,97.21571350097656,87.46275329589844,93.0655517578125,146.12974548339844,55.55565643310547,152.0432586669922,53.505592346191406,683.3825073242188,79.24738311767578,189.74850463867188,134.66058349609375,293.5910339355469,205.19000244140625,397.9411926269531,94.30570983886719,132.8802032470703,94.83076477050781,4927.93017578125
2024-01-30,185.77511596679688,400.0494384765625,150.0323486328125,111.03184509277344,627.9600219726562,48.99076843261719,173.22003173828125,151.26600646972656,137.86692810058594,42.3527717590332,167.25465393066406,32.635337829589844,48.0206184387207,364.8253173828125,81.69700622558594,198.61212158203125,736.0730590820312,420.6842346191406,146.96295166015625,477.4687805175781,22.919700622558594,112.48859405517578,107.71636199951172,562.4677124023438,632.9954223632812,151.61285400390625,332.85723876953125,275.7168273925781,97.49646759033203,87.72381591796875,93.46131134033203,147.37432861328125,55.71378707885742,153.37245178222656,53.68390655517578,690.0094604492188,79.50221252441406,192.41180419921875,123.61640930175781,295.0528869628906,200.44000244140625,401.3533935546875,95.87854766845703,133.8071746826172,94.29578399658203,4924.97021484375
2024-01-31,182.178955078125,389.2696533203125,138.7794189453125,108.63925170898438,617.780029296875,47.058902740478516,169.33834838867188,149.46446228027344,140.25631713867188,42.51066589355469,165.44235229492188,31.903644561767578,47.073158264160156,362.12823486328125,81.34269714355469,195.29464721679688,729.0863647460938,414.93701171875,147.083251953125,485.1767883300781,22.970600128173828,111.67491912841797,107.40312194824219,534.5584716796875,633.6136474609375,151.13479614257812,328.998291015625,273.9107971191406,95.01648712158203,86.74476623535156,91.61758422851562,147.0467987060547,55.33243942260742,152.3868408203125,53.573673248291016,684.2391967773438,79.4738998413086,189.01023864746094,120.92351531982422,290.74462890625,211.0399932861328,399.24285888671875,94.01309967041016,131.40951538085938,93.4300537109375,4845.64990234375
2024-02-01,184.60931396484375,395.340087890625,139.8294219970703,112.36429595947266,627.9099731445312,47.058902740478516,172.32566833496094,149.0630645751953,133.2676239013672,42.78696060180664,164.84454345703125,31.47213363647461,46.03401184082031,361.97735595703125,80.95108795166016,197.70736694335938,739.0861206054688,423.1459655761719,146.5834503173828,480.81561279296875,23.14873504638672,116.85274505615234,108.67505645751953,547.69970703125,648.1582641601562,154.06741333007812,335.6256408691406,278.9264221191406,95.23173522949219,87.06180572509766,93.6929931640625,148.9557647705078,56.718299865722656,155.2532196044922,54.56572341918945,694.7119750976562,81.28614807128906,184.384521484375,121.35816192626953,297.88958740234375,209.80999755859375,399.5775451660156,93.6290512084961,131.81951904296875,94.41249084472656,4906.18994140625
2024-02-02,183.6114959716797,402.6245422363281,141.0379180908203,112.61717987060547,634.760009765625,47.058902740478516,171.30221557617188,148.6056365966797,133.8153533935547,42.03700256347656,165.79342651367188,31.3970890045166,46.44023132324219,365.7587890625,81.37067413330078,200.8108367919922,741.9769287109375,420.2122497558594,144.9635772705078,483.7452392578125,22.843360900878906,116.88050842285156,106.41594696044922,547.2930908203125,655.244140625,155.06027221679688,332.9783935546875,277.9625549316406,94.24908447265625,86.70746612548828,94.12738037109375,147.935791015625,56.309059143066406,154.5931396484375,54.974212646484375,699.642578125,79.8703384399414,183.26315307617188,120.88092041015625,305.0538635253906,209.3800048828125,396.0445251464844,93.2449722290039,135.69683837890625,94.48058319091797,4958.60986328125
2024-02-05,185.41941833496094,397.1709899902344,142.32566833496094,113.20074462890625,630.5,46.430572509765625,169.1170654296875,148.32565307617188,136.0253143310547,42.20475769042969,165.5751953125,30.946823120117188,46.00567626953125,361.1946716308594,80.0839614868164,200.35360717773438,737.428955078125,417.8893127441406,144.2138214111328,476.8525695800781,22.537994384765625,116.6678466796875,105.97930145263672,547.0947875976562,693.077880859375,157.4412841796875,331.0302734375,267.5945739746094,93.28516387939453,86.25990295410156,93.29721069335938,148.048095703125,55.843997955322266,154.54794311523438,54.679195404052734,701.2992553710938,79.37007141113281,180.36619567871094,118.52041625976562,311.16290283203125,206.6300048828125,392.0744934082031,92.86092376708984,135.77700805664062,94.01368713378906,4942.81005859375
2024-02-06,187.01995849609375,397.0142517089844,142.74172973632812,112.14060974121094,607.1400146484375,46.871341705322266,169.1078643798828,147.8308868408203,136.0914306640625,42.29877853393555,166.14447021484375,30.993722915649414,45.61835479736328,363.0523681640625,80.27975463867188,200.07144165039062,741.9579467773438,419.50885009765625,146.3057098388672,484.162353515625,23.32686424255371,117.31507873535156,108.2099380493164,555.6836547851562,691.9296264648438,159.3074951171875,332.06488037109375,266.35931396484375,96.02720642089844,89.2063980102539,93.73159790039062,148.74990844726562,55.7509880065918,155.0000457763672,55.0520133972168,700.9344482421875,79.03972625732422,180.95492553710938,124.34928131103516,312.44085693359375,208.5800018310547,396.9556884765625,93.50102233886719,135.7948760986328,96.58168029785156,4954.22998046875
2024-02-07,187.12863159179688,405.3953857421875,144.1681365966797,114.05663299560547,615.8499755859375,46.67440414428711,169.41209411621094,148.2042999267578,137.78192138671875,42.33836364746094,166.45761108398438,31.125051498413086,45.7978401184082,364.627197265625,80.18651580810547,203.40843200683594,748.2855224609375,425.4596862792969,146.23167419433594,492.42974853515625,23.377758026123047,117.860595703125,107.55498504638672,547.7791137695312,711.9014282226562,160.88870239257812,338.0677490234375,268.8671875,97.13150024414062,88.87071228027344,94.436279296875,148.89962768554688,55.797489166259766,155.0452117919922,54.91261291503906,709.7998046875,79.15299987792969,181.38479614257812,125.4741439819336,313.28314208984375,211.9199981689453,399.88433837890625,93.47358703613281,135.59878540039062,96.43576049804688,4995.06005859375
2024-02-08,186.05172729492188,405.4541015625,144.53466796875,113.48279571533203,615.8599853515625,46.84320831298828,171.5334930419922,149.54847717285156,139.94467163085938,42.061256408691406,165.85983276367188,31.068767547607422,45.67504119873047,363.09954833984375,79.86017608642578,205.4806365966797,746.8731689453125,404.09039306640625,144.76918029785156,493.09344482421875,23.38624382019043,117.06542205810547,106.7197036743164,546.3707885742188,722.0100708007812,160.68646240234375,339.0278015136719,273.17156982421875,97.1127700805664,90.60611724853516,94.94789123535156,148.450439453125,55.64867401123047,157.19729614257812,54.90937423706055,714.1189575195312,79.53054809570312,180.78671264648438,126.05363464355469,311.7437438964844,209.22000122070312,397.0021057128906,95.07384490966797,137.31906127929688,107.52481079101562,4997.91015625
2024-02-09,186.8134307861328,411.7594909667969,147.5955352783203,113.44388580322266,627.2100219726562,47.01200866699219,173.37571716308594,151.59268188476562,142.6079559326172,42.86289596557617,166.05908203125,31.021860122680664,45.40108108520508,362.3640441894531,80.0839614868164,206.7064208984375,750.64892578125,405.2565002441406,145.10240173339844,491.3204650878906,23.377758026123047,115.99285888671875,106.13117218017578,546.23193359375,726.40673828125,160.0337677001953,338.49652099609375,270.8695983886719,97.79594421386719,91.27214050292969,95.3243637084961,147.30882263183594,55.397544860839844,151.60922241210938,54.880191802978516,713.36962890625,78.77545166015625,182.07632446289062,124.6390151977539,307.05792236328125,209.1999969482422,396.53729248046875,93.06208038330078,134.62722778320312,105.43345642089844,5026.60986328125
2024-02-12,185.13174438476562,406.5801086425781,146.1393585205078,112.6657943725586,611.8400268554688,46.88071823120117,173.208251953125,150.36056518554688,144.59124755859375,43.57545852661133,166.79920959472656,31.53780174255371,46.213504791259766,370.2665100097656,80.99771881103516,206.50216674804688,754.9332275390625,397.5195007324219,146.11134338378906,490.7705383300781,23.462583541870117,115.89116668701172,106.81461334228516,542.3737182617188,723.5606689453125,159.10523986816406,340.6403503417969,270.841552734375,100.30401611328125,89.55550384521484,94.67760467529297,147.0187530517578,55.52775955200195,154.2676239013672,55.21087646484375,712.393310546875,78.86983489990234,184.42190551757812,125.65309143066406,311.3855895996094,209.3300018310547,397.9969787597656,94.34230041503906,135.55421447753906,106.30891418457031,5021.83984375
2024-02-13,183.04452514648438,397.82696533203125,143.7718963623047,110.56498718261719,601.8900146484375,46.55248260498047,170.91940307617188,146.4120635986328,141.7012939453125,42.71444320678711,165.3474578857422,30.721675872802734,45.57112503051758,357.1679992675781,78.29374694824219,203.9823760986328,732.626953125,390.9949951171875,144.833984375,490.02154541015625,22.877290725708008,115.9743881225586,105.68505096435547,534.1815795898438,729.1646728515625,159.3074951171875,333.31396484375,268.6612854003906,98.26387023925781,88.05463409423828,94.56175994873047,146.23268127441406,55.20222091674805,152.70333862304688,54.83480453491211,704.346435546875,78.78488159179688,181.3007049560547,123.48006439208984,302.87554931640625,204.4600067138672,396.55584716796875,93.53010559082031,134.23504638671875,107.44699096679688,4953.169921875
2024-02-14,182.1641082763672,401.672119140625,144.56436157226562,111.12910461425781,604.6599731445312,47.15268325805664,170.79844665527344,147.36415100097656,145.3845672607422,43.73380661010742,167.0269317626953,31.078153610229492,45.84507369995117,356.49847412109375,78.32171630859375,205.17904663085938,739.5287475585938,389.8196105957031,144.1582489013672,490.10687255859375,22.99604606628418,116.3349838256836,106.36847686767578,543.7722778320312,744.5408935546875,160.3463134765625,333.9104919433594,269.6532287597656,99.508544921875,88.24221801757812,94.11911010742188,145.63380432128906,55.14641189575195,151.47361755371094,54.65974044799805,712.16650390625,79.01139831542969,182.10435485839844,122.90058135986328,306.6222839355469,203.3800048828125,388.81109619140625,93.06864166259766,134.6005096435547,108.51699829101562,5000.6201171875
2024-02-15,181.87722778320312,398.7980651855469,141.4242401123047,109.68966674804688,590.4400024414062,46.0085563659668,173.8688201904297,150.01519775390625,147.31117248535156,43.595252990722656,170.6705322265625,31.959922790527344,49.16089630126953,363.4578552246094,79.87882232666016,206.76483154296875,751.43994140625,392.8551940917969,146.17613220214844,493.8424072265625,23.335346221923828,117.00070190429688,107.86823272705078,544.06982421875,745.0030517578125,162.3412322998047,336.56707763671875,273.1059875488281,99.24651336669922,87.44488525390625,94.86495208740234,146.9251251220703,55.24872589111328,151.78102111816406,54.88343048095703,714.464111328125,78.87928771972656,184.98260498046875,125.2525634765625,312.7796936035156,205.3300018310547,393.3947448730469,95.73593139648438,139.17787170410156,109.38270568847656,5029.72998046875
2024-02-16,180.34393310546875,396.34576416015625,139.19546508789062,108.25992584228516,546.6599731445312,45.42711639404297,174.5852508544922,149.70716857910156,144.2040557861328,43.060829162597656,169.87350463867188,31.978689193725586,49.038082122802734,362.53375244140625,80.65271759033203,206.7939910888672,747.62646484375,392.0037536621094,146.00830078125,494.4775695800781,23.42865753173828,118.1564712524414,108.21944427490234,543.3458251953125,768.8735961914062,163.16859436035156,337.75079345703125,273.2557373046875,96.86946105957031,87.44488525390625,94.96179962158203,147.3930206298828,55.239418029785156,150.38858032226562,55.23032760620117,713.9514770507812,78.79431915283203,184.25369262695312,127.88947296142578,311.6567077636719,203.88999938964844,394.2779846191406,95.73593139648438,139.33106994628906,108.555908203125,5005.56982421875
2024-02-20,179.60205078125,395.10003662109375,139.78981018066406,105.47830200195312,541.9099731445312,45.27707290649414,170.67747497558594,151.91009521484375,143.5146026611328,44.060401916503906,170.53765869140625,31.856740951538086,48.905826568603516,362.6092224121094,79.5804672241211,206.7259063720703,751.496337890625,394.26190185546875,147.2300567626953,494.0130615234375,23.40320587158203,117.76813507080078,110.71585083007812,543.643310546875,742.9185791015625,161.56900024414062,337.9559020996094,273.84527587890625,96.67293548583984,87.67001342773438,94.30314636230469,148.3288116455078,56.457881927490234,152.49537658691406,57.01342010498047,715.6278076171875,79.86089324951172,185.90773010253906,128.08767700195312,303.74688720703125,203.3699951171875,394.4639587402344,94.83145141601562,138.7633819580078,106.4548110961914,4975.509765625
2024-02-21,180.35386657714844,394.5016784667969,141.20631408691406,105.19625091552734,538.52001953125,45.46463394165039,167.1977081298828,153.1609344482422,143.5618133544922,43.021240234375,171.64784240722656,31.612850189208984,49.74658966064453,366.1455078125,79.68302917480469,205.16934204101562,758.4076538085938,392.7071228027344,147.9948272705078,494.875732421875,23.471067428588867,118.46160125732422,111.88338470458984,548.3147583007812,733.3330688476562,161.0082244873047,339.4100036621094,275.0243835449219,98.51655578613281,89.13336944580078,95.08771514892578,150.097412109375,56.96013641357422,152.65811157226562,56.313148498535156,712.9948120117188,80.5216064453125,186.45912170410156,127.76885223388672,307.03863525390625,201.57000732421875,397.5135498046875,96.76960754394531,140.06089782714844,104.73308563232422,4981.7998046875
2024-02-22,182.38174438476562,403.7908630371094,142.73179626464844,107.96815490722656,537.5700073242188,45.549034118652344,171.3939208984375,154.42108154296875,146.14952087402344,42.53630065917969,173.7068634033203,31.528423309326172,50.417301177978516,368.2201232910156,80.04666137695312,208.1852264404297,765.93115234375,402.7854919433594,149.64564514160156,499.1706848144531,23.36927604675293,119.5156478881836,112.9749755859375,555.8920288085938,756.6630249023438,162.48829650878906,346.1304626464844,276.9052429199219,98.33873748779297,89.84628295898438,95.99820709228516,150.2471466064453,56.876426696777344,152.1336669921875,56.86752700805664,724.2171020507812,81.17286682128906,187.65521240234375,129.02696228027344,311.8309326171875,201.5,398.7593994140625,96.68655395507812,140.0518798828125,104.70391082763672,5087.02978515625
2024-02-23,180.55169677734375,402.50592041015625,142.60302734375,108.88239288330078,553.4400024414062,45.82100296020508,172.79884338378906,152.79689025878906,146.30064392089844,42.54619598388672,174.579833984375,31.81922149658203,50.88019943237305,368.7671203613281,80.69934844970703,208.73974609375,766.0721435546875,405.6082458496094,150.9420623779297,499.87225341796875,23.547409057617188,119.69132232666016,113.39263153076172,560.0774536132812,756.5648193359375,163.72019958496094,346.7083740234375,278.6176452636719,98.85346984863281,89.69619750976562,96.25973510742188,150.6869659423828,56.922935485839844,153.3543701171875,56.91615676879883,727.6981201171875,81.4088363647461,187.48704528808594,128.0790557861328,313.56390380859375,200.8300018310547,400.83270263671875,95.83744812011719,139.3580780029297,104.80118560791016,5088.7998046875
2024-02-26,179.20635986328125,399.7593078613281,136.27325439453125,107.92925262451172,560.47998046875,45.38961410522461,171.31948852539062,153.36627197265625,148.30284118652344,42.54619598388672,173.98202514648438,31.528423309326172,51.13526153564453,367.9844055175781,79.87882232666016,211.07464599609375,758.9536743164062,401.94500732421875,149.9627685546875,498.05194091796875,23.055421829223633,119.12730407714844,112.6617431640625,558.8574829101562,758.904541015625,164.382080078125,346.3728332519531,278.0280456542969,97.83338928222656,88.439208984375,96.11443328857422,149.92898559570312,56.4671745300293,152.14273071289062,57.966548919677734,735.0152587890625,81.314453125,186.141357421875,127.10527038574219,315.0160827636719,200.5399932861328,399.02899169921875,96.2158432006836,139.16883850097656,104.7428207397461,5069.52978515625
2024-02-27,180.6604766845703,399.7005310058594,137.57090759277344,108.32801818847656,552.489990234375,45.30521011352539,172.0079803466797,153.9636993408203,149.5022735595703,42.28887939453125,174.06744384765625,32.156917572021484,51.777645111083984,368.5407409667969,79.71099853515625,212.06700134277344,753.784423828125,396.7793273925781,150.13995361328125,486.76959228515625,22.80943489074707,119.30298614501953,113.335693359375,561.5254516601562,752.101318359375,164.5475616455078,350.06402587890625,274.88397216796875,98.40424346923828,88.29850006103516,97.36394500732422,149.06808471679688,56.1230354309082,152.05230712890625,57.95682907104492,734.3840942382812,81.55986022949219,185.197509765625,127.76885223388672,317.1944580078125,201.39999389648438,400.1911315917969,96.01280975341797,137.10543823242188,106.43536376953125,5078.18017578125
2024-02-28,179.46356201171875,399.9359436035156,135.094482421875,108.61979675292969,551.8200073242188,45.07075500488281,172.4080810546875,152.1901397705078,147.93605041503906,41.556522369384766,174.9498748779297,32.1850700378418,51.6926155090332,373.40325927734375,80.2331314086914,212.11561584472656,762.371826171875,398.2168273925781,150.6715850830078,472.4154968261719,22.936668395996094,118.52632904052734,113.95266723632812,567.3373413085938,744.865234375,163.63746643066406,351.974853515625,276.2220458984375,97.65555572509766,87.23851776123047,97.92571258544922,149.76991271972656,56.1788444519043,151.03053283691406,57.98600769042969,737.589111328125,81.93741607666016,184.6274871826172,127.33795928955078,319.0630187988281,207.0,402.09716796875,96.28045654296875,137.26760864257812,107.77771759033203,5069.759765625
2024-02-29,178.80079650878906,405.742919921875,137.15489196777344,108.61979675292969,560.280029296875,45.36146926879883,172.15687561035156,156.19468688964844,149.7775115966797,42.60557556152344,176.5439453125,32.610172271728516,52.51448059082031,369.4809265136719,80.22381591796875,213.4678955078125,763.9536743164062,397.2801513671875,150.5130615234375,467.9783935546875,22.52950668334961,117.5647201538086,112.61428833007812,565.5025024414062,740.9721069335938,161.8448028564453,354.7711486816406,275.0551452636719,97.26251983642578,89.02081298828125,96.02726745605469,148.73121643066406,55.82539367675781,150.64332580566406,57.00369644165039,733.5755004882812,81.6636734008789,186.73223876953125,127.76020050048828,323.3228759765625,203.72000122070312,401.0762939453125,96.46504974365234,136.9702606201172,108.53644561767578,5096.27001953125
2024-03-01,177.7225341796875,407.5673828125,135.84732055664062,110.6622543334961,570.9299926757812,45.38961410522461,175.10630798339844,159.66709899902344,154.8083953857422,43.36762619018555,175.81332397460938,32.4495735168457,52.01381301879883,368.5787658691406,80.63407135009766,213.70140075683594,767.2399291992188,397.8643798828125,151.20323181152344,464.11968994140625,22.554956436157227,117.38904571533203,112.59530639648438,571.6021728515625,768.9324951171875,164.4740447998047,358.3504638671875,273.5965270996094,95.68467712402344,87.38861083984375,95.41704559326172,148.64700317382812,55.36963653564453,149.9600067138672,57.14957809448242,739.0484619140625,81.63536071777344,186.67587280273438,127.58785247802734,325.9755859375,200.0,399.4091796875,97.68331146240234,137.69110107421875,108.89635467529297,5137.080078125
2024-03-04,173.2117156982422,406.99847412109375,132.09303283691406,110.93457794189453,567.9400024414062,46.0742073059082,179.62818908691406,160.964599609375,158.10220336914062,45.1391487121582,177.1322479248047,33.205318450927734,52.72231674194336,372.5200500488281,83.95343780517578,212.9717559814453,785.7327270507812,394.55364990234375,149.07672119140625,456.85736083984375,21.961181640625,114.69841003417969,113.94318389892578,576.8685302734375,778.9213256835938,162.7640838623047,354.5475158691406,273.7941589355469,93.4869613647461,86.73197174072266,94.86495208740234,149.31137084960938,55.63007736206055,150.67063903808594,57.67477035522461,748.6535034179688,81.95629119873047,187.21144104003906,129.7852783203125,327.86346435546875,200.5399932861328,404.54156494140625,96.31736755371094,134.14999389648438,110.5888900756836,5130.9501953125
2024-03-05,168.285400390625,394.9626770019531,131.41944885253906,107.90008544921875,544.8400268554688,45.9053955078125,178.5953826904297,159.28436279296875,153.25164794921875,42.71444320678711,178.9066162109375,33.43203353881836,53.46861267089844,371.2474365234375,83.10493469238281,211.30813598632812,778.6426391601562,391.6508483886719,149.19798278808594,448.5899353027344,22.12234878540039,113.57038116455078,112.46241760253906,579.8141479492188,764.4789428710938,164.703857421875,352.7578430175781,275.29986572265625,92.3317642211914,85.56880187988281,94.33221435546875,149.0867919921875,55.3603401184082,147.63662719726562,58.39450454711914,749.4127197265625,81.86190795898438,185.43556213378906,128.9666290283203,322.9065246582031,201.13999938964844,404.5791015625,97.49872589111328,134.7897186279297,109.791259765625,5078.64990234375
2024-03-06,167.2962188720703,394.4134216308594,130.16140747070312,109.1936264038086,543.0900268554688,46.11170959472656,182.5125274658203,160.43251037597656,159.36465454101562,44.05050277709961,179.83645629882812,33.46037292480469,53.95038986206055,369.9748229980469,79.86951446533203,212.5242462158203,786.7526245117188,395.2027893066406,148.61038208007812,448.0685119628906,23.063907623291016,114.4210433959961,113.27872467041016,586.6475830078125,766.6221923828125,166.4505157470703,353.92059326171875,275.6669006347656,91.69310760498047,85.97216033935547,93.373291015625,149.32073974609375,55.38823699951172,148.5113067626953,58.909976959228516,762.5184936523438,82.28665924072266,188.3953857421875,131.45704650878906,324.939697265625,201.0,405.9839172363281,98.5416488647461,133.65435791015625,107.05789947509766,5104.759765625
2024-03-07,167.17747497558594,401.32879638671875,133.11334228515625,111.40142822265625,556.0399780273438,45.8585090637207,182.86607360839844,163.6062469482422,166.7970733642578,45.67357635498047,178.2613525390625,33.65876007080078,53.84648513793945,368.8921813964844,80.31706237792969,217.35943603515625,787.9843139648438,395.6943054199219,148.17205810546875,453.92767333984375,22.724607467651367,114.64292907714844,114.77847290039062,592.757080078125,767.0056762695312,166.0000762939453,353.08599853515625,273.9540710449219,92.21906280517578,85.31551361083984,92.7533950805664,150.30328369140625,55.285926818847656,148.61151123046875,58.705726623535156,774.6973266601562,83.19276428222656,190.37799072265625,132.19813537597656,329.3834228515625,203.02999877929688,402.7153015136719,99.09539794921875,134.5914764404297,107.17462921142578,5157.35986328125
2024-03-08,168.88885498046875,398.46453857421875,134.1336212158203,109.33951568603516,551.6900024414062,46.421199798583984,182.317138671875,160.83387756347656,161.9085693359375,43.54576873779297,178.5934600830078,33.63041687011719,53.9126091003418,367.5246276855469,81.15621185302734,217.3107452392578,792.1719360351562,397.1409912109375,148.7782745361328,453.61358642578125,23.089353561401367,114.18987274169922,114.81644439697266,592.70751953125,749.2894287109375,164.4188690185547,350.08544921875,275.3091735839844,93.13007354736328,85.418701171875,92.898681640625,150.05064392089844,55.3603401184082,148.55685424804688,58.47230911254883,715.4996337890625,83.12669372558594,188.63027954101562,132.67208862304688,328.38629150390625,198.49000549316406,405.4407043457031,100.02757263183594,135.051025390625,107.3108139038086,5123.68994140625
2024-03-11,170.8870391845703,396.7969970703125,136.37229919433594,111.0026626586914,560.4199829101562,47.096412658691406,178.3907012939453,162.59812927246094,162.43063354492188,44.39689254760742,178.65988159179688,33.90437698364258,53.93149948120117,366.7363586425781,81.06298065185547,214.217041015625,781.7879028320312,395.70355224609375,150.3731231689453,465.58758544921875,24.06484031677246,113.51490020751953,114.08556365966797,594.5125732421875,721.9877319335938,165.13592529296875,348.3694152832031,277.4454650878906,94.93331909179688,86.36612701416016,93.44110107421875,151.17355346679688,56.030025482177734,150.08753967285156,58.99750900268555,704.1787719726562,83.1833267211914,188.1980438232422,133.35284423828125,324.30072021484375,192.49000549316406,407.17340087890625,100.61824798583984,136.9612579345703,109.24652862548828,5117.93994140625
2024-03-12,171.36183166503906,407.3515625,137.19451904296875,124.04520416259766,579.1400146484375,46.95574188232422,184.01980590820312,163.16754150390625,164.29110717773438,44.77296829223633,180.13059997558594,33.97050094604492,54.42273712158203,368.65472412109375,81.16553497314453,216.6103057861328,785.985107421875,397.49346923828125,151.78146362304688,465.7779846191406,23.759471893310547,113.4132080078125,114.62660217285156,592.3505859375,742.220703125,166.3218231201172,351.2012939453125,276.9654846191406,94.08805847167969,86.6756820678711,94.16753387451172,151.52915954589844,56.2718505859375,149.9144287109375,59.726951599121094,726.6626586914062,83.77794647216797,187.1081085205078,135.61920166015625,326.4983215332031,184.24000549316406,407.3232116699219,99.9721908569336,136.8621368408203,109.3924331665039,5175.27001953125
2024-03-13,169.2845458984375,407.1749572753906,138.4723358154297,122.08055877685547,573.5499877929688,46.99325180053711,183.01492309570312,161.1885986328125,160.65560913085938,42.78371810913086,181.59185791015625,34.0838623046875,54.62111282348633,372.57696533203125,83.31005859375,216.76596069335938,782.5742797851562,396.9555969238281,150.2518768310547,464.4930114746094,23.937602996826172,112.95088958740234,114.05708312988281,588.4526977539062,745.0620727539062,165.34735107421875,355.37396240234375,266.1902770996094,95.1962890625,85.93463897705078,94.9811782836914,151.87538146972656,56.8485221862793,150.6068878173828,59.60050964355469,724.0199584960938,84.1932601928711,187.671875,133.36148071289062,330.64202880859375,182.35000610351562,407.0328674316406,101.08894348144531,138.66429138183594,109.43135070800781,5165.31005859375
2024-03-14,171.1343536376953,417.1017761230469,141.75111389160156,122.09028625488281,570.4500122070312,46.693153381347656,179.9724578857422,159.75111389160156,159.89620971679688,42.30867385864258,178.35626220703125,33.71543884277344,54.196014404296875,369.06317138671875,83.07697296142578,214.4894256591797,766.2879028320312,392.7265930175781,148.48915100097656,465.44482421875,23.861263275146484,112.13206481933594,112.8136215209961,580.4931640625,747.9032592773438,166.57925415039062,351.88580322265625,265.12689208984375,94.1631851196289,85.98153686523438,95.53327178955078,151.12673950195312,56.72195053100586,150.1331024169922,59.54976272583008,721.8010864257812,83.39097595214844,184.49594116210938,132.61175537109375,331.02935791015625,181.14999389648438,408.128662109375,102.87943267822266,140.29518127441406,109.00334167480469,5150.47998046875
2024-03-15,170.75845336914062,408.4698181152344,139.84922790527344,122.10001373291016,492.4599914550781,45.88665008544922,177.7766571044922,161.0392303466797,158.70968627929688,42.199806213378906,180.5670928955078,33.450927734375,54.3282585144043,367.7334899902344,82.4056396484375,212.5339813232422,760.3380126953125,392.11456298828125,147.5284881591797,467.17718505859375,23.700096130371094,113.07184600830078,109.624267578125,579.7390747070312,741.453857421875,163.52713012695312,349.9728698730469,262.6896057128906,93.58088684082031,84.53693389892578,94.48719787597656,151.0144805908203,56.140663146972656,150.0237274169922,59.21795654296875,715.568603515625,83.4853515625,185.75502014160156,132.1636505126953,335.9184265136719,182.52999877929688,408.1755676269531,102.69483947753906,140.16004943847656,108.89635467529297,5117.08984375
2024-03-18,171.84657287597656,409.3526306152344,146.28797912597656,124.298095703125,513.8599853515625,46.20549774169922,178.35350036621094,157.9495391845703,158.44390869140625,42.26908493041992,182.806396484375,34.01772689819336,54.573875427246094,365.036376953125,82.01403045654297,214.97586059570312,758.1874389648438,391.1315002441406,146.20411682128906,463.5887451171875,23.513479232788086,112.9974136352539,106.72918701171875,575.6698608398438,749.8007202148438,164.08792114257812,348.7351989746094,262.1625061035156,92.73561096191406,85.37179565429688,93.1989517211914,150.8553924560547,56.375057220458984,156.037109375,59.39362335205078,721.396728515625,83.3154525756836,184.88116455078125,130.71595764160156,340.6913757324219,179.83999633789062,405.7217102050781,103.64547729492188,140.03387451171875,110.74452209472656,5149.419921875
2024-03-19,174.18115234375,413.3645324707031,145.6440887451172,125.6500015258789,521.1900024414062,46.083580017089844,179.88870239257812,155.66256713867188,155.7671356201172,41.61589813232422,183.87857055664062,34.0366325378418,53.85592269897461,369.1106262207031,82.44292449951172,215.67636108398438,760.1295776367188,393.1903076171875,145.691162109375,469.5567321777344,23.437137603759766,113.70458221435547,107.41261291503906,578.3197021484375,759.7501220703125,165.16351318359375,355.767822265625,266.19970703125,93.88142395019531,85.91585540771484,95.32987213134766,151.435546875,56.468814849853516,156.5291290283203,59.403385162353516,722.0179443359375,83.78739166259766,187.02352905273438,132.0171661376953,342.627685546875,181.13999938964844,409.4586486816406,104.37458038330078,141.12416076660156,111.38652038574219,5178.509765625
2024-03-20,176.74319458007812,417.11163330078125,147.3379669189453,125.69862365722656,519.1400146484375,46.468082427978516,180.46556091308594,158.6682891845703,159.15582275390625,41.76435470581055,186.28868103027344,34.716800689697266,54.129878997802734,376.52783203125,85.17487335205078,221.72763061523438,774.9002075195312,395.1007385253906,145.27146911621094,470.4228820800781,23.49651336669922,115.23987579345703,105.83692932128906,575.6698608398438,759.82861328125,162.04702758789062,360.4562683105469,267.6866149902344,94.17256164550781,86.86329650878906,95.77542114257812,151.5852813720703,56.956336975097656,156.58377075195312,59.77421951293945,730.4493408203125,83.39097595214844,189.0343475341797,133.36148071289062,345.0965270996094,187.77999877929688,412.47430419921875,104.28228759765625,139.25900268554688,113.2833251953125,5224.6201171875
2024-03-21,169.52191162109375,421.1725158691406,146.20872497558594,125.47492218017578,511.25,46.777557373046875,178.5488739013672,161.10459899902344,162.17434692382812,41.98208236694336,188.87904357910156,35.43474197387695,54.649452209472656,392.900634765625,87.0862808227539,222.90480041503906,797.7996826171875,397.4377746582031,145.26214599609375,468.0052490234375,23.462583541870117,115.0258560180664,105.84642028808594,579.7191772460938,757.2726440429688,163.17779541015625,370.5738830566406,266.8208312988281,94.68912506103516,85.98153686523438,96.06600952148438,151.46363830566406,56.693817138671875,157.12132263183594,59.96940612792969,732.263916015625,83.78739166259766,189.22227478027344,133.8440704345703,352.94818115234375,187.6999969482422,415.0499267578125,104.74375915527344,139.53831481933594,113.51678466796875,5241.52978515625
2024-03-22,170.42210388183594,420.5545959472656,149.3488311767578,124.2883529663086,499.5199890136719,46.68377685546875,177.56263732910156,161.00192260742188,161.46243286132812,42.13053512573242,186.5638427734375,35.00019454956055,53.96928787231445,386.357177734375,85.73429870605469,219.8305206298828,781.475341796875,388.70166015625,144.77713012695312,466.4632873535156,23.20810890197754,115.23987579345703,104.95415496826172,578.6869506835938,757.6166381835938,164.0511474609375,365.9604797363281,265.9738464355469,88.15237426757812,85.09037780761719,96.35659790039062,151.27650451660156,56.71257781982422,156.7295379638672,59.403385162353516,724.6114501953125,84.1932601928711,188.6114959716797,134.6626739501953,346.7036437988281,188.85000610351562,417.597412109375,104.74375915527344,139.3580780029297,112.70942687988281,5234.18017578125
2024-03-25,169.0075225830078,414.78680419921875,148.6554718017578,122.6252212524414,507.2300109863281,46.589996337890625,175.6552734375,159.48040771484375,159.01344299316406,41.39817428588867,184.8559112548828,34.82070541381836,53.59141540527344,384.5716857910156,84.97906494140625,219.89862060546875,773.3084716796875,388.098876953125,144.76785278320312,462.47515869140625,23.26749038696289,116.5983657836914,104.42259979248047,569.22900390625,760.1040649414062,164.12466430664062,359.6123046875,262.2001647949219,88.04905700683594,85.05286407470703,95.09740447998047,149.90090942382812,56.628196716308594,157.25799560546875,59.11061477661133,720.8247680664062,83.6646957397461,186.4973602294922,134.9211883544922,344.6124267578125,191.41000366210938,418.0000915527344,105.81436920166016,140.98899841308594,116.1042251586914,5218.18994140625
2024-03-26,167.8798370361328,413.59991455078125,149.24977111816406,123.00453186035156,507.6000061035156,46.468082427978516,175.38543701171875,156.7360382080078,158.5863037109375,41.556522369384766,185.71934509277344,35.037986755371094,53.54418182373047,385.7493591308594,85.10960388183594,218.3712158203125,777.0887451171875,389.0355529785156,145.28079223632812,468.5953369140625,23.40320587158203,116.79376983642578,105.83692932128906,564.5247802734375,761.8344116210938,164.73146057128906,356.25537109375,262.2001647949219,86.95020294189453,84.76206970214844,96.18225860595703,150.23780822753906,56.759456634521484,157.37643432617188,59.05205154418945,720.8444213867188,83.91010284423828,188.86520385742188,123.90828704833984,345.0384521484375,187.5,417.70037841796875,105.02064514160156,139.9077606201172,116.65869140625,5203.580078125
2024-03-27,171.44097900390625,413.3841247558594,149.44789123535156,121.83740234375,504.3999938964844,46.67440414428711,177.52542114257812,161.36595153808594,160.54168701171875,43.318145751953125,189.31556701660156,35.7181510925293,54.42273712158203,394.3631591796875,87.17952728271484,221.57196044921875,791.2244873046875,392.11456298828125,147.32333374023438,469.34735107421875,23.564374923706055,122.59066009521484,107.71636199951172,574.9951782226562,765.0589599609375,165.79782104492188,361.84405517578125,265.3997802734375,88.40594482421875,85.8314437866211,97.90635681152344,152.1654815673828,57.21885681152344,158.14178466796875,59.256996154785156,721.9292602539062,84.90116882324219,192.74583435058594,126.95879364013672,353.0352783203125,191.9499969482422,427.8059997558594,106.10971069335938,140.880859375,117.68003845214844,5248.490234375
2024-03-28,169.63075256347656,412.687744140625,149.50730895996094,122.1680908203125,504.6000061035156,46.80569076538086,177.67428588867188,162.61679077148438,160.7030487060547,43.714012145996094,190.0556640625,35.82205581665039,54.75336456298828,396.680419921875,87.794921875,221.5135955810547,789.8790893554688,394.5628662109375,147.537841796875,470.8702697753906,23.538923263549805,122.7767562866211,107.8872299194336,576.8211669921875,764.8427734375,167.4066162109375,359.6966857910156,265.3338928222656,88.26508331298828,85.7282485961914,98.23568725585938,151.82859802246094,57.35948181152344,159.45376586914062,58.72024154663086,722.4716796875,84.99555206298828,192.85861206054688,128.0790557861328,354.75860595703125,192.99000549316406,426.0171813964844,107.2818374633789,142.1333770751953,119.02239227294922,5254.35009765625
2024-04-01,168.19638061523438,416.46417236328125,154.0243682861328,122.04164123535156,502.0899963378906,46.9276008605957,176.62290954589844,161.64601135253906,163.00013732910156,44.060401916503906,188.7651824951172,35.44419479370117,54.42273712158203,392.710693359375,87.20751190185547,221.43576049804688,783.3134765625,396.0838623046875,147.1554412841797,466.1111145019531,23.513479232788086,121.88348388671875,106.3969497680664,573.0895385742188,747.7262573242188,166.17474365234375,345.096923828125,263.7059326171875,86.93142700195312,85.85958862304688,96.56968688964844,150.265869140625,56.89070510864258,157.60421752929688,58.55434036254883,711.2393798828125,84.06112670898438,189.81422424316406,127.20867919921875,352.1542663574219,189.5,424.069091796875,107.9740219116211,143.3407745361328,118.21503448486328,5243.77001953125
2024-04-02,167.01919555664062,413.39398193359375,153.1031036376953,120.93289184570312,499.2099914550781,46.28989791870117,175.739013671875,159.0230255126953,162.3546905517578,43.48638916015625,188.68930053710938,35.236366271972656,54.17710876464844,389.51971435546875,86.44293212890625,219.4121856689453,773.6685180664062,395.17498779296875,147.1088104248047,436.0713806152344,23.36927604675293,121.28797912597656,106.33051300048828,567.2440185546875,751.0787353515625,166.1103973388672,340.3803405761719,261.37200927734375,85.41932678222656,83.76773834228516,96.3469009399414,150.2565155029297,56.39380645751953,156.2010955810547,57.734580993652344,701.4373168945312,84.06112670898438,188.14169311523438,128.5271453857422,353.2096252441406,188.0399932861328,424.4905090332031,110.0875473022461,143.97152709960938,119.46985626220703,5205.81005859375
2024-04-03,167.82046508789062,412.4228820800781,153.45973205566406,122.78083038330078,497.010009765625,46.08189392089844,177.6184539794922,159.00433349609375,165.07894897460938,39.913658142089844,188.1579132080078,35.368621826171875,53.96928787231445,393.1760559082031,86.71334075927734,220.4823455810547,771.9725341796875,395.49957275390625,143.87246704101562,437.5942687988281,23.089353561401367,120.86925506591797,105.62808990478516,571.6505126953125,762.906005859375,163.02151489257812,337.4735107421875,259.3017272949219,84.8370361328125,83.20490264892578,94.22566223144531,146.12037658691406,56.09379577636719,154.59754943847656,57.998077392578125,695.9051513671875,83.15499877929688,186.01812744140625,131.21572875976562,363.8205261230469,184.9199981689453,419.4892578125,110.10601043701172,144.5662078857422,115.7345962524414,5211.490234375
2024-04-04,166.9994659423828,409.90191650390625,149.11109924316406,120.78700256347656,487.1099853515625,45.48625564575195,174.86439514160156,157.31480407714844,161.1396942138672,39.31985092163086,186.72634887695312,34.877384185791016,53.54418182373047,385.8158264160156,86.0419921875,214.29519653320312,750.456298828125,397.3172302246094,142.23098754882812,433.4443054199219,22.605852127075195,118.78499603271484,104.51752471923828,566.3012084960938,755.12939453125,154.35238647460938,335.391845703125,254.17288208007812,83.65365600585938,82.19181060791016,92.74369812011719,145.46536254882812,55.596885681152344,154.5701904296875,58.06638717651367,695.1064453125,82.49430084228516,184.2140350341797,129.25961303710938,358.0116271972656,183.2899932861328,425.23980712890625,110.49363708496094,144.79150390625,113.8961410522461,5147.2099609375
2024-04-05,167.75123596191406,417.39605712890625,151.06251525878906,121.47754669189453,485.1199951171875,45.902259826660156,175.9809112548828,156.3533172607422,162.8197784423828,38.31037902832031,188.44422912597656,35.0568733215332,54.2243537902832,387.5443115234375,86.21916198730469,217.0960235595703,755.6387329101562,400.2571716308594,142.12841796875,433.7870178222656,22.614336013793945,119.092041015625,105.55216979980469,575.08447265625,770.9872436523438,156.282958984375,335.57000732421875,250.97323608398438,83.4376220703125,81.46952819824219,93.77042388916016,146.07363891601562,55.79377365112305,154.10552978515625,58.407955169677734,703.8237915039062,82.94735717773438,185.2476348876953,130.43157958984375,367.2186584472656,183.13999938964844,426.4947814941406,112.01648712158203,145.6114501953125,115.15095520019531,5204.33984375
2024-04-08,166.6334228515625,416.4837951660156,153.39036560058594,120.94261169433594,484.2799987792969,45.60917282104492,176.6136016845703,158.1829071044922,164.80369567871094,37.58791732788086,189.42726135253906,35.4253044128418,54.5927734375,389.89007568359375,86.90914154052734,218.70623779296875,761.0960693359375,402.59417724609375,141.38226318359375,434.034423828125,22.54647445678711,117.761474609375,104.90667724609375,574.4293212890625,764.1838989257812,156.09910583496094,339.48956298828125,251.79196166992188,84.527099609375,81.78845977783203,93.20863342285156,146.01747131347656,55.568763732910156,154.50643920898438,58.33963394165039,701.9402465820312,82.79632568359375,185.82083129882812,129.3544158935547,361.57440185546875,181.55999755859375,423.68505859375,111.25968170166016,145.3140869140625,114.1490478515625,5202.39013671875
2024-04-09,167.8402557373047,418.14154052734375,155.12388610839844,120.24009704589844,492.54998779296875,47.282630920410156,176.13909912109375,161.91671752929688,166.65467834472656,37.93430709838867,188.1579132080078,35.642574310302734,54.39439392089844,390.051513671875,87.7203369140625,214.53919982910156,761.6454467773438,403.41949462890625,142.0351104736328,437.57525634765625,22.71612548828125,117.90103149414062,106.72918701171875,584.7509155273438,744.47216796875,156.4116668701172,338.8988342285156,253.56117248535156,85.46629333496094,81.73216247558594,94.05131530761719,146.59764099121094,55.990665435791016,155.4448699951172,58.34939956665039,708.6262817382812,82.73026275634766,186.43157958984375,129.7508087158203,360.0543518066406,178.1199951171875,419.1801452636719,111.84111785888672,145.9718475341797,114.75214385986328,5209.91015625
2024-04-10,165.9706268310547,415.1792297363281,154.668212890625,118.79600524902344,487.2200012207031,46.52626037597656,173.09658813476562,157.67880249023438,162.18382263183594,36.81596755981445,186.55455017089844,34.6223258972168,53.789794921875,380.6019287109375,85.45458984375,212.40200805664062,742.4598388671875,393.2552185058594,140.0858612060547,428.3710632324219,22.325931549072266,117.93826293945312,105.52368927001953,569.3777465820312,749.1322021484375,155.3912353515625,328.71551513671875,252.8365936279297,83.5879135131836,80.6252670288086,93.25706481933594,147.14039611816406,55.2406120300293,153.93246459960938,59.15940475463867,712.5609130859375,81.7014389038086,183.8381805419922,126.89848327636719,360.218994140625,174.6300048828125,423.05755615234375,112.78252410888672,146.57557678222656,113.99342346191406,5160.64013671875
2024-04-11,173.15234375,419.7600402832031,157.90740966796875,120.2498550415039,484.2799987792969,46.82881546020508,172.96633911132812,159.80709838867188,166.23699951171875,37.24153137207031,186.51637268066406,34.33892059326172,53.55362319946289,377.4869689941406,80.96974182128906,212.938720703125,744.6484375,392.2165222167969,138.77081298828125,420.4422912597656,22.342891693115234,117.3799819946289,105.78945922851562,570.2313232421875,746.7824096679688,154.00306701660156,325.72430419921875,252.7894744873047,86.40547943115234,80.57837677001953,92.85025024414062,145.83030700683594,55.36249923706055,153.3948974609375,58.64216995239258,722.1954956054688,81.17286682128906,184.98452758789062,128.406494140625,360.1318664550781,173.36000061035156,423.62890625,112.40411376953125,145.87274169921875,113.95450592041016,5199.06005859375
2024-04-12,174.64608764648438,413.8451843261719,156.2432098388672,118.17151641845703,474.0899963378906,45.84553146362305,169.58888244628906,155.2611846923828,162.5919952392578,35.321556091308594,174.452880859375,33.80990219116211,53.34579849243164,369.8988342285156,80.36368560791016,212.938720703125,723.2742919921875,387.4775085449219,137.58633422851562,418.0437316894531,21.93573570251465,116.99847412109375,104.08194732666016,560.9617919921875,738.966552734375,150.57911682128906,321.5047302246094,251.63201904296875,86.40547943115234,79.6590805053711,91.45545196533203,145.3530731201172,54.64058303833008,153.15797424316406,58.69096755981445,721.169921875,81.03130340576172,184.31741333007812,124.87342071533203,353.9841003417969,169.5500030517578,421.8306884765625,111.09355163574219,143.23265075683594,110.90015411376953,5123.41015625
2024-04-15,170.8276824951172,405.742919921875,153.40029907226562,116.97138214111328,470.1000061035156,45.60917282104492,168.63986206054688,155.2798614501953,161.2156219482422,35.935157775878906,174.54832458496094,33.961055755615234,53.81814193725586,380.7159729003906,81.10960388183594,213.13389587402344,722.8858032226562,379.8264465332031,137.651611328125,424.1639709472656,21.978145599365234,117.41719055175781,103.87208557128906,553.657470703125,738.1112670898438,150.0131072998047,316.8725891113281,250.5403594970703,87.43858337402344,79.89360046386719,90.06067657470703,145.46536254882812,54.50932312011719,152.1102294921875,58.48603057861328,708.3206787109375,81.33332824707031,182.3253936767578,124.82170867919922,352.31884765625,167.82000732421875,424.3406677246094,110.45672607421875,141.99818420410156,109.86907196044922,5061.81982421875
2024-04-16,167.55337524414062,406.6648864746094,152.94461059570312,117.69341278076172,476.2200012207031,45.30661392211914,170.9659423828125,156.4373321533203,160.0196075439453,35.88566970825195,172.5536651611328,32.76131820678711,53.289119720458984,376.89813232421875,83.11427307128906,213.0753631591797,710.265869140625,378.8990783691406,134.72303771972656,446.30352783203125,21.791532516479492,116.36573791503906,104.1773452758789,550.3624877929688,734.1490478515625,150.8203582763672,313.9657287597656,249.78749084472656,87.71095275878906,80.12811279296875,90.44810485839844,145.9332275390625,54.434326171875,152.61131286621094,58.398197174072266,706.04248046875,81.33332824707031,179.20582580566406,123.13270568847656,348.41729736328125,170.5500030517578,425.49267578125,109.54302978515625,140.8177947998047,110.77369689941406,5051.41015625
2024-04-17,166.18829345703125,403.9772033691406,154.0045623779297,115.79073333740234,474.45001220703125,45.183712005615234,170.36114501953125,154.67312622070312,155.97592163085938,35.31166076660156,171.8665008544922,33.28089141845703,54.01651382446289,383.593505859375,83.99071502685547,212.42149353027344,714.1692504882812,382.1913146972656,135.02151489257812,455.9169921875,21.56250762939453,116.6541976928711,101.01988220214844,543.11767578125,738.1112670898438,152.40708923339844,312.0903625488281,254.04110717773438,89.0727767944336,80.8691635131836,90.20597076416016,146.87838745117188,54.85622024536133,154.41531372070312,58.21277618408203,705.2733764648438,81.8807601928711,178.86758422851562,122.58121490478516,346.9069519042969,170.2100067138672,427.122314453125,109.48764038085938,140.92593383789062,109.8593521118164,5022.2099609375
2024-04-18,165.23863220214844,396.5517883300781,154.53944396972656,113.18551635742188,473.17999267578125,45.48625564575195,168.8445587158203,152.77818298339844,153.2421875,34.67826843261719,172.98313903808594,33.79100799560547,55.49021530151367,382.833740234375,84.15856170654297,212.25558471679688,708.0205078125,383.35986328125,135.92617797851562,469.4234924316406,21.53705406188965,116.52393341064453,100.41889953613281,537.430908203125,733.3724365234375,152.78750610351562,312.1466064453125,255.0104217529297,89.91804504394531,81.75093078613281,89.75071716308594,148.13755798339844,55.23124313354492,156.95733642578125,57.83217239379883,701.3880004882812,81.84303283691406,179.54408264160156,123.00346374511719,346.5293884277344,170.22999572753906,427.1597900390625,109.38611602783203,141.98013305664062,109.3632583618164,5011.1201171875
2024-04-19,163.22064208984375,391.50006103515625,152.63754272460938,112.09268188476562,465.0199890136719,45.68480682373047,168.9468994140625,149.05372619628906,149.6256561279297,33.84694290161133,177.32562255859375,34.92462158203125,57.01113510131836,383.6789855957031,84.53150939941406,225.4691162109375,710.5596313476562,382.60870361328125,137.9500732421875,476.9905090332031,22.054492950439453,117.03569793701172,102.3362808227539,540.6663818359375,714.0635375976562,154.4113311767578,314.4626770019531,255.96090698242188,88.78163146972656,82.18243408203125,90.42874145507812,148.9381103515625,56.41255569458008,158.65199279785156,58.095664978027344,699.6721801757812,82.71641540527344,182.5321044921875,123.02931213378906,344.6151428222656,169.82000732421875,434.4462585449219,110.64131164550781,144.1697540283203,109.5383529663086,4967.22998046875
2024-04-22,164.05157470703125,393.3049621582031,154.80690002441406,111.75117492675781,466.8900146484375,45.514610290527344,169.24462890625,152.55416870117188,152.04615783691406,34.054771423339844,180.77096557617188,35.642574310302734,57.71964645385742,396.3575134277344,85.8648452758789,227.3818817138672,720.1571044921875,386.6613464355469,139.07859802246094,467.5673828125,22.275033950805664,118.11506652832031,102.1359634399414,544.2391357421875,718.9989013671875,155.7846221923828,315.1658935546875,259.3393249511719,88.4623031616211,82.71712493896484,91.12614440917969,151.19842529296875,56.768829345703125,160.77490234375,58.69096755981445,705.5397338867188,83.85564422607422,183.77243041992188,125.26119995117188,347.4815979003906,170.47999572753906,432.0673828125,111.2688980102539,145.8997802734375,108.93526458740234,5010.60009765625
2024-04-23,165.10011291503906,399.7886962890625,156.76824951171875,112.2975845336914,472.8999938964844,45.68480682373047,169.51446533203125,154.45843505859375,153.15673828125,33.92611312866211,183.37643432617188,36.24716567993164,57.56849670410156,402.67303466796875,87.4219741821289,233.1981658935547,726.324951171875,383.2577819824219,139.48895263671875,462.7606506347656,22.325931549072266,118.0592269897461,102.63198852539062,570.2512817382812,733.1168823242188,157.3156280517578,317.8758544921875,260.56268310546875,88.30262756347656,82.42633819580078,91.532958984375,152.1025848388672,56.85321044921875,156.0006561279297,57.6662712097168,712.6595458984375,84.09296417236328,184.31741333007812,128.28587341308594,352.9618835449219,169.17999267578125,430.8966369628906,111.70267486572266,146.73779296875,110.60832977294922,5070.5498046875
2024-04-24,167.197265625,401.25030517578125,157.6300811767578,112.54151916503906,477.1199951171875,45.71316909790039,171.29159545898438,163.17686462402344,155.32098388671875,34.14384078979492,184.27359008789062,36.19993209838867,57.2473030090332,401.7612609863281,87.50587463378906,233.3542938232422,722.705810546875,383.2763977050781,138.52830505371094,463.8266906738281,22.28351593017578,118.1708755493164,101.96424865722656,573.0300903320312,719.854248046875,155.70111083984375,312.2591552734375,260.4404296875,88.88494110107422,83.25181579589844,92.2884521484375,153.1385955810547,57.706382751464844,161.6404571533203,58.42747116088867,713.8527221679688,84.3682861328125,183.0301513671875,126.34697723388672,353.2242126464844,164.3300018310547,430.0163269042969,111.72114562988281,147.38653564453125,110.81260681152344,5071.6298828125
2024-04-25,168.05789184570312,391.4216003417969,154.529541015625,112.1024398803711,473.44000244140625,45.47679901123047,157.15838623046875,163.5876007080078,155.00772094726562,34.74754333496094,184.55032348632812,35.812618255615234,56.614376068115234,398.92169189453125,86.30307006835938,231.3830108642578,717.8265380859375,385.335205078125,136.9334716796875,470.0707092285156,21.42678451538086,121.63225555419922,101.93563842773438,567.4127197265625,712.6478881835938,155.22787475585938,311.2933349609375,259.358154296875,88.22750854492188,82.398193359375,93.39266204833984,153.09149169921875,57.884521484375,160.97531127929688,58.759281158447266,712.993408203125,84.76701354980469,181.36697387695312,127.01051330566406,328.427001953125,166.80999755859375,435.2985534667969,111.97956085205078,148.92735290527344,109.69398498535156,5048.419921875
2024-04-26,167.47425842285156,398.5626220703125,170.3292236328125,114.36614227294922,477.55999755859375,45.2498893737793,155.50222778320312,165.669189453125,157.2478790283203,31.55088996887207,184.66488647460938,35.73704528808594,56.595481872558594,406.0634460449219,86.55481719970703,229.95819091796875,722.7815551757812,385.5948791503906,136.29925537109375,471.48895263671875,21.545536041259766,122.07888793945312,102.57477569580078,569.2685546875,721.1422119140625,148.11090087890625,314.20953369140625,256.9960632324219,88.39655303955078,82.78278350830078,93.33456420898438,151.9048309326172,57.884521484375,159.9730987548828,58.710487365722656,720.2235717773438,86.39987182617188,181.77101135253906,127.18284606933594,333.6546325683594,167.22000122070312,432.0298767089844,108.8692626953125,149.4770050048828,109.65508270263672,5099.9599609375
2024-04-29,171.6289520263672,394.5702819824219,164.5838623046875,113.66362762451172,473.07000732421875,45.17425537109375,155.78134155273438,167.3587188720703,160.60812377929688,31.036256790161133,184.46441650390625,35.47252655029297,56.4915657043457,409.1405029296875,86.67715454101562,233.1591339111328,721.2658081054688,385.1590270996094,136.9334716796875,465.4733581542969,21.74911880493164,121.073974609375,102.32672882080078,572.5338134765625,724.7700805664062,149.87391662597656,315.81292724609375,257.42901611328125,88.3402099609375,82.85782623291016,91.89132690429688,152.25331115722656,58.1657829284668,160.4833221435547,58.7885627746582,717.4085693359375,85.90621948242188,182.0717010498047,128.01011657714844,339.892822265625,173.49000549316406,437.892822265625,110.41980743408203,149.87344360351562,109.02281188964844,5116.169921875
2024-04-30,168.49314880371094,381.89697265625,161.2456512451172,110.99009704589844,462.8299865722656,44.41788101196289,154.63693237304688,164.6797332763672,157.42823791503906,30.155445098876953,182.9947052001953,34.96240997314453,56.03812026977539,405.2467041015625,85.48206329345703,228.38702392578125,714.9747924804688,385.6412658691406,134.85360717773438,460.400146484375,21.73215675354004,120.2365493774414,101.08666229248047,564.425537109375,767.9298095703125,150.91317749023438,313.3936767578125,256.94903564453125,86.64966583251953,83.00791931152344,91.13581848144531,153.70367431640625,57.91264343261719,160.27378845214844,57.920005798339844,714.020751953125,87.26378631591797,181.094482421875,127.08802795410156,325.0941467285156,167.83999633789062,435.4389953613281,109.1553726196289,145.3140869140625,108.06952667236328,5035.68994140625
2024-05-01,167.47425842285156,387.3998718261719,162.31546020507812,111.84874725341797,469.3900146484375,44.2855224609375,152.9900665283203,163.5409393310547,155.7765655517578,30.05647850036621,183.1092071533203,34.905731201171875,56.22706604003906,405.474609375,86.14078521728516,225.8790283203125,712.075439453125,385.9844055175781,140.99984741210938,460.79034423828125,23.055421829223633,119.84573364257812,101.39190673828125,570.6481323242188,763.6531372070312,150.0594940185547,311.28399658203125,258.257080078125,84.84642791748047,69.82833862304688,90.87430572509766,153.8920440673828,58.062652587890625,159.581298828125,57.432044982910156,713.3490600585938,87.24479675292969,183.5093231201172,125.7437744140625,321.6932678222656,171.4600067138672,432.4420166015625,107.0880126953125,143.83633422851562,107.4664535522461,5018.39013671875
2024-05-02,171.16403198242188,390.2445983886719,165.0494384765625,112.17074584960938,476.57000732421875,44.23824691772461,153.23199462890625,164.10098266601562,170.95462036132812,30.195032119750977,182.91835021972656,34.839599609375,56.5199089050293,410.8119201660156,87.185302734375,226.89393615722656,717.210693359375,386.689208984375,139.82469177246094,469.22357177734375,23.49651336669922,119.3432846069336,101.0389633178711,566.9364013671875,743.1644897460938,149.21510314941406,314.6221008300781,257.1749267578125,86.79054260253906,70.28797149658203,91.93009185791016,154.30642700195312,58.1189079284668,159.85467529296875,58.27132797241211,723.4434814453125,88.20362854003906,181.94955444335938,126.86400604248047,325.93951416015625,178.85000610351562,433.81878662109375,107.2818374633789,144.82752990722656,109.5480728149414,5064.2001953125
2024-05-03,181.4024200439453,398.8961181640625,165.66360473632812,112.9903564453125,486.17999267578125,44.55024337768555,154.1810302734375,167.00401306152344,170.51795959472656,30.58100700378418,181.82077026367188,35.18912887573242,56.623817443847656,416.1398010253906,88.11691284179688,225.20565795898438,723.7574462890625,394.31243896484375,139.21849060058594,468.7286682128906,23.58982276916504,118.64541625976562,101.01988220214844,568.057861328125,722.5775756835938,151.98023986816406,321.4859619140625,254.3893280029297,86.54635620117188,68.58072662353516,92.12379455566406,154.890380859375,58.28766632080078,160.49246215820312,58.37868118286133,734.7627563476562,88.1751480102539,183.988525390625,126.18323516845703,327.2124328613281,179.7899932861328,432.6105651855469,107.06031036376953,144.39500427246094,110.55970764160156,5127.7900390625
2024-05-06,179.75042724609375,405.6448059082031,166.5155029296875,115.46871948242188,493.5899963378906,44.540794372558594,156.8792724609375,169.5803680419922,172.61575317382812,30.774776458740234,183.24282836914062,35.60478973388672,56.85999298095703,421.3536682128906,89.19908905029297,228.67979431152344,733.9234008789062,394.85040283203125,138.57493591308594,470.565673828125,23.88671112060547,118.70125579833984,100.7718734741211,569.218994140625,753.7528686523438,150.99668884277344,320.96087646484375,253.42942810058594,87.68277740478516,68.38373565673828,94.39032745361328,154.8715362548828,58.45642852783203,160.1917724609375,58.42747116088867,747.1586303710938,88.45995330810547,183.2274169921875,126.39004516601562,332.4109191894531,178.35000610351562,433.4253845214844,107.75252532958984,146.24221801757812,113.29305267333984,5180.740234375
2024-05-07,180.43296813964844,401.5249938964844,169.6357879638672,115.06868743896484,492.2699890136719,44.70151901245117,156.66525268554688,171.7427520751953,171.00209045410156,30.486604690551758,183.0042266845703,35.746490478515625,56.92611312866211,421.47705078125,90.14010620117188,229.00184631347656,739.8733520507812,397.44708251953125,138.70553588867188,476.8287048339844,23.555892944335938,121.31590270996094,101.2774429321289,568.544189453125,764.6558837890625,150.8296661376953,319.4605407714844,251.7355194091797,88.07723999023438,68.00851440429688,94.84556579589844,156.11471557617188,58.709564208984375,162.1962127685547,59.15940475463867,761.8361206054688,89.31436157226562,184.96575927734375,126.75199127197266,335.2287292480469,176.7100067138672,437.0780334472656,107.21722412109375,146.57557678222656,102.51528930664062,5187.7001953125
2024-05-08,180.76931762695312,402.7020263671875,167.78343200683594,114.54179382324219,488.1000061035156,45.38225173950195,158.0795135498047,172.9462127685547,171.3817901611328,29.81089210510254,186.72634887695312,35.62368392944336,57.84245300292969,424.4686584472656,89.99894714355469,230.54376220703125,737.4194946289062,398.0498352050781,138.92002868652344,478.9703063964844,23.980018615722656,120.54360961914062,100.10411834716797,569.308349609375,761.9326782226562,148.88108825683594,317.7164611816406,252.66712951660156,87.89878845214844,68.94656372070312,95.40735626220703,155.46487426757812,58.92519760131836,161.6404571533203,58.84711456298828,754.0330200195312,88.73526763916016,186.0933074951172,127.33795928955078,334.7429504394531,180.35000610351562,436.59100341796875,107.19877624511719,146.4584197998047,102.56392669677734,5187.669921875
2024-05-09,182.57960510253906,404.4480895996094,168.35797119140625,113.80998992919922,482.6499938964844,45.183712005615234,156.23777770996094,174.2342529296875,171.37228393554688,29.90032386779785,188.49197387695312,36.16215133666992,58.22249221801758,432.64556884765625,92.32324981689453,233.3738250732422,747.6519165039062,400.9062805175781,139.75946044921875,482.60626220703125,24.26416015625,121.17633056640625,99.84654235839844,573.56591796875,758.5408325195312,148.8346710205078,325.78997802734375,252.15899658203125,87.71095275878906,70.99151611328125,95.80449676513672,156.37841796875,58.95332336425781,162.232666015625,59.187904357910156,769.4711303710938,89.31436157226562,188.51756286621094,127.58785247802734,341.8167419433594,181.25,438.6795349121094,109.31228637695312,149.08050537109375,102.91410827636719,5214.080078125
2024-05-10,181.32156372070312,406.8218994140625,167.060302734375,113.8392562866211,482.2900085449219,45.43898391723633,157.06466674804688,175.8607635498047,172.8341064453125,29.66183853149414,189.70404052734375,36.32273864746094,58.802059173583984,431.8572998046875,92.48323059082031,236.45761108398438,754.7955322265625,400.2385559082031,139.8153839111328,488.10791015625,24.11778450012207,121.01814270019531,99.91332244873047,588.5519409179688,747.1856079101562,149.15943908691406,324.8428955078125,258.7934875488281,85.40994262695312,71.39488983154297,95.70762634277344,157.14129638671875,59.309593200683594,163.8088836669922,59.227073669433594,777.5211791992188,90.28269958496094,190.6693115234375,128.4069061279297,344.7414245605469,178.50999450683594,439.138427734375,108.8692626953125,149.41392517089844,102.90438079833984,5222.68017578125
2024-05-13,184.5210723876953,405.8213195800781,167.54566955566406,113.54653930664062,483.1099853515625,46.025169372558594,157.44996643066406,176.584716796875,174.85595703125,30.317676544189453,189.6658477783203,36.09601593017578,58.2034912109375,430.7461853027344,92.74671936035156,232.8956298828125,748.788818359375,396.9370422363281,141.03717041015625,487.0894470214844,24.488035202026367,120.30166625976562,99.94195556640625,586.239501953125,744.9244384765625,149.65122985839844,319.7137145996094,255.3303985595703,87.08169555664062,71.46054077148438,95.64952087402344,156.21832275390625,59.609615325927734,164.82020568847656,59.15852355957031,765.6289672851562,89.67510986328125,191.4961395263672,131.22128295898438,346.57794189453125,178.44000244140625,440.7119445800781,108.82313537597656,148.25155639648438,102.94329833984375,5221.419921875
2024-05-14,185.66021728515625,408.60711669921875,168.73439025878906,117.9373550415039,475.95001220703125,46.28044128417969,157.26197814941406,179.69671630859375,179.37420654296875,30.854272842407227,192.31907653808594,36.36053466796875,58.802059173583984,435.4092102050781,93.51836395263672,235.70619201660156,760.7548828125,396.9555969238281,141.18641662597656,489.1263732910156,24.436368942260742,119.71548461914062,99.21698760986328,590.3085327148438,751.0984497070312,149.93887329101562,319.2823791503906,254.7093048095703,87.1474380493164,70.9446029663086,95.93040466308594,156.11471557617188,59.159584045410156,163.88177490234375,58.61992645263672,768.3451538085938,89.77955627441406,190.94180297851562,128.90354919433594,348.0354919433594,180.75999450683594,437.5462341308594,109.4837417602539,147.42259216308594,102.47638702392578,5246.68017578125
2024-05-15,187.92860412597656,415.7511901855469,170.88394165039062,118.67890930175781,485.3500061035156,46.961177825927734,158.10769653320312,183.83349609375,184.72781372070312,31.072887420654297,192.8916778564453,36.757293701171875,59.2296028137207,442.6458740234375,94.59111022949219,235.87208557128906,772.8253173828125,404.0686950683594,142.38954162597656,492.6195983886719,24.815229415893555,122.57203674316406,99.7702407836914,594.4967041015625,775.0689086914062,151.98023986816406,326.9433288574219,257.7300720214844,86.09554290771484,71.0102767944336,95.75054931640625,156.82106018066406,59.187713623046875,163.50823974609375,58.590545654296875,777.372802734375,89.7415771484375,192.6800994873047,128.90354919433594,349.8427734375,176.99000549316406,434.6429138183594,110.33041381835938,146.91798400878906,99.96675109863281,5308.14990234375
2024-05-16,188.04747009277344,413.6973876953125,172.5381622314453,119.19606018066406,482.8800048828125,45.70370864868164,158.7748565673828,183.30697631835938,183.4558563232422,31.828094482421875,193.2352752685547,37.05014419555664,58.01347351074219,441.1548767089844,93.7065658569336,235.5012664794922,765.2553100585938,406.22027587890625,143.89111328125,496.1603698730469,24.901330947875977,121.78115844726562,100.03733825683594,592.640869140625,759.4102783203125,152.49984741210938,321.3734436035156,257.3913269042969,86.18944549560547,71.15203857421875,96.17833709716797,158.092529296875,59.365848541259766,166.83377075195312,62.6839485168457,783.3287963867188,89.7415771484375,195.17384338378906,130.40225219726562,340.7867736816406,182.9600067138672,435.3453369140625,109.66983032226562,146.61764526367188,100.55038452148438,5297.10009765625
2024-05-17,188.07716369628906,412.930908203125,174.4004669189453,120.50354766845703,483.42999267578125,45.54298400878906,158.8312225341797,183.35401916503906,184.0159149169922,31.629356384277344,195.44944763183594,37.116268157958984,58.03247833251953,444.19390869140625,94.3088150024414,236.96511840820312,769.528076171875,409.800048828125,144.22686767578125,499.35845947265625,24.660240173339844,122.06957244873047,99.29328155517578,590.8047485351562,758.3072509765625,154.4206085205078,322.7611999511719,256.32794189453125,86.57451629638672,73.58112335205078,97.51036834716797,157.88534545898438,59.09395980834961,165.99557495117188,63.31068801879883,786.03515625,89.36183166503906,194.5598602294922,130.03627014160156,346.1795654296875,184.9499969482422,436.6284484863281,111.31668090820312,148.05569458007812,100.43365478515625,5303.27001953125
2024-05-20,189.2361297607422,417.9720458984375,175.25234985351562,121.49878692626953,484.69000244140625,44.5597038269043,159.6675262451172,187.283935546875,187.71786499023438,31.897653579711914,186.65953063964844,36.67227554321289,57.67143249511719,439.654296875,94.4123306274414,236.45761108398438,762.8677368164062,405.96063232421875,142.2242431640625,492.3149719238281,24.565526962280273,121.88348388671875,98.4538345336914,589.5245361328125,771.2869873046875,152.69471740722656,316.7693786621094,252.08370971679688,86.18944549560547,73.28812408447266,95.07965850830078,157.57452392578125,58.66268539428711,164.28265380859375,62.85042190551758,783.259765625,89.60865783691406,193.28465270996094,128.59860229492188,352.47601318359375,186.61000061035156,437.4526062011719,110.4141616821289,146.66314697265625,100.09320831298828,5308.1298828125
2024-05-21,190.53378295898438,421.60797119140625,176.17359924316406,121.60612487792969,481.8500061035156,44.380062103271484,163.00332641601562,187.10531616210938,190.6510009765625,31.5399227142334,190.41986083984375,37.45634841918945,58.39351272583008,446.74859619140625,95.54154968261719,237.21881103515625,762.6213989257812,407.9360046386719,142.196044921875,498.33056640625,24.591354370117188,121.66947174072266,98.2153549194336,585.6639404296875,790.9735717773438,151.1822509765625,315.2034606933594,250.20156860351562,87.17562103271484,73.45826721191406,94.99214172363281,158.5540313720703,58.981449127197266,164.98422241210938,63.800331115722656,791.09228515625,90.34915924072266,192.2361297607422,126.70782470703125,348.9002990722656,184.77999877929688,438.6046142578125,109.6512222290039,145.59825134277344,100.20021057128906,5321.41015625
2024-05-22,189.09744262695312,423.06231689453125,174.7174530029297,121.57685089111328,483.92999267578125,44.84334182739258,163.21006774902344,190.42413330078125,192.6253204345703,31.221940994262695,189.26499938964844,37.56025695800781,57.88995361328125,439.1225280761719,94.79814147949219,234.3009033203125,757.5809936523438,410.1895751953125,144.32090759277344,496.2364807128906,25.486841201782227,121.98583221435547,99.9896469116211,586.3388671875,790.7174682617188,148.1016387939453,309.9898986816406,250.1074676513672,86.87506103515625,76.29376220703125,98.31737518310547,158.04542541503906,59.065834045410156,165.90444946289062,63.89825439453125,792.0108032226562,89.95993041992188,191.56546020507812,125.27015686035156,345.8589172363281,186.27999877929688,439.91583251953125,107.44609832763672,143.4138641357422,100.20993041992188,5307.009765625
2024-05-23,185.1154022216797,419.60333251953125,171.91409301757812,121.0792236328125,483.30999755859375,44.0586051940918,160.37225341796875,185.4882049560547,191.51473999023438,29.8903865814209,187.93841552734375,37.00290298461914,56.70233154296875,435.1052551269531,93.08549499511719,229.78257751464844,743.3125610351562,404.6066589355469,140.7481231689453,491.93426513671875,24.70329475402832,121.9765396118164,99.42682647705078,580.6123657226562,796.1734008789062,146.84898376464844,306.5205383300781,242.72947692871094,85.84197235107422,74.01589965820312,97.38397216796875,155.8604278564453,58.21266174316406,163.3351287841797,63.49675369262695,786.55859375,88.98209381103516,188.3443603515625,121.20106506347656,340.76727294921875,172.2100067138672,437.4526062011719,105.61314392089844,142.84046936035156,97.91431427001953,5267.83984375
2024-05-24,188.18614196777344,422.70855712890625,173.34056091308594,119.9278564453125,475.42999267578125,43.888423919677734,160.57901000976562,187.26510620117188,199.6780242919922,30.526351928710938,191.55557250976562,37.50358963012695,57.20587921142578,437.98291015625,93.1325454711914,232.43695068359375,740.8018188476562,406.42431640625,138.18136596679688,483.6914367675781,24.86688804626465,120.48777770996094,99.15973663330078,579.6398315429688,795.1688842773438,145.73550415039062,304.8420104980469,242.8988800048828,86.1706771850586,74.54519653320312,99.30908203125,155.709716796875,58.12828063964844,162.16891479492188,64.02556610107422,799.7841796875,88.57389068603516,188.6277313232422,120.81768035888672,339.0182800292969,174.52000427246094,437.70550537109375,105.52940368652344,143.5777130126953,98.98429870605469,5304.72021484375
2024-05-28,188.19606018066406,422.86578369140625,174.73724365234375,121.46952819824219,478.42999267578125,43.75605773925781,159.4232177734375,187.6600341796875,202.2599334716797,30.86421012878418,190.40072631835938,37.14460754394531,56.512306213378906,436.6817932128906,92.85023498535156,231.52940368652344,730.8632202148438,399.70989990234375,135.7462615966797,479.41766357421875,24.36748504638672,117.32414245605469,97.25190734863281,568.2463989257812,795.5923461914062,144.13951110839844,308.2176818847656,238.5982208251953,86.40547943115234,73.2314224243164,98.60905456542969,153.61891174316406,57.95952606201172,157.9686737060547,63.69261169433594,803.1819458007812,87.28276824951172,188.14599609375,119.87664794921875,336.6571044921875,175.0800018310547,429.398193359375,106.86920928955078,144.75180053710938,99.645751953125,5306.0400390625
2024-05-29,188.4932098388672,421.7357482910156,174.24195861816406,120.73770904541016,477.6000061035156,43.56697082519531,156.970703125,183.25057983398438,197.68466186523438,29.94007110595703,189.07412719726562,36.57780075073242,55.81873321533203,434.17462158203125,91.53280639648438,230.2509765625,716.812744140625,394.94232177734375,135.8026580810547,461.3710021972656,23.954185485839844,117.14734649658203,96.088134765625,563.0162353515625,799.2066040039062,143.62916564941406,305.6015319824219,234.67396545410156,86.09554290771484,72.66431427001953,98.62850189208984,152.24386596679688,57.847015380859375,155.93685913085938,63.57509231567383,796.6137084960938,86.66570281982422,186.1528778076172,117.11454772949219,328.53387451171875,171.64999389648438,424.0035400390625,105.72480010986328,142.80406188964844,98.12830352783203,5266.9501953125
2024-05-30,189.48377990722656,407.48687744140625,170.48770141601562,114.24905395507812,445.8699951171875,43.60478210449219,155.63636779785156,183.97450256347656,195.19708251953125,29.99969482421875,190.2384796142578,36.4927864074707,56.255775451660156,430.1712951660156,91.49517822265625,231.5001220703125,721.8152465820312,391.810302734375,136.59246826171875,458.4488220214844,24.281381607055664,115.87259674072266,97.05157470703125,558.5105590820312,802.68310546875,145.0395965576172,310.81353759765625,237.21484375,87.76728820800781,74.44123077392578,100.50499725341797,153.1197509765625,58.10015869140625,155.32643127441406,63.545711517333984,805.3253784179688,86.32392883300781,189.7801513671875,119.24930572509766,329.6416015625,172.75,431.7021484375,106.05974578857422,144.04188537597656,98.92593383789062,5235.47998046875
2024-05-31,190.4346923828125,407.9388732910156,170.87399291992188,114.3466567993164,444.760009765625,43.96406555175781,156.78277587890625,183.3446044921875,194.48223876953125,30.655534744262695,193.38800048828125,37.77754211425781,56.93034744262695,436.1810302734375,92.06918334960938,234.2130889892578,731.4507446289062,397.3121643066406,137.8993377685547,471.50799560546875,24.677459716796875,116.8123779296875,97.4808578491211,563.691162109375,807.8828735351562,149.61412048339844,316.1861267089844,243.63296508789062,89.27000427246094,75.82117462158203,100.24247741699219,154.9656982421875,59.00020217895508,157.5313262939453,64.397705078125,799.9422607421875,88.2510986328125,190.98924255371094,121.05294036865234,328.9322814941406,177.61000061035156,440.5058898925781,109.10225677490234,147.71896362304688,101.07565307617188,5277.509765625
2024-06-03,192.19789123535156,406.3567810058594,171.5377197265625,116.38593292236328,439.0199890136719,44.10588073730469,155.30747985839844,182.1317596435547,196.25502014160156,30.099063873291016,192.6149139404297,37.67362594604492,56.37929153442383,434.7095947265625,91.66455841064453,231.16831970214844,736.5098876953125,398.9385681152344,138.90536499023438,473.478271484375,25.237138748168945,119.49215698242188,98.1295166015625,565.279052734375,818.636962890625,148.63983154296875,309.7088928222656,246.02928161621094,89.0060043334961,77.57918548583984,102.51763916015625,155.06927490234375,59.00020217895508,156.009765625,64.4564437866211,805.3746337890625,87.7859115600586,191.2443084716797,120.60857391357422,321.9750671386719,184.57000732421875,440.8924560546875,106.48774719238281,143.31375122070312,99.96675109863281,5283.39990234375
2024-06-04,192.514892578125,408.8626708984375,172.15182495117188,117.1567611694336,448.3699951171875,44.83387756347656,155.80552673339844,181.73690795898438,194.78721618652344,29.8407039642334,190.07626342773438,37.48469161987305,55.77122116088867,435.0153503417969,90.88350677490234,231.52940368652344,744.013671875,401.33636474609375,138.96177673339844,481.1404724121094,25.392126083374023,119.76200866699219,98.6636962890625,565.3682250976562,819.9468383789062,150.44920349121094,309.9449157714844,248.84239196777344,89.32656860351562,78.25023651123047,102.93572235107422,157.2919921875,59.94712829589844,158.43333435058594,65.22029876708984,817.227294921875,89.05804443359375,195.7500457763672,118.1775894165039,318.2923889160156,188.6199951171875,442.1087951660156,104.83158111572266,142.1032257080078,100.511474609375,5291.33984375
2024-06-05,194.02049255371094,416.6651306152344,173.756591796875,119.65464782714844,455.79998779296875,43.51023864746094,157.28079223632812,184.35060119628906,201.96414184570312,30.585975646972656,188.26290893554688,37.749202728271484,55.75221633911133,441.1111145019531,90.95878601074219,229.03114318847656,747.4149780273438,405.4719543457031,137.24118041992188,478.8846435546875,25.44378662109375,120.45054626464844,98.4729232788086,570.93603515625,819.12939453125,153.51126098632812,311.8333435058594,246.25660705566406,88.93057250976562,76.70962524414062,104.802490234375,156.38784790039062,59.92837905883789,158.06890869140625,65.70014953613281,824.0523071289062,88.91563415527344,197.67703247070312,119.8679428100586,320.119140625,189.85000610351562,438.6578063964844,105.25028228759766,141.05654907226562,98.73139190673828,5354.02978515625
2024-06-06,192.6436309814453,417.1662292480469,175.0641632080078,120.50354766845703,458.1300048828125,43.70879364013672,158.05128479003906,184.50100708007812,199.6195068359375,30.22824478149414,187.9288787841797,37.50358963012695,54.849613189697266,437.690673828125,91.13758087158203,227.72344970703125,737.6089477539062,403.95709228515625,137.6642608642578,477.74249267578125,24.798004150390625,121.44617462158203,99.46498107910156,575.461669921875,824.5753784179688,156.4156036376953,312.62640380859375,246.94805908203125,90.25057983398438,77.00263214111328,103.96632385253906,158.66702270507812,60.144012451171875,157.80465698242188,65.75891876220703,832.2900390625,89.21943664550781,196.90245056152344,119.85922241210938,318.9920349121094,191.4199981689453,441.85418701171875,106.0411376953125,141.92120361328125,98.44930267333984,5352.9599609375
2024-06-07,195.03089904785156,416.5078430175781,172.81553649902344,122.86483001708984,465.42999267578125,43.340057373046875,159.75213623046875,183.90872192382812,196.9317169189453,30.546226501464844,190.83023071289062,37.80771255493164,55.44818115234375,434.6427307128906,91.41046905517578,227.059814453125,733.0885009765625,398.455322265625,138.28482055664062,467.05340576171875,24.608577728271484,121.58573913574219,102.6224594116211,576.7021484375,837.0825805664062,157.20431518554688,308.7835388183594,242.67625427246094,91.03315734863281,76.96482849121094,104.46219635009766,157.3390655517578,59.91900634765625,157.06541442871094,64.51520538330078,835.1939086914062,89.13399505615234,197.2141876220703,119.92892456054688,319.6236267089844,190.24000549316406,443.2779846191406,104.9060287475586,142.0577392578125,98.77030181884766,5346.990234375
2024-06-10,191.29649353027344,420.4582214355469,173.559326171875,121.47927856445312,459.94000244140625,43.34951400756836,160.09979248046875,185.79844665527344,199.53370666503906,30.71515464782715,190.50572204589844,37.70317077636719,55.03963851928711,433.3432922363281,90.7047119140625,226.83535766601562,730.6852416992188,399.6262512207031,138.3318328857422,471.15582275390625,24.169445037841797,122.3487319946289,102.53661346435547,577.0891723632812,851.8646850585938,158.16932678222656,314.0050048828125,240.40304565429688,90.51458740234375,77.12549591064453,104.34552764892578,157.61221313476562,59.618988037109375,152.3453826904297,65.57283782958984,837.9199829101562,89.14347839355469,199.06561279296875,119.9637680053711,320.27459716796875,190.1199951171875,440.7604064941406,105.21306610107422,142.65843200683594,99.93756866455078,5360.7900390625
2024-06-11,205.19398498535156,425.1849060058594,175.15597534179688,120.87431335449219,462.69000244140625,43.27387619018555,159.103759765625,185.62924194335938,198.7426300048828,30.7250919342041,185.4951629638672,36.93333053588867,54.27955627441406,424.47674560546875,89.80133819580078,219.11610412597656,722.5407104492188,398.5203552246094,137.9839324951172,472.3170471191406,24.135005950927734,122.67440795898438,100.93402099609375,571.5414428710938,852.6723022460938,155.60833740234375,316.9886779785156,240.8482208251953,90.39201354980469,75.50926208496094,104.11217498779297,157.734619140625,59.58149337768555,151.5832061767578,65.34761047363281,838.8780517578125,89.20044708251953,197.87539672851562,119.67625427246094,318.039794921875,185.5,436.3666076660156,104.36637115478516,142.430908203125,98.11857604980469,5375.31982421875
2024-06-12,211.05812072753906,433.41973876953125,176.31626892089844,136.9739990234375,459.8699951171875,43.132057189941406,158.80303955078125,187.07708740234375,205.29049682617188,30.56610107421875,182.7942657470703,37.45606231689453,54.441070556640625,428.7094421386719,90.00836181640625,218.63790893554688,734.4427490234375,409.1523132324219,136.71469116210938,469.31878662109375,23.816421508789062,121.14842224121094,99.56991577148438,571.3428344726562,854.129638671875,154.11439514160156,324.93890380859375,241.0376434326172,88.32714080810547,75.02722930908203,104.12189483642578,155.56845092773438,58.95332336425781,150.44451904296875,64.93630981445312,837.396484375,88.5074234008789,196.94970703125,118.87461853027344,319.4195556640625,182.6699981689453,432.8873291015625,103.21263885498047,140.36483764648438,98.05049133300781,5421.02978515625
2024-06-13,212.21707153320312,433.9306945800781,173.7080841064453,136.45684814453125,458.739990234375,43.03750228881836,158.9158172607422,184.5386199951172,207.59703063964844,30.26799201965332,184.8271026611328,37.31350326538086,54.41257858276367,426.464111328125,89.59432220458984,216.83251953125,734.0612182617188,406.3084411621094,136.75228881835938,473.3450012207031,23.80780792236328,120.37611389160156,98.68276977539062,568.3060302734375,869.9163208007812,154.55052185058594,328.47021484375,240.298828125,88.79857635498047,75.84007263183594,105.25947570800781,156.72689819335938,59.056453704833984,149.98536682128906,65.31822204589844,835.5692138671875,89.95993041992188,197.07247924804688,117.53280639648438,317.1166687011719,180.6999969482422,432.3687744140625,102.3845443725586,139.1088104248047,97.35984802246094,5433.740234375
2024-06-14,210.4835968017578,434.903564453125,175.32455444335938,134.77859497070312,525.3099975585938,43.188777923583984,159.00038146972656,182.30101013183594,205.23333740234375,30.258056640625,184.9416046142578,37.294490814208984,54.53608322143555,426.5692138671875,89.8672103881836,219.39910888671875,733.6989135742188,403.71551513671875,136.83688354492188,473.1736755371094,23.704483032226562,120.47846221923828,98.90218353271484,568.1173095703125,865.1104125976562,156.43414306640625,327.48822021484375,240.18519592285156,88.05371856689453,75.28243255615234,105.49281311035156,157.0847930908203,59.09897232055664,150.4261474609375,65.631591796875,845.159912109375,89.82701873779297,196.97801208496094,118.19500732421875,312.36517333984375,177.27000427246094,432.16131591796875,101.51924896240234,138.8630828857422,97.24313354492188,5431.60009765625
2024-06-17,214.62413024902344,440.60308837890625,175.7708282470703,137.88140869140625,518.739990234375,43.1982307434082,159.27288818359375,183.2411651611328,211.80023193359375,30.784713745117188,186.0869140625,37.55111312866211,55.334171295166016,430.12347412109375,91.31637573242188,222.7659149169922,744.9046630859375,402.6932373046875,137.22239685058594,467.63922119140625,23.230911254882812,119.34585571289062,98.68276977539062,564.0951538085938,871.5708618164062,157.44554138183594,329.9998474121094,240.118896484375,89.57172393798828,76.87030029296875,107.1651382446289,157.7534637451172,59.16511154174805,152.56578063964844,66.02330017089844,857.2494506835938,91.08963012695312,200.2085723876953,118.36927032470703,313.26885986328125,178.38999938964844,432.7930908203125,100.82142639160156,139.4274139404297,98.75083923339844,5473.22998046875
2024-06-18,212.26657104492188,438.6082763671875,173.63865661621094,141.130615234375,522.25,43.46296310424805,160.25953674316406,184.51040649414062,216.44189453125,30.436920166015625,188.0147705078125,38.00730895996094,56.103755950927734,437.0504455566406,91.81510925292969,223.7808380126953,747.3556518554688,405.06304931640625,136.94032287597656,459.8202209472656,23.601160049438477,119.80450439453125,99.1978988647461,565.2568969726562,877.9229125976562,159.00442504882812,334.1260070800781,237.5425567626953,89.3642807006836,75.8022689819336,107.20404815673828,158.75181579589844,59.174560546875,152.87802124023438,66.19956970214844,860.0547485351562,92.09595489501953,201.07760620117188,116.93157958984375,315.9312438964844,174.99000549316406,433.7265319824219,101.77045440673828,139.55477905273438,98.73139190673828,5487.02978515625
2024-06-20,207.7001190185547,437.9793395996094,174.838623046875,139.4425811767578,522.9500122070312,44.17206573486328,163.4261932373047,181.2292022705078,205.3667449951172,30.426984786987305,189.6085968017578,38.00730895996094,56.018253326416016,437.64288330078125,91.69278717041016,224.6591339111328,746.5735473632812,407.7210388183594,138.9429473876953,463.1370544433594,23.885303497314453,121.37705993652344,101.65900421142578,553.3792724609375,872.535888671875,159.71890258789062,333.7200012207031,240.39356994628906,90.1091537475586,75.34859466552734,107.32070922851562,157.91357421875,58.749385833740234,153.0616455078125,66.60108184814453,851.8468017578125,92.03898620605469,202.2772674560547,119.25800323486328,319.80828857421875,176.3000030517578,439.70440673828125,103.9662857055664,142.5674285888672,99.0621109008789,5473.169921875
2024-06-21,205.5308380126953,441.9886779785156,178.1410369873047,138.06680297851562,533.4400024414062,44.71097946166992,162.05430603027344,183.83349609375,202.56460571289062,30.894020080566406,187.34669494628906,37.53209686279297,55.20115661621094,430.12347412109375,90.48828125,224.82505798339844,751.1226806640625,408.195068359375,139.85494995117188,461.292236328125,23.885303497314453,122.35991668701172,100.84818267822266,560.7184448242188,870.4578857421875,158.1043701171875,335.9483337402344,245.68829345703125,91.62715148925781,75.52816772460938,107.93326568603516,158.46923828125,59.30683135986328,153.61265563964844,66.50314331054688,837.8903198242188,92.34278106689453,203.17462158203125,119.02274322509766,318.55474853515625,176.55999755859375,440.8924560546875,103.05447387695312,141.32962036132812,99.48038482666016,5464.6201171875
2024-06-24,206.17465209960938,439.915283203125,177.73443603515625,136.49586486816406,524.1699829101562,44.70151901245117,164.45042419433594,182.31039428710938,191.4227294921875,30.37729835510254,189.8090057373047,38.03582000732422,56.06575393676758,441.5028381347656,91.37283325195312,225.88876342773438,761.9470825195312,413.53887939453125,140.2028045654297,468.35614013671875,24.41914939880371,124.45665740966797,100.44752502441406,562.0592651367188,876.5934448242188,160.284912109375,331.3028259277344,246.6260223388672,91.61772155761719,75.3580322265625,107.97215270996094,158.64816284179688,60.44063186645508,154.34730529785156,67.47264862060547,837.7420654296875,93.97565460205078,203.93031311035156,120.76542663574219,320.653564453125,179.10000610351562,444.5791320800781,106.1155776977539,144.99754333496094,99.19829559326172,5447.8701171875
2024-06-25,207.09591674804688,443.1383972167969,182.50454711914062,135.7933349609375,526.8800048828125,44.79607009887695,162.18585205078125,182.8369140625,192.69039916992188,30.546226501464844,189.03598022460938,37.42755126953125,54.346065521240234,437.0027160644531,92.03154754638672,225.02996826171875,757.59814453125,417.0797424316406,138.3882293701172,463.1179504394531,24.10055923461914,124.4192123413086,100.62876892089844,552.6940307617188,890.8731079101562,158.4384307861328,319.4436340332031,243.78448486328125,89.33599853515625,74.9327163696289,107.60266876220703,157.14129638671875,60.31780242919922,153.67691040039062,66.02330017089844,845.0018920898438,93.7003402709961,202.570068359375,117.07099914550781,318.12725830078125,175.10000610351562,441.3355712890625,106.41329956054688,144.2239532470703,99.41230010986328,5469.2998046875
2024-06-26,211.23641967773438,444.3274841308594,182.3557891845703,134.8761444091797,528.6599731445312,44.30442428588867,161.49986267089844,181.54884338378906,188.07733154296875,30.347488403320312,188.42515563964844,37.0663948059082,54.16554260253906,435.5503845214844,91.17521667480469,225.11778259277344,750.9795532226562,416.6893615722656,138.0403594970703,462.6783142089844,23.609766006469727,123.09004211425781,100.04688262939453,554.3327026367188,887.5740966796875,158.8095703125,322.7483215332031,244.21067810058594,88.68543243408203,74.8098373413086,107.47628021240234,157.70639038085938,60.51621627807617,153.1167449951172,66.87528991699219,846.3156127929688,93.254150390625,201.6065673828125,120.37329864501953,317.47625732421875,178.5,440.3172912597656,106.4505386352539,141.93943786621094,99.3928451538086,5477.89990234375
2024-06-27,212.07839965820312,445.0055236816406,183.8730926513672,136.77883911132812,546.760009765625,44.86225128173828,160.5414276123047,181.859130859375,185.9995574951172,30.397172927856445,190.08580017089844,37.30399703979492,54.555084228515625,426.0914611816406,90.12127685546875,222.8927764892578,744.9524536132812,417.2005615234375,137.08135986328125,464.9723205566406,23.936967849731445,121.51748657226562,99.82748413085938,546.9935302734375,895.2359008789062,156.80531311035156,322.43670654296875,244.53274536132812,88.80799865722656,74.89488983154297,107.48601531982422,156.92466735839844,60.383941650390625,152.67596435546875,66.4737777709961,840.171875,93.19718933105469,202.5039520263672,118.35183715820312,318.185546875,182.50999450683594,440.44927978515625,106.90645599365234,142.27618408203125,99.38311767578125,5482.8701171875
2024-06-28,208.63124084472656,439.20770263671875,180.64015197753906,137.77407836914062,555.5399780273438,44.918975830078125,162.51470947265625,182.893310546875,189.840576171875,30.774776458740234,193.0348663330078,37.7982177734375,56.426788330078125,432.1680908203125,91.45753479003906,225.96682739257812,750.855712890625,414.4961242675781,137.41981506347656,486.7853088378906,24.09195327758789,115.88249969482422,99.12158966064453,549.1983032226562,891.6314697265625,159.15286254882812,325.03326416015625,241.37864685058594,71.06338500976562,73.58112335205078,107.04847717285156,155.32359313964844,60.13828659057617,151.4546356201172,66.30728912353516,839.5497436523438,92.12444305419922,201.71051025390625,119.2406005859375,323.665771484375,182.00999450683594,440.4210205078125,107.11113739013672,142.36717224121094,96.58168029785156,5460.47998046875
2024-07-01,214.703369140625,448.81829833984375,181.4731903076172,139.61822509765625,560.010009765625,44.928436279296875,164.53497314453125,182.9591522216797,190.65074157714844,30.645597457885742,196.07936096191406,38.026309967041016,57.56692123413086,443.0029296875,93.31132507324219,228.17233276367188,746.03955078125,414.79345703125,137.68307495117188,472.82000732421875,24.298601150512695,119.72026824951172,98.44429016113281,537.9957275390625,900.4849853515625,158.08578491210938,317.4324035644531,236.7848358154297,72.43994903564453,72.9006118774414,107.51517486572266,153.25161743164062,59.7886962890625,149.58131408691406,66.08206176757812,835.28271484375,90.70040893554688,199.2639617919922,118.45641326904297,319.7596435546875,186.6999969482422,439.7987060546875,106.96227264404297,142.45822143554688,95.36576843261719,5475.08984375
2024-07-02,218.19012451171875,451.3241271972656,183.70452880859375,139.8036346435547,567.7100219726562,44.70151901245117,166.6022491455078,186.5505828857422,190.77464294433594,30.874147415161133,199.30519104003906,38.90070343017578,57.92795944213867,444.8659973144531,93.77242279052734,230.28025817871094,752.5819091796875,418.6318054199219,137.297607421875,476.2515563964844,23.96279525756836,119.5517807006836,98.44429016113281,530.2593383789062,892.9413452148438,153.9937744140625,316.2804870605469,234.70101928710938,71.6950912475586,72.6170654296875,107.14569854736328,154.3629608154297,59.66587448120117,150.21495056152344,66.65983581542969,848.8045043945312,91.25102996826172,201.41766357421875,117.55023956298828,318.4770812988281,185.4199981689453,439.1009826660156,106.23653411865234,142.6675262451172,95.317138671875,5509.009765625
2024-07-03,219.45803833007812,452.788330078125,184.2797088623047,140.87693786621094,570.1500244140625,44.521881103515625,165.12696838378906,187.0395050048828,194.2534942626953,31.033138275146484,199.17156982421875,38.8721923828125,57.6334228515625,447.0730895996094,94.28998565673828,230.0265655517578,752.572265625,417.693115234375,136.97793579101562,468.2701110839844,23.850860595703125,117.80137634277344,97.61438751220703,531.9277954101562,884.4620361328125,152.02664184570312,315.02471923828125,236.79428100585938,70.94078826904297,72.07833099365234,107.33043670654297,154.2970428466797,59.835941314697266,149.3150177001953,66.82630920410156,852.0640869140625,91.03267669677734,200.69032287597656,118.10785675048828,321.2463073730469,184.30999755859375,439.412109375,106.77617645263672,142.6311492919922,95.92021942138672,5537.02001953125
2024-07-05,224.20281982421875,459.460693359375,189.0200958251953,141.3159942626953,578.3400268554688,44.483741760253906,165.3994903564453,186.89846801757812,196.1025390625,31.818159103393555,196.53245544433594,38.40648651123047,56.645320892333984,444.0443420410156,93.71597290039062,230.6333770751953,753.9837036132812,421.2525329589844,137.72068786621094,466.4730529785156,24.152223587036133,118.36299133300781,99.22651672363281,536.386962890625,900.6819458007812,155.1907501220703,315.9122314453125,237.82672119140625,71.11994171142578,71.87983703613281,108.54578399658203,155.59671020507812,60.24221420288086,150.95877075195312,68.58903503417969,874.7914428710938,92.13392639160156,200.4824981689453,118.80493927001953,319.05035400390625,184.8300018310547,435.7631530761719,105.4828872680664,140.44674682617188,95.317138671875,5567.18994140625
2024-07-08,225.66885375976562,458.1635437011719,187.46310424804688,141.5111541748047,575.4000244140625,43.921142578125,166.9217529296875,189.41815185546875,198.1422119140625,33.77574157714844,196.89712524414062,38.606075286865234,56.06575393676758,444.11126708984375,94.656982421875,229.537109375,753.5927124023438,423.6875,136.78048706054688,467.74432373046875,24.048900604248047,117.73585510253906,97.41407775878906,532.6030883789062,904.0599365234375,154.51341247558594,320.6522216796875,234.75787353515625,68.87594604492188,70.48099517822266,109.09999084472656,156.8305206298828,59.48635482788086,148.87423706054688,68.23648834228516,870.0208129882812,92.6370849609375,199.90628051757812,118.09043884277344,319.7402038574219,185.83999633789062,435.385986328125,104.37567138671875,140.4649658203125,95.15101623535156,5572.85009765625
2024-07-09,226.52072143554688,451.5795593261719,187.41351318359375,137.2667236328125,566.02001953125,43.673213958740234,165.83172607421875,188.1865234375,197.4082794189453,34.3719596862793,199.25794982910156,39.36640930175781,56.89235305786133,451.7643127441406,96.55785369873047,232.7084197998047,765.122802734375,427.7859802246094,138.25662231445312,470.3921203613281,23.86808204650879,117.9792251586914,96.9561767578125,528.20361328125,918.339599609375,155.93310546875,318.2823181152344,232.83511352539062,68.31964111328125,68.76077270507812,109.04166412353516,156.02053833007812,59.23124694824219,148.6721954345703,68.45193481445312,875.9569091796875,92.12444305419922,198.93336486816406,117.00130462646484,316.82513427734375,183.24000549316406,434.0093688964844,103.22193908691406,139.2362518310547,94.83831024169922,5576.97998046875
2024-07-10,230.78012084960938,458.1733703613281,189.59527587890625,138.6229705810547,564.5499877929688,44.12138748168945,167.1096649169922,191.43955993652344,199.009521484375,34.65019226074219,199.4210968017578,39.67053985595703,56.740325927734375,457.55438232421875,97.35771179199219,233.86337280273438,774.3926391601562,433.0833740234375,140.49429321289062,478.8228454589844,24.410537719726562,119.15866088867188,98.30121612548828,533.1790771484375,925.5090942382812,156.01661682128906,324.9766540527344,237.2584228515625,68.39508056640625,68.53394317626953,109.83893585205078,157.09420776367188,59.363529205322266,150.22412109375,68.95137023925781,873.4481811523438,92.45668029785156,202.60784912109375,118.19500732421875,319.1766357421875,183.72999572753906,434.6788330078125,104.13375091552734,141.19308471679688,94.76012420654297,5633.91015625
2024-07-11,225.4212188720703,446.8235168457031,184.0317840576172,139.6895294189453,557.6300048828125,44.5886344909668,167.55130004882812,188.02671813964844,190.4791717529297,33.2888298034668,199.085205078125,39.73707580566406,57.15837478637695,457.8792419433594,98.4681167602539,233.68722534179688,786.6665649414062,439.79339599609375,140.7481231689453,482.1014709472656,24.677459716796875,120.72183990478516,99.37913513183594,538.9591064453125,919.9547119140625,157.65899658203125,334.05047607421875,241.3407745361328,69.1965103149414,69.28062438964844,110.78205108642578,155.9075164794922,59.61862564086914,150.55470275878906,68.35399627685547,836.1915283203125,92.8079605102539,202.9479217529297,120.45173645019531,321.7516174316406,183.91000366210938,434.0848083496094,105.37123107910156,141.31141662597656,94.39855194091797,5584.5400390625
2024-07-12,228.3631591796875,445.6933898925781,183.53594970703125,141.6562957763672,559.0499877929688,45.179847717285156,171.79856872558594,189.79421997070312,192.93817138671875,34.27259063720703,196.67642211914062,39.527984619140625,53.718990325927734,458.500244140625,97.9505386352539,233.56976318359375,789.6229248046875,444.53314208984375,140.91737365722656,488.9551086425781,24.901330947875977,119.5892333984375,99.41728973388672,544.3219604492188,933.9981689453125,158.00230407714844,339.6968078613281,240.48829650878906,69.22480010986328,70.72673797607422,111.132080078125,156.91526794433594,60.185523986816406,152.7861785888672,67.80559539794922,832.5467529296875,93.10225677490234,203.1935272216797,124.03289031982422,326.0852966308594,182.30999755859375,437.2434997558594,105.38983917236328,141.6117706298828,94.91647338867188,5615.35009765625
2024-07-15,232.1867218017578,446.09625244140625,184.9838409423828,139.99288940429688,565.7100219726562,45.198909759521484,171.84555053710938,189.69082641601562,198.41856384277344,34.242774963378906,201.58038330078125,39.813106536865234,54.849613189697266,470.300048828125,99.05154418945312,238.82591247558594,784.8450927734375,448.4643859863281,140.31565856933594,492.6255798339844,25.056318283081055,119.92620849609375,98.73641204833984,540.9353637695312,936.0269775390625,157.34678649902344,338.4598693847656,238.24346923828125,67.2353515625,68.76077270507812,110.65564727783203,155.00338745117188,59.91152572631836,150.47206115722656,68.16793823242188,838.30517578125,92.32379150390625,203.76971435546875,125.60124969482422,335.9769287109375,179.11000061035156,437.3849182128906,107.19488525390625,143.84165954589844,94.66239929199219,5631.22021484375
2024-07-16,232.60275268554688,441.7331848144531,182.39547729492188,139.54273986816406,566.5399780273438,45.21798324584961,174.59877014160156,194.26011657714844,199.81011962890625,34.12353515625,205.00643920898438,41.94204330444336,57.23438262939453,480.60931396484375,99.95491790771484,244.3364715576172,804.8533325195312,454.2635498046875,141.97979736328125,524.6470336914062,25.40073585510254,117.4176025390625,98.50627136230469,551.6015014648438,927.3014526367188,158.44241333007812,348.52508544921875,243.6802520751953,68.64964294433594,71.36944580078125,111.83212280273438,157.23548889160156,60.72407531738281,151.2985382080078,68.5400619506836,840.320068359375,92.4661865234375,206.3673553466797,128.37205505371094,350.36749267578125,186.0500030517578,441.81646728515625,107.96712493896484,143.59591674804688,96.22594451904297,5667.2001953125
2024-07-17,226.71884155273438,435.8371276855469,179.51950073242188,136.2648162841797,563.0900268554688,46.266902923583984,176.1398162841797,192.041259765625,182.61599731445312,34.242774963378906,208.12538146972656,41.79948425292969,57.87095260620117,479.8067932128906,100.6512680053711,244.65951538085938,802.1353759765625,455.2672424316406,147.21673583984375,547.9798583984375,25.85708999633789,117.83882141113281,100.3858642578125,551.2440795898438,891.8382568359375,164.12649536132812,351.1405944824219,247.21328735351562,68.8947982788086,70.98192596435547,110.81119537353516,159.58059692382812,61.61221694946289,156.0093994140625,69.55851745605469,835.8853149414062,94.35539245605469,208.010986328125,128.41563415527344,347.66619873046875,184.83999633789062,448.8786315917969,109.45582580566406,146.74505615234375,95.09237670898438,5588.27001953125
2024-07-18,222.0631866455078,432.7416687011719,176.21707153320312,135.061279296875,556.8499755859375,45.8091926574707,174.04437255859375,193.55496215820312,182.48257446289062,34.65019226074219,201.51318359375,40.87757110595703,56.28428268432617,464.5482177734375,98.62808227539062,243.91561889648438,790.605224609375,450.4532165527344,146.1260986328125,539.4345092773438,25.581554412841797,116.3037109375,95.9649658203125,536.9033203125,836.0091552734375,160.25906372070312,345.6547546386719,245.8114013671875,68.24421691894531,70.12183380126953,109.89727020263672,158.63877868652344,61.59332275390625,156.4501953125,69.35287475585938,829.06005859375,93.51996612548828,205.61170959472656,126.13275909423828,345.9463806152344,180.22999572753906,448.81268310546875,110.53511810302734,147.4185791015625,94.58423614501953,5544.58984375
2024-07-19,222.1919708251953,429.5381164550781,176.1873779296875,135.57986450195312,551.0,45.12263107299805,172.1932373046875,187.18995666503906,177.47872924804688,32.7721061706543,201.3212432861328,40.77302932739258,56.27477264404297,463.32525634765625,96.06851196289062,237.24024963378906,792.2265625,445.9457702636719,145.4397430419922,540.380859375,25.8054256439209,117.72649383544922,97.84457397460938,530.6763916015625,844.4490356445312,161.36404418945312,343.0864562988281,243.68975830078125,68.54592895507812,74.9232406616211,108.65274047851562,159.13809204101562,61.68780517578125,155.522705078125,69.28430938720703,827.8353271484375,93.58675384521484,202.72122192382812,126.49871826171875,337.7842712402344,179.6699981689453,447.79437255859375,107.99503326416016,144.85194396972656,93.55815887451172,5505.0
2024-07-22,221.8452911376953,435.2671813964844,180.1641082763672,137.1552276611328,554.8200073242188,44.64584732055664,173.03892517089844,193.56436157226562,185.82798767089844,33.15964889526367,201.80108642578125,40.20277404785156,56.18927001953125,465.3412780761719,96.39787292480469,239.55999755859375,804.1858520507812,452.89739990234375,145.01666259765625,533.8807983398438,25.486841201782227,117.651611328125,99.46524047851562,542.6634521484375,852.8198852539062,162.572021484375,342.9826354980469,245.83035278320312,70.58250427246094,72.35240173339844,110.072265625,159.41287231445312,61.19648742675781,153.9615936279297,68.92198944091797,837.0112915039062,93.46271514892578,204.95046997070312,126.49871826171875,339.39410400390625,178.89999389648438,447.4832458496094,107.2507095336914,142.885986328125,91.98484802246094,5564.41015625
2024-07-23,222.8853759765625,437.14404296875,180.28314208984375,140.0320281982422,546.010009765625,44.207210540771484,172.99195861816406,186.42837524414062,184.28395080566406,32.7422981262207,201.84910583496094,40.30732727050781,56.69281768798828,470.2236633300781,97.39533996582031,241.66436767578125,805.568603515625,460.5552978515625,143.23968505859375,530.2198486328125,25.40073585510254,116.42538452148438,99.65703582763672,548.4434204101562,864.9527587890625,162.1412811279297,339.5552062988281,240.63038635253906,69.20594024658203,72.07833099365234,110.27645111083984,157.8684844970703,61.376007080078125,152.69435119628906,69.18639373779297,841.6436767578125,92.1268539428711,205.33775329589844,111.25054931640625,335.78424072265625,186.47999572753906,472.658203125,105.52009582519531,140.2465057373047,88.86754608154297,5555.740234375
2024-07-24,216.47647094726562,421.4703674316406,171.19903564453125,135.7853546142578,531.0399780273438,44.67445373535156,172.91677856445312,186.41897583007812,172.57974243164062,31.50017547607422,200.17922973632812,40.09822463989258,56.474300384521484,465.0164794921875,95.9555892944336,235.8797149658203,789.3179321289062,447.63720703125,146.9346466064453,535.0469970703125,25.81403350830078,117.86689758300781,102.86002349853516,570.7789306640625,846.8223876953125,165.0067138671875,330.7646179199219,239.9862823486328,67.0279312133789,70.5849609375,108.1666030883789,159.1759796142578,62.17911148071289,154.429931640625,69.1374282836914,820.6151733398438,92.174560546875,201.81439208984375,111.99118041992188,327.8523254394531,180.07000732421875,485.77374267578125,107.00879669189453,141.13848876953125,87.75352478027344,5427.1298828125
2024-07-25,215.4364013671875,411.1522521972656,165.8933868408203,134.8557586669922,532.1500244140625,45.046348571777344,180.39649963378906,185.35658264160156,167.16607666015625,30.90395736694336,200.25601196289062,39.61351776123047,56.72132873535156,469.80322265625,97.45182037353516,235.08688354492188,797.796142578125,449.189208984375,150.09371948242188,534.9801025390625,25.98624610900879,117.80137634277344,101.61335754394531,590.4129028320312,808.719970703125,170.58778381347656,333.578369140625,238.17718505859375,67.32962799072266,69.29953002929688,108.18604278564453,158.13375854492188,62.42477035522461,157.04708862304688,68.5694351196289,805.9277954101562,92.06958770751953,191.23484802246094,110.7277603149414,335.91107177734375,184.35000610351562,491.6195983886719,109.26043701171875,143.38656616210938,87.17697143554688,5399.22021484375
2024-07-26,215.9019317626953,417.9032287597656,165.61570739746094,136.0201873779297,542.4400024414062,45.656620025634766,180.1803741455078,189.90707397460938,171.6075897216797,31.152381896972656,203.68206787109375,39.60401153564453,57.37689971923828,476.797119140625,98.04466247558594,240.67581176757812,816.5455322265625,455.2207946777344,151.033935546875,544.576904296875,26.86817169189453,117.24911499023438,100.92288208007812,602.9659423828125,792.4015502929688,173.38768005371094,339.45135498046875,238.6886444091797,68.4139404296875,69.989501953125,108.73052978515625,160.2277069091797,63.3507080078125,158.63571166992188,68.33442687988281,808.7072143554688,94.83674621582031,191.50877380371094,112.25257873535156,341.9404602050781,186.88999938964844,494.8253479003906,109.16738891601562,143.65960693359375,87.88056182861328,5459.10009765625
2024-07-29,216.17929077148438,419.3380432128906,168.12474060058594,135.33523559570312,536.6099853515625,45.76151657104492,179.94544982910156,189.8036346435547,170.26368713378906,30.63566017150879,202.34812927246094,39.052772521972656,56.616817474365234,470.7681884765625,96.43550872802734,242.63339233398438,822.2200927734375,455.2301025390625,149.07830810546875,541.7380981445312,26.824508666992188,119.60794830322266,100.47216796875,599.9667358398438,795.5234375,170.37242126464844,341.4908447265625,247.61106872558594,69.34736633300781,71.0764389038086,109.44029998779297,161.00460815429688,63.14284133911133,159.0581512451172,68.17772674560547,806.689453125,96.25847625732422,190.24301147460938,112.0608901977539,336.13543701171875,185.42999267578125,497.5032043457031,108.0229721069336,142.53103637695312,90.04019927978516,5463.5400390625
2024-07-30,216.73402404785156,415.5939636230469,168.87844848632812,132.7520294189453,538.7100219726562,45.9045524597168,179.51319885253906,188.96685791015625,159.11228942871094,29.94007110595703,206.5131378173828,39.23334503173828,57.01586151123047,483.1413269042969,97.64002227783203,247.12606811523438,832.1764526367188,454.0033264160156,151.68267822265625,550.8953857421875,27.409549713134766,107.8792953491211,100.9996109008789,610.83154296875,778.2103881835938,174.90469360351562,343.3980712890625,252.36587524414062,70.07337951660156,71.77587127685547,110.10144805908203,153.20689392089844,63.94594955444336,159.0305938720703,67.75663757324219,801.2195434570312,95.88636016845703,191.41432189941406,112.42683410644531,333.3939514160156,186.86000061035156,506.9510192871094,109.9489517211914,145.2341766357422,91.652587890625,5436.43994140625
2024-07-31,219.98306274414062,411.1031494140625,170.11807250976562,136.45071411132812,551.6500244140625,46.20016098022461,180.54681396484375,192.86563110351562,172.46536254882812,30.546226501464844,204.21946716308594,38.311439514160156,56.37929153442383,486.35162353515625,97.9960708618164,247.67417907714844,835.9052734375,450.4903869628906,148.4107666015625,550.7327880859375,26.66733741760254,105.8948745727539,101.59416961669922,609.1234130859375,792.0569458007812,173.5375213623047,347.61865234375,251.380859375,70.58250427246094,73.6756362915039,109.88754272460938,152.31625366210938,63.057804107666016,158.56227111816406,67.21802520751953,813.0593872070312,94.64591217041016,193.4074249267578,113.59439849853516,337.7648010253906,190.60000610351562,510.967529296875,110.33972930908203,146.0533447265625,91.55487060546875,5522.2998046875
2024-08-01,216.2981719970703,409.8845520019531,169.34454345703125,134.5524444580078,546.4099731445312,45.18937683105469,178.21649169921875,182.9484100341797,156.31015014648438,28.866878509521484,199.57464599609375,37.541603088378906,54.04202651977539,477.8385314941406,96.61931610107422,243.40663146972656,825.271728515625,455.88067626953125,151.14675903320312,547.4924926757812,26.76338768005371,106.54074096679688,105.6314697265625,617.4954833984375,819.7991333007812,177.64840698242188,338.57318115234375,254.5538787841797,69.6302261352539,70.99137878417969,110.50981140136719,156.9873504638672,64.21048736572266,160.6651611328125,68.34420013427734,808.0049438476562,96.30620574951172,193.246826171875,113.77739715576172,323.44244384765625,178.30999755859375,517.5110473632812,108.8138198852539,138.9085693359375,90.9294662475586,5446.68017578125
2024-08-02,217.7839813232422,401.4139404296875,165.2785186767578,130.4134063720703,526.1699829101562,44.49327087402344,177.7090606689453,177.3936004638672,151.84005737304688,21.3445987701416,191.11029052734375,35.716793060302734,50.60264587402344,449.6719665527344,91.00788116455078,227.35440063476562,806.8370971679688,451.7078552246094,154.3246307373047,563.799560546875,26.5712833404541,107.83248138427734,106.74388885498047,611.4573364257812,792.2440185546875,177.25511169433594,335.59893798828125,262.074462890625,69.78108215332031,71.71914672851562,110.00421905517578,161.14674377441406,65.5049057006836,163.49351501464844,67.04175567626953,813.1383666992188,98.10006713867188,192.40614318847656,111.58165740966797,313.0519104003906,169.9499969482422,517.4263916015625,108.74869537353516,135.20425415039062,87.52876281738281,5346.56005859375
2024-08-05,207.29400634765625,388.30499267578125,157.9299774169922,125.1100082397461,509.32000732421875,42.66243362426758,172.24960327148438,171.4603271484375,150.5438232421875,19.983234405517578,187.04124450683594,34.83290100097656,49.5195198059082,438.569580078125,87.41883850097656,221.12925720214844,792.28369140625,438.65032958984375,151.60745239257812,544.8064575195312,25.968782424926758,105.12731170654297,104.173828125,593.9186401367188,763.4874267578125,172.6385498046875,330.48138427734375,254.2696990966797,67.33908081054688,69.8099136352539,105.87200927734375,159.23284912109375,64.3427734375,159.8203125,66.18978881835938,793.108642578125,96.3443603515625,188.64662170410156,109.80415344238281,309.0810852050781,167.02999877929688,514.2298583984375,106.78548431396484,131.66371154785156,85.77955627441406,5186.330078125
2024-08-06,205.2732391357422,392.687744140625,156.97792053222656,125.45247650146484,514.2000122070312,43.06293487548828,175.52903747558594,176.91098022460938,151.27774047851562,19.704999923706055,192.26190185546875,35.08951950073242,49.7475471496582,449.2706604003906,88.27337646484375,226.21900939941406,802.0114135742188,445.6112060546875,149.4637908935547,543.2673950195312,25.602039337158203,104.04150390625,105.00814056396484,597.88134765625,781.13525390625,173.90269470214844,334.163818359375,255.79466247558594,68.35736846923828,71.23712158203125,106.37759399414062,159.2612762451172,64.29551696777344,158.39697265625,66.336669921875,807.9950561523438,97.95693969726562,187.7870330810547,108.47974395751953,318.48626708984375,165.0399932861328,510.628173828125,106.21793365478516,130.36219787597656,87.91964721679688,5240.02978515625
2024-08-07,207.83880615234375,391.5281982421875,157.62252807617188,123.1921615600586,513.6199951171875,43.02478790283203,175.52903747558594,174.1856689453125,148.79962158203125,18.989999771118164,192.31947326660156,35.4506721496582,49.6810417175293,451.9363708496094,87.45681762695312,223.94821166992188,800.9431762695312,444.3472900390625,149.39797973632812,541.0977172851562,25.19163703918457,105.29581451416016,105.43009185791016,583.3319091796875,760.414794921875,175.58827209472656,323.2959289550781,255.14109802246094,68.47050476074219,71.16149139404297,104.9386215209961,161.08990478515625,64.68289947509766,157.754150390625,65.52388000488281,801.486572265625,97.73748779296875,186.95579528808594,107.45156860351562,317.8617858886719,163.24000549316406,517.18115234375,107.63218688964844,129.61582946777344,84.00102996826172,5199.5
2024-08-08,211.2958526611328,395.71441650390625,160.68692016601562,126.18634033203125,530.239990234375,43.701820373535156,180.98849487304688,182.92002868652344,157.21559143066406,20.489999771118164,195.8319091796875,36.31555938720703,50.127586364746094,464.12786865234375,89.8495101928711,228.5876922607422,815.239013671875,452.776611328125,150.6390380859375,541.2506103515625,25.113052368164062,106.63433837890625,105.2574691772461,595.9148559570312,832.4736938476562,178.2945098876953,328.90460205078125,256.8649597167969,69.95079803466797,71.59627532958984,106.87345123291016,161.89524841308594,64.9380111694336,158.28672790527344,66.25833129882812,830.2998046875,98.00465393066406,188.75054931640625,109.9697036743164,327.9693908691406,168.8699951171875,520.1134643554688,109.68842315673828,131.50900268554688,84.00102996826172,5319.31005859375
2024-08-09,214.1981964111328,398.9866638183594,162.3133087158203,129.21966552734375,536.2999877929688,43.35853576660156,181.47189331054688,181.8885498046875,156.7676544189453,19.709999084472656,197.50173950195312,36.3820915222168,50.510536193847656,468.4178466796875,89.93498229980469,232.80628967285156,816.5550537109375,454.0033264160156,151.01512145996094,534.1007080078125,24.929677963256836,107.22407531738281,104.25054931640625,592.0814819335938,878.1394653320312,177.8544158935547,329.1878356933594,253.75819396972656,70.09221649169922,70.97247314453125,107.63182830810547,161.5825958251953,64.8907699584961,158.3051300048828,66.54232788085938,845.6311645507812,97.39396667480469,187.24862670898438,109.62989044189453,330.01824951171875,167.91000366210938,520.0758666992188,110.5816421508789,131.9640655517578,84.2453384399414,5344.16015625
2024-08-12,215.72540283203125,399.7630615234375,160.9447479248047,129.72848510742188,530.9299926757812,42.77686309814453,179.6045684814453,181.74658203125,155.252197265625,19.360000610351562,197.8760223388672,36.27754211425781,49.84038162231445,463.869873046875,90.04890441894531,232.02328491210938,799.4459228515625,450.2486877441406,150.31936645507812,540.342529296875,24.842357635498047,106.22248840332031,103.37788391113281,594.9515380859375,870.9503784179688,178.0885009765625,326.51568603515625,255.22634887695312,70.37509155273438,72.80609130859375,108.30271911621094,158.0485076904297,64.40890502929688,157.4143829345703,67.27678680419922,854.1771850585938,96.6401596069336,185.8883819580078,108.79342651367188,327.84259033203125,164.1300048828125,525.1013793945312,110.72119140625,131.9913787841797,83.99125671386719,5344.39013671875
2024-08-13,219.4344024658203,406.83831787109375,162.79928588867188,131.37234497070312,535.219970703125,43.26318359375,181.035888671875,186.65789794921875,161.52366638183594,20.469999313354492,199.55548095703125,36.553157806396484,50.6158447265625,470.0229797363281,91.8244400024414,233.922119140625,815.0100708007812,455.0999450683594,148.91847229003906,548.8974609375,25.19163703918457,107.07427978515625,103.7998275756836,600.0562744140625,894.2608032226562,179.07177734375,330.5379638671875,256.031494140625,74.0145263671875,90.64136505126953,107.96241760253906,158.50328063964844,64.68289947509766,158.28672790527344,66.7186050415039,855.4136962890625,95.98176574707031,185.8317413330078,110.21367645263672,330.5450439453125,168.75999450683594,527.468017578125,109.66051483154297,131.19955444335938,83.64923095703125,5434.43017578125
2024-08-14,219.88064575195312,409.638916015625,159.04066467285156,132.68353271484375,539.7899780273438,43.329925537109375,182.29656982421875,185.10597229003906,159.3124542236328,19.920000076293945,201.76272583007812,36.88581085205078,51.372161865234375,476.4818420410156,94.41651916503906,238.59097290039062,817.8043823242188,457.8509521484375,149.0030975341797,554.087890625,25.217832565307617,106.31609344482422,105.38212585449219,597.960693359375,917.5321044921875,180.72923278808594,335.816162109375,256.8270568847656,74.03337860107422,88.75102996826172,106.05675506591797,159.93397521972656,64.79627990722656,159.51730346679688,67.23761749267578,853.3265380859375,97.49893951416016,186.65350341796875,110.15267944335938,329.36456298828125,168.5,531.0509033203125,110.67467498779297,131.67282104492188,84.33329010009766,5455.2099609375
2024-08-15,222.85577392578125,414.4824523925781,159.9629669189453,133.9849090576172,554.1599731445312,46.27643966674805,183.84161376953125,191.0865936279297,165.2122039794922,20.690000534057617,203.01988220214844,37.09490203857422,52.24336624145508,476.78753662109375,95.555908203125,244.20925903320312,831.6708984375,458.11114501953125,149.5766143798828,554.0305786132812,25.06938934326172,106.06336212158203,106.38906860351562,599.5397338867188,918.715576171875,181.10379028320312,339.9801330566406,260.3505859375,77.78596496582031,89.67729949951172,108.76414489746094,159.10020446777344,64.8624267578125,158.42453002929688,71.66397857666016,867.8072509765625,96.7928237915039,187.46588134765625,112.00861358642578,337.2184143066406,176.41000366210938,528.288330078125,111.359375,133.6114501953125,86.76654052734375,5543.22021484375
2024-08-16,224.1747589111328,411.96221923828125,161.60919189453125,134.51332092285156,553.4600219726562,47.16324996948242,183.6804656982422,189.76177978515625,164.10659790039062,20.8700008392334,205.34230041503906,37.38953399658203,52.97096252441406,481.7940673828125,96.31549835205078,246.3723907470703,832.0809326171875,456.1966247558594,149.85870361328125,552.1856689453125,24.711381912231445,106.40032958984375,106.44659423828125,599.8277587890625,909.3861694335938,181.57200622558594,341.8590393066406,263.77935791015625,78.47425079345703,90.1527328491211,108.73485565185547,159.07176208496094,65.36317443847656,158.51634216308594,72.13340759277344,861.1209106445312,97.31763458251953,188.52964782714844,112.96704864501953,335.11102294921875,179.99000549316406,528.1373901367188,110.8341293334961,134.03921508789062,87.2649154663086,5554.25
2024-08-19,224.01605224609375,414.97467041015625,165.28846740722656,134.95364379882812,563.1199951171875,47.65910339355469,184.58094787597656,189.88479614257812,166.08908081054688,21.520000457763672,206.7626190185547,37.70317077636719,54.043209075927734,482.19537353515625,96.60982513427734,248.6627655029297,829.9066772460938,460.72265625,150.08433532714844,553.2371215820312,25.14797592163086,107.10237121582031,107.30968475341797,603.4229125976562,909.0804443359375,184.35317993164062,342.81268310546875,272.36077880859375,78.52139282226562,87.76603698730469,109.74951171875,159.57394409179688,65.1742172241211,159.61830139160156,72.39856719970703,862.8616943359375,97.18404388427734,189.04248046875,113.78768920898438,336.25250244140625,179.63999938964844,526.4969482421875,111.17178344726562,135.1344451904297,88.75027465820312,5608.25
2024-08-20,224.6309356689453,418.19378662109375,165.79421997070312,136.1767578125,562.25,47.90703582763672,185.81320190429688,191.663818359375,164.0398712158203,20.989999771118164,205.8701171875,36.771759033203125,53.756004333496094,475.18243408203125,95.68883514404297,247.71337890625,821.0946044921875,462.6929016113281,150.58262634277344,555.0247192382812,25.235300064086914,107.77632904052734,106.22603607177734,610.3151245117188,936.8516235351562,183.67897033691406,346.7783203125,270.542236328125,78.785400390625,88.441162109375,110.54955291748047,161.45944213867188,65.5521469116211,161.48243713378906,73.20387268066406,866.6698608398438,98.33860778808594,190.02076721191406,113.7259292602539,334.9354248046875,172.10000610351562,525.1956787109375,107.46700286865234,133.16490173339844,87.69489288330078,5597.1201171875
2024-08-21,224.52182006835938,417.5440673828125,164.47525024414062,137.18458557128906,565.7899780273438,48.10728454589844,186.93173217773438,197.18075561523438,166.05093383789062,21.40999984741211,205.94691467285156,36.82878875732422,53.09541320800781,474.34161376953125,95.60337829589844,241.07713317871094,823.116455078125,463.7337646484375,151.77667236328125,552.5585327148438,25.348812103271484,108.60941314697266,106.82061004638672,605.9752197265625,938.823974609375,184.0347900390625,349.7903747558594,274.40667724609375,79.20025634765625,88.22245025634766,117.30097198486328,161.2225341796875,65.7316665649414,160.8947296142578,73.8913345336914,871.8330688476562,98.72982788085938,191.30294799804688,112.86117553710938,334.6134338378906,173.42999267578125,522.1312866210938,106.78230285644531,133.74472045898438,88.65254974365234,5620.85009765625
2024-08-22,222.66734313964844,409.0876770019531,162.44223022460938,135.11019897460938,557.4400024414062,47.88795852661133,185.74684143066406,192.8278045654297,161.07568359375,20.100000381469727,207.89505004882812,37.294490814208984,53.574100494384766,475.5740966796875,95.47993469238281,242.5061492919922,825.1668701171875,463.4921569824219,152.64169311523438,553.1798095703125,25.130512237548828,109.09615325927734,107.50148010253906,599.7086181640625,940.9935302734375,183.8849639892578,344.97491455078125,273.93310546875,78.64396667480469,87.8896484375,116.10094451904297,161.2130584716797,65.5049057006836,161.38140869140625,74.22523498535156,868.0150756835938,99.18783569335938,190.08724975585938,111.92579650878906,334.018310546875,172.75999450683594,525.214599609375,107.6076889038086,134.12205505371094,87.87079620361328,5570.64013671875
2024-08-23,224.95816040039062,410.308349609375,164.2471923828125,136.19631958007812,558.2999877929688,48.38381576538086,185.87954711914062,198.6096954345703,165.3647003173828,20.540000915527344,209.50730895996094,37.7982177734375,54.282554626464844,486.7242126464844,96.74276733398438,245.97108459472656,841.9517211914062,465.2300720214844,154.31524658203125,558.71435546875,25.235300064086914,109.14295196533203,108.0672836303711,601.9530029296875,939.5833740234375,184.9899444580078,354.6341552734375,274.2267150878906,79.24740600585938,89.40154266357422,116.55948638916016,160.28453063964844,65.93952178955078,161.5008087158203,74.34308624267578,869.6470336914062,99.43592834472656,192.30970764160156,112.92294311523438,339.9208984375,174.9600067138672,523.3098754882812,109.09898376464844,135.86151123046875,88.49620056152344,5634.60986328125
2024-08-26,225.29537963867188,407.0596618652344,164.7826690673828,135.9125518798828,559.4400024414062,48.431495666503906,187.66159057617188,197.0671844482422,161.542724609375,20.1299991607666,210.33262634277344,37.94077682495117,54.30169677734375,485.2432556152344,97.1605224609375,248.49636840820312,842.23779296875,466.5590515136719,154.76654052734375,561.2186889648438,25.25275993347168,108.83405303955078,108.07686614990234,601.4266357421875,937.4038696289062,184.886962890625,353.23675537109375,273.43109130859375,79.46424865722656,90.93244934082031,117.20340728759766,161.402587890625,66.93159484863281,161.5926513671875,74.66715240478516,882.8023681640625,100.2756118774414,193.6108856201172,114.06124877929688,342.6039123535156,173.47999572753906,526.2234497070312,111.43440246582031,136.67141723632812,89.68840026855469,5616.83984375
2024-08-27,226.13832092285156,407.40423583984375,163.31492614746094,135.50160217285156,567.8200073242188,48.3552131652832,188.37246704101562,199.37619018554688,165.7745361328125,20.06999969482422,211.3019256591797,37.70317077636719,53.86130905151367,484.6604309082031,96.92315673828125,249.62197875976562,845.0894165039062,470.54400634765625,154.36863708496094,561.428955078125,25.165443420410156,109.04935455322266,108.46045684814453,606.2036743164062,941.29931640625,183.4635772705078,352.35858154296875,274.34039306640625,80.41654968261719,93.7565689086914,117.1351089477539,160.36033630371094,67.55519104003906,160.97738647460938,74.76536560058594,899.0142211914062,101.06758117675781,195.7574005126953,112.86117553710938,342.56488037109375,173.0500030517578,528.4014282226562,110.37454223632812,135.244873046875,88.82846069335938,5625.7998046875
2024-08-28,224.611083984375,404.21466064453125,161.5001220703125,134.91448974609375,560.5399780273438,47.53514099121094,188.1165771484375,196.58460998535156,163.79208374023438,19.610000610351562,212.36715698242188,37.96928405761719,54.636775970458984,480.9054870605469,97.03709411621094,251.6383056640625,847.5021362304688,470.4322204589844,155.28758239746094,562.5663452148438,25.104318618774414,109.89179229736328,108.26866149902344,608.9248046875,935.8358764648438,182.9766387939453,351.89593505859375,271.88726806640625,78.05940246582031,90.6186752319336,116.37411499023438,160.18031311035156,67.7913818359375,159.7101287841797,74.71627044677734,878.3909912109375,100.94354248046875,194.70314025878906,112.23464965820312,339.7160339355469,170.7100067138672,531.7676391601562,109.28655242919922,134.3705596923828,87.45059204101562,5592.18017578125
2024-08-29,227.8837127685547,406.69549560546875,160.43898010253906,136.42137145996094,569.6300048828125,48.050071716308594,188.5336151123047,199.75469970703125,161.542724609375,20.1299991607666,213.2500762939453,38.17837905883789,54.90483474731445,487.3739318847656,97.4168930053711,254.3300018310547,853.4244995117188,473.0205383300781,155.5812530517578,565.4627685546875,25.078123092651367,109.94795227050781,108.13440704345703,607.4747924804688,927.2164916992188,182.7706298828125,348.6850891113281,272.6543884277344,78.50254821777344,90.20027923583984,114.5106430053711,161.09934997558594,68.0748291015625,158.02964782714844,75.05016326904297,876.9863891601562,100.96263885498047,197.08706665039062,112.0493392944336,343.0721740722656,172.25999450683594,534.4736328125,110.79661560058594,135.67745971679688,87.76329040527344,5591.9599609375
2024-08-30,227.10023498535156,410.6529235839844,162.02572631835938,138.25112915039062,574.4099731445312,48.1931037902832,191.5952911376953,202.83016967773438,167.08029174804688,22.040000915527344,215.73561096191406,38.72962188720703,55.97708511352539,490.4013671875,98.37586212158203,253.1652374267578,860.0430908203125,477.85272216796875,157.12539672851562,564.1532592773438,25.331348419189453,110.87464141845703,108.62348937988281,610.841552734375,946.7628173828125,183.82879638671875,350.0530700683594,273.41217041015625,78.55912017822266,89.92452239990234,114.41307830810547,162.53005981445312,68.4716567993164,158.75511169433594,75.84566497802734,882.6738891601562,101.62102508544922,197.4669952392578,113.43474578857422,347.423583984375,173.74000549316406,535.6522827148438,110.61841583251953,136.1652374267578,88.32030487060547,5648.39990234375
2024-09-03,220.9219512939453,403.0726318359375,156.05563354492188,136.49964904785156,571.0399780273438,47.73539352416992,190.78958129882812,190.99197387695312,155.58578491210938,20.100000381469727,211.41709899902344,38.682106018066406,55.88134765625,468.4978942871094,94.2551040649414,248.91726684570312,845.37548828125,475.5809631347656,158.35696411132812,572.2589111328125,24.711381912231445,109.12422943115234,109.95647430419922,602.2609252929688,943.321044921875,185.1210479736328,346.4812927246094,272.0116882324219,77.01539611816406,88.60279846191406,114.676513671875,165.35354614257812,68.98187255859375,163.03436279296875,75.78672790527344,869.0140380859375,102.8423843383789,194.5701904296875,112.5082015991211,331.95001220703125,161.02000427246094,537.8046264648438,108.30174255371094,133.1372833251953,87.09878540039062,5528.93017578125
2024-09-04,219.0178680419922,402.5410461425781,155.15316772460938,137.72276306152344,575.25,47.39210891723633,193.47207641601562,193.04542541503906,157.57778930664062,19.43000030517578,210.48619079589844,38.49202346801758,55.642005920410156,471.5541687011719,95.09066009521484,246.4017791748047,845.4326782226562,477.91790771484375,158.54641723632812,577.5162963867188,24.789968490600586,108.39411926269531,109.7071304321289,607.6934204101562,933.2421875,184.48428344726562,346.4147644042969,274.4029846191406,76.73126983642578,87.7945556640625,114.656982421875,166.6610565185547,68.55669403076172,163.93431091308594,75.85546112060547,880.3395385742188,103.78702545166016,195.2160186767578,113.76123809814453,328.5450134277344,163.22000122070312,544.9725341796875,106.97926330566406,130.75360107421875,87.21605682373047,5520.06982421875
2024-09-05,220.53518676757812,402.03900146484375,155.93661499023438,139.54273986816406,567.9299926757812,46.848575592041016,192.03131103515625,190.7270050048828,156.83050537109375,19.399999618530273,208.854736328125,38.14986801147461,54.43572998046875,468.9015808105469,94.53045654296875,246.4996337890625,836.0388793945312,481.35345458984375,156.30123901367188,569.209716796875,24.894752502441406,111.00569152832031,108.46045684814453,602.7078247070312,900.1455688476562,180.59812927246094,343.7359924316406,274.3457946777344,76.55133056640625,87.06237030029297,115.13505554199219,166.25363159179688,67.24339294433594,164.6505584716797,75.58049011230469,876.3433837890625,103.55802154541016,192.78457641601562,112.41996002197266,325.4327392578125,162.14999389648438,539.103515625,106.14452362060547,129.7043914794922,86.6297378540039,5503.41015625
2024-09-06,218.98812866210938,395.4530334472656,149.66900634765625,138.7599334716797,563.4099731445312,46.247833251953125,190.27774047851562,186.84715270996094,151.5517578125,18.889999389648438,203.89321899414062,37.07845687866211,51.69766616821289,460.9532165527344,91.71049499511719,238.8845977783203,826.7689208984375,475.4320068359375,155.72335815429688,570.5383911132812,24.93840980529785,110.30364227294922,109.18928527832031,607.1272583007812,890.2442016601562,181.10379028320312,342.0260314941406,275.8129577636719,76.3619155883789,86.67252349853516,112.80327606201172,166.36734008789062,67.21504211425781,164.09075927734375,75.26622009277344,867.1445922851562,102.91870880126953,188.17820739746094,112.54350280761719,321.3350524902344,157.6199951171875,537.2451782226562,105.64743041992188,127.52318572998047,85.9359130859375,5408.419921875
2024-09-09,219.07736206054688,399.4105529785156,147.67303466796875,136.8812713623047,569.8800048828125,46.43854522705078,192.92230224609375,190.36740112304688,154.02349853515625,19.06999969482422,208.06781005859375,37.75766372680664,52.26251220703125,469.5647277832031,93.22018432617188,245.59913635253906,842.2334594726562,480.2641296386719,157.83590698242188,567.881103515625,25.680627822875977,108.0290756225586,111.65386199951172,616.1546630859375,895.7274169921875,183.93177795410156,347.2221984863281,277.50872802734375,75.28226470947266,87.68045043945312,114.21795654296875,166.81265258789062,67.8858642578125,164.87728881835938,75.95367431640625,886.7391357421875,102.20307922363281,191.05601501464844,113.7259292602539,325.90106201171875,162.91000366210938,546.6696166992188,107.87030792236328,129.12457275390625,86.32678985595703,5471.0498046875
2024-09-10,218.28399658203125,407.7586975097656,147.62339782714844,152.53713989257812,574.47998046875,46.52437210083008,194.61903381347656,189.07095336914062,154.89529418945312,18.979999542236328,197.27139282226562,37.575904846191406,51.64979934692383,448.9587097167969,91.73899841308594,240.2157745361328,847.8839111328125,484.1000671386719,158.56536865234375,572.593505859375,25.968782424926758,107.95417022705078,112.30595397949219,619.918701171875,888.8043212890625,186.67550659179688,352.304443359375,277.4896545410156,73.95636749267578,88.75494384765625,114.9594497680664,168.4517822265625,67.6024169921875,164.525634765625,77.39733123779297,884.56298828125,101.94544219970703,190.85658264160156,114.56423950195312,326.01812744140625,160.07000732421875,542.5167846679688,103.94041442871094,127.2194595336914,86.38542938232422,5495.52001953125
2024-09-11,220.81289672851562,416.4611511230469,150.10594177246094,153.7993927001953,580.3800048828125,46.82950973510742,198.95082092285156,191.54083251953125,159.57049560546875,19.639999389648438,198.87408447265625,37.30805206298828,51.439178466796875,452.84161376953125,92.1282730102539,248.79000854492188,841.4467163085938,480.2455139160156,156.14019775390625,563.72314453125,25.898923873901367,107.37381744384766,111.8168716430664,614.2081909179688,908.1732177734375,182.21815490722656,351.94342041015625,276.4989013671875,74.24995422363281,93.37620544433594,114.97894287109375,164.78506469726562,67.15836334228516,162.6472930908203,77.42679595947266,890.6065673828125,101.2679672241211,193.7913360595703,113.39061737060547,326.837646484375,161.3300018310547,537.5579833984375,102.90870666503906,126.89736938476562,86.30725860595703,5554.1298828125
2024-09-12,220.9219512939453,420.359619140625,153.61131286621094,157.90907287597656,586.5499877929688,47.30628967285156,200.58120727539062,185.45611572265625,158.05679321289062,19.360000610351562,198.2694854736328,37.09759521484375,49.371273040771484,455.619140625,91.75798034667969,249.73944091796875,849.1214599609375,484.15594482421875,155.96963500976562,562.4517211914062,25.462326049804688,107.8792953491211,112.0374526977539,609.937744140625,922.1080932617188,181.68438720703125,355.68621826171875,278.5185546875,74.24995422363281,94.40315246582031,115.3399429321289,164.3586883544922,67.30007934570312,164.0074920654297,78.23210144042969,905.0775756835938,101.46835327148438,194.3896942138672,113.32003021240234,331.3060302734375,162.77000427246094,538.8001098632812,104.32495880126953,128.1213836669922,87.2649154663086,5595.759765625
2024-09-13,220.6541748046875,423.89373779296875,156.3620147705078,158.5450439453125,536.8699951171875,47.48746871948242,203.59544372558594,189.19398498535156,160.69142150878906,19.65999984741211,196.0814208984375,36.973228454589844,50.529685974121094,460.35736083984375,93.28665161132812,253.50779724121094,849.7066040039062,483.6344909667969,156.80331420898438,568.0913696289062,25.558378219604492,108.45028686523438,111.62509155273438,607.35400390625,910.9542846679688,181.8623046875,360.96783447265625,282.5008239746094,74.82768249511719,93.72802734375,116.89119720458984,164.9366455078125,67.93270111083984,164.1092529296875,79.1552505493164,906.036865234375,100.88629150390625,193.89584350585938,112.27877044677734,336.89642333984375,156.77000427246094,540.35498046875,104.24993133544922,129.409912109375,88.4864273071289,5626.02001953125
2024-09-16,214.52548217773438,424.63214111328125,156.95779418945312,166.6665496826172,521.5,48.66034698486328,205.84193420410156,187.81239318847656,159.61839294433594,20.90999984741211,199.4786834716797,37.403709411621094,51.49662399291992,466.287353515625,95.03369140625,255.5534210205078,858.7722778320312,491.017822265625,158.1959228515625,565.1369018554688,26.256933212280273,111.15469360351562,112.80463409423828,610.3153686523438,910.7865600585938,183.28565979003906,362.88677978515625,282.6532287597656,75.57585144042969,91.57904815673828,116.69607543945312,167.93067932128906,68.5890884399414,163.97047424316406,79.11595916748047,897.9953002929688,100.60004425048828,194.39920043945312,113.75241088867188,339.48187255859375,155.5500030517578,543.208984375,105.71308135986328,130.77197265625,89.75680541992188,5633.08984375
2024-09-17,214.9915313720703,428.3828430175781,158.20904541015625,163.86807250976562,515.030029296875,48.25985336303711,202.96986389160156,190.57559204101562,161.62069702148438,21.469999313354492,200.81263732910156,37.83417892456055,52.18592071533203,466.5084228515625,94.79631042480469,259.7721252441406,867.732421875,486.3625183105469,158.27169799804688,554.4124755859375,26.047367095947266,111.4656753540039,113.28411865234375,606.67822265625,893.6663208007812,181.150634765625,364.0552062988281,279.8523864746094,76.37138366699219,91.70267486572266,114.96919250488281,166.64212036132812,68.30369567871094,163.65585327148438,77.19110107421875,887.5106201171875,99.7698974609375,193.98133850097656,115.28781127929688,345.072265625,156.38999938964844,537.6054077148438,107.0918197631836,131.9868621826172,90.74378204345703,5634.580078125
2024-09-18,218.8592071533203,424.1103820800781,158.69561767578125,160.9912872314453,508.1300048828125,48.221702575683594,203.7376251220703,189.93209838867188,161.2374725341797,20.770000457763672,199.1619873046875,37.901145935058594,51.94657516479492,465.7298583984375,94.28359985351562,256.6203918457031,885.1826782226562,483.6996765136719,157.400146484375,556.9928588867188,25.977514266967773,111.79547882080078,110.16744232177734,606.3106079101562,892.472900390625,180.6730499267578,364.7866516113281,278.2137451171875,76.61762237548828,91.39838409423828,114.3935546875,164.78506469726562,68.25613403320312,162.11990356445312,77.61339569091797,882.8123779296875,98.45311737060547,191.5119171142578,115.28781127929688,346.4674072265625,155.11000061035156,536.164306640625,107.46700286865234,132.49305725097656,91.44737243652344,5618.259765625
2024-09-19,226.97134399414062,431.8677978515625,161.0093536376953,163.98548889160156,526.4400024414062,49.05131149291992,202.7423553466797,196.45213317871094,166.62164306640625,21.139999389648438,201.99302673339844,39.096920013427734,53.42091751098633,484.2311096191406,95.64137268066406,263.051025390625,896.8480224609375,488.0756530761719,156.14019775390625,553.55859375,25.898923873901367,110.46682739257812,109.4673843383789,616.3773193359375,902.4039306640625,181.309814453125,370.79974365234375,279.9476318359375,76.69338989257812,92.14006805419922,115.4082260131836,162.53005981445312,67.18116760253906,161.61097717285156,76.6411361694336,890.9429321289062,97.33673095703125,193.46841430664062,116.59379577636719,364.21417236328125,154.58999633789062,535.8703002929688,108.79884338378906,133.4409942626953,91.32034301757812,5713.64013671875
2024-09-20,226.306884765625,428.5009460449219,162.4492645263672,164.38668823242188,522.2999877929688,49.55670166015625,206.35379028320312,192.38302612304688,161.83148193359375,21.84000015258789,202.57843017578125,38.52294921875,53.89002990722656,479.0411376953125,97.29345703125,263.2859802246094,891.0152587890625,487.56353759765625,155.5149383544922,551.5729370117188,25.689359664916992,110.41028594970703,109.03585052490234,609.8583374023438,908.764892578125,181.16932678222656,370.3437805175781,282.78662109375,81.94013214111328,91.33181762695312,115.0570068359375,165.06932067871094,68.1514892578125,158.39096069335938,77.6428451538086,897.1151123046875,98.33860778808594,193.13601684570312,113.4788589477539,359.8335876464844,153.2899932861328,542.2606811523438,108.1141586303711,134.0760498046875,91.6135025024414,5702.5498046875
2024-09-23,224.5912628173828,426.7684020996094,160.72142028808594,162.38075256347656,527.8699951171875,49.766483306884766,209.00787353515625,192.90350341796875,158.99569702148438,22.559999465942383,202.91433715820312,38.14030456542969,52.76034164428711,478.06085205078125,97.29345703125,261.6317443847656,899.4765625,485.1521911621094,154.62442016601562,550.0476684570312,25.593307495117188,108.95913696289062,110.10030364990234,606.5390625,905.8358154296875,181.5064239501953,372.3386535644531,284.9111022949219,81.63707733154297,90.78982543945312,114.27650451660156,164.6429443359375,68.23711395263672,159.25149536132812,78.89008331298828,907.1051635742188,98.5771484375,193.53492736816406,113.60240936279297,362.1263732910156,156.3000030517578,550.4053344726562,110.07441711425781,135.78787231445312,90.85128021240234,5718.56982421875
2024-09-24,225.4837646484375,422.4958801269531,161.1583251953125,162.23399353027344,524.0700073242188,50.0811653137207,209.453369140625,193.93496704101562,159.94412231445312,22.809999465942383,203.05828857421875,37.738525390625,51.8508415222168,478.6470642089844,97.39791107177734,260.5649108886719,902.9493408203125,482.3869323730469,154.20761108398438,551.7551879882812,25.759212493896484,108.3277816772461,108.69061279296875,608.0596313476562,911.664306640625,181.20680236816406,380.60321044921875,286.0638427734375,82.83038330078125,89.81040954589844,114.78382110595703,164.1407470703125,67.85659790039062,157.22512817382812,79.2239990234375,891.734130859375,99.03517150878906,194.95957946777344,114.29069519042969,376.5267028808594,155.80999755859375,548.622802734375,109.7836685180664,135.7050323486328,91.55487060546875,5732.93017578125
2024-09-25,224.49208068847656,425.3901062011719,160.36392211914062,162.7036590576172,517.9000244140625,50.20512390136719,209.69981384277344,194.04849243164062,161.20875549316406,23.540000915527344,201.71475219726562,37.547203063964844,51.32429885864258,472.0347595214844,97.17002868652344,260.5257263183594,898.6995239257812,479.32373046875,152.1424102783203,552.8295288085938,25.261493682861328,108.11104583740234,107.99056243896484,596.0352172851562,911.7924194335938,179.099853515625,377.0598449707031,286.25439453125,83.341796875,90.9229507446289,115.25212097167969,163.21224975585938,67.97074890136719,156.7439727783203,79.94090270996094,898.5394897460938,98.99700164794922,196.39373779296875,116.04667663574219,369.0338439941406,152.22000122070312,547.9686279296875,107.64519500732422,132.5022735595703,91.77963256835938,5722.259765625
2024-09-26,225.63253784179688,424.6025390625,161.59524536132812,164.48451232910156,515.3800048828125,50.395835876464844,211.78512573242188,198.02297973632812,165.41452026367188,23.920000076293945,201.3212432861328,37.80549240112305,53.98576736450195,477.5899353027344,99.31586456298828,262.46380615234375,906.585205078125,476.4189147949219,152.8907928466797,551.3906860351562,25.296422958374023,106.56565856933594,108.10563659667969,615.4631958007812,896.7630615234375,179.6991729736328,376.8414306640625,289.283935546875,84.65821838378906,92.68207550048828,115.20333862304688,164.1123504638672,67.92317962646484,157.01229858398438,78.48744201660156,891.6353759765625,98.33860778808594,196.6311492919922,117.6526870727539,381.4341735839844,154.5800018310547,547.45654296875,105.79749298095703,130.67996215820312,93.03045654296875,5745.3701171875
2024-09-27,225.90028381347656,421.36370849609375,162.80674743652344,165.11074829101562,515.47998046875,50.557945251464844,209.33013916015625,197.909423828125,162.9906768798828,23.90999984741211,202.01222229003906,37.69070053100586,53.516658782958984,479.1180114746094,98.8506088256836,265.31207275390625,906.7675170898438,477.3685607910156,152.9002685546875,558.1438598632812,25.401201248168945,107.13105010986328,107.81795501708984,610.583740234375,865.6683349609375,182.40542602539062,379.52972412109375,289.322021484375,84.70557403564453,92.57747650146484,114.6374740600586,164.43447875976562,68.294189453125,157.2991485595703,78.34993743896484,875.9873046875,98.91112518310547,197.20101928710938,118.47333526611328,381.55126953125,156.32000732421875,552.1593627929688,108.63002014160156,133.9011688232422,93.82201385498047,5738.169921875
2024-09-30,231.0670623779297,423.60821533203125,164.69351196289062,166.7350616455078,517.780029296875,50.74864959716797,209.55763244628906,195.4774169921875,162.91403198242188,23.459999084472656,202.3577117919922,37.95854949951172,54.08150863647461,475.85028076171875,98.97404479980469,265.4490966796875,910.8927001953125,480.9996643066406,153.52552795410156,560.8585815429688,25.27022361755371,107.008544921875,109.3331298828125,614.7078857421875,873.705810546875,184.9243927001953,384.9158935546875,290.103271484375,83.72062683105469,92.70108032226562,114.676513671875,164.1028594970703,68.36078643798828,157.34539794921875,79.30255889892578,876.877685546875,99.05424499511719,196.32725524902344,120.30876922607422,381.5902404785156,152.0399932861328,554.245361328125,109.94309997558594,135.53939819335938,93.9979019165039,5762.47998046875
2024-10-01,224.3334197998047,414.1477355957031,165.82554626464844,163.56475830078125,502.79998779296875,50.29094314575195,207.9178009033203,190.77430725097656,158.82322692871094,22.690000534057617,198.6917266845703,37.51850128173828,53.028404235839844,471.1025085449219,99.14494323730469,262.9042663574219,896.0326538085938,476.903076171875,153.45921325683594,559.5347900390625,25.03446388244629,108.1204605102539,108.90158081054688,609.1129760742188,872.2659301757812,184.43743896484375,388.5731506347656,288.6456604003906,84.41197204589844,92.64402770996094,113.79843139648438,163.95127868652344,68.21808624267578,158.57606506347656,79.81322479248047,867.8370361328125,97.64205932617188,195.7194061279297,117.59976959228516,382.8293151855469,154.22000122070312,574.4407348632812,112.48487854003906,137.7758331298828,91.90666961669922,5708.75
2024-10-02,224.898681640625,410.6430969238281,164.70343017578125,164.10292053222656,505.80999755859375,50.55997848510742,208.2779998779297,192.5060272216797,161.25665283203125,22.389999389648438,198.93165588378906,37.5280647277832,52.942237854003906,472.85162353515625,99.23989868164062,265.1750183105469,918.3178100585938,479.2213439941406,152.68238830566406,568.1776733398438,24.982072830200195,105.61393737792969,108.97830963134766,608.894287109375,878.7649536132812,184.30638122558594,390.6725769042969,289.3887634277344,78.701171875,91.75971221923828,113.6130599975586,162.8900909423828,67.55218505859375,156.8827362060547,78.9883041381836,868.9745483398438,97.38442993164062,193.639404296875,117.37031555175781,384.4488525390625,152.88999938964844,571.918701171875,113.97615814208984,138.92626953125,92.00438690185547,5709.5400390625
2024-10-03,223.79788208007812,410.0622863769531,164.70343017578125,163.2711944580078,503.79998779296875,50.37742233276367,211.11215209960938,190.84056091308594,161.83148193359375,22.260000228881836,196.95472717285156,37.547203063964844,52.63588333129883,467.1908264160156,99.28736877441406,262.8944396972656,912.7921142578125,479.11895751953125,152.0476837158203,568.5996704101562,24.746307373046875,103.82354736328125,107.62615203857422,597.1680297851562,873.3212280273438,183.02346801757812,390.9764709472656,289.0934143066406,77.75409698486328,90.86588287353516,112.25691986083984,161.1846466064453,67.0860366821289,155.93898010253906,78.9883041381836,866.1455688476562,95.39018249511719,192.68963623046875,115.34957122802734,381.5610046386719,150.52000427246094,574.4027709960938,114.9703598022461,139.20237731933594,91.4962387084961,5699.93994140625
2024-10-04,224.9185028076172,409.5896911621094,165.89505004882812,167.1851348876953,507.2200012207031,50.68489074707031,214.22122192382812,191.82472229003906,161.81231689453125,22.59000015258789,203.94537353515625,38.36989212036133,54.53146743774414,475.89837646484375,102.43016052246094,270.8237609863281,910.5856323242188,476.85650634765625,151.84873962402344,567.1129760742188,24.95587730407715,103.43720245361328,108.01932525634766,594.8724365234375,874.9088745117188,181.93722534179688,387.9176940917969,289.3887634277344,77.89617156982422,91.83577728271484,111.89593505859375,160.00978088378906,66.7530746459961,155.4208221435547,79.48915100097656,873.504638671875,94.5027847290039,193.54440307617188,115.81726837158203,387.41485595703125,155.0,573.74853515625,117.08067321777344,138.73300170898438,92.98160552978516,5751.06982421875
2024-10-07,219.8509063720703,403.171142578125,161.843505859375,166.31431579589844,487.29998779296875,50.45428466796875,215.2828369140625,190.4620361328125,159.93458557128906,22.3799991607666,203.66534423828125,38.22639846801758,54.722938537597656,475.3793640136719,102.20227813720703,268.6844482421875,902.4121704101562,471.5029296875,151.12875366210938,559.7841186523438,25.497255325317383,102.32527923583984,108.70978546142578,595.11083984375,885.9937744140625,181.3004608154297,387.6326599121094,286.61639404296875,76.55133056640625,91.36985778808594,109.3982925415039,158.3422088623047,65.6495590209961,154.7176055908203,77.68213653564453,864.0883178710938,94.05430603027344,193.11703491210938,115.77314758300781,388.54656982421875,155.91000366210938,574.1372680664062,117.58717346191406,139.08273315429688,90.28449249267578,5695.93994140625
2024-10-08,223.89707946777344,408.2607421875,163.2337646484375,170.6196746826172,496.239990234375,50.66567611694336,216.70465087890625,191.35157775878906,159.35971069335938,23.31999969482422,203.49154663085938,38.19770812988281,54.856971740722656,477.2535095214844,102.05986022949219,264.0916748046875,910.4705200195312,482.6103515625,151.28033447265625,557.8848266601562,25.479793548583984,102.25930786132812,109.92768859863281,591.732177734375,901.1021728515625,180.7385711669922,393.44635009765625,287.6167907714844,76.4945068359375,91.48396301269531,110.6861343383789,159.3275909423828,65.81129455566406,157.687744140625,78.28118896484375,880.7350463867188,95.97223663330078,196.6027069091797,115.56137084960938,378.5072021484375,154.64999389648438,576.5171508789062,114.4638900756836,136.90151977539062,90.40177154541016,5751.1298828125
2024-10-09,227.63577270507812,410.96795654296875,160.7313232421875,174.45533752441406,494.0799865722656,51.46318435668945,222.08860778808594,193.9633331298828,163.07691955566406,23.459999084472656,206.069580078125,38.4464225769043,55.08673858642578,485.5285339355469,103.53156280517578,266.3586120605469,917.0419311523438,485.5152282714844,152.18978881835938,567.1321411132812,26.361717224121094,103.90835571289062,111.19355010986328,595.5084838867188,907.0391235351562,182.3679656982422,395.2417297363281,289.45538330078125,78.0855712890625,91.17017364501953,111.2032241821289,160.37930297851562,66.18229675292969,159.64938354492188,78.95883178710938,899.2119750976562,96.37298583984375,202.96617126464844,117.36150360107422,386.5367431640625,149.3699951171875,573.7296142578125,114.51077270507812,137.7298126220703,91.46692657470703,5792.0400390625
2024-10-10,227.13990783691406,409.3731384277344,160.9497833251953,172.02325439453125,503.57000732421875,51.443965911865234,220.8753662109375,191.59759521484375,161.4482421875,23.219999313354492,205.50958251953125,38.2359619140625,55.287784576416016,484.1253967285156,102.62004852294922,265.42633056640625,916.7254638671875,479.60308837890625,152.05714416503906,573.34814453125,25.6195011138916,103.08854675292969,110.87708282470703,590.0825805664062,898.1140747070312,181.993408203125,389.43756103515625,289.6554870605469,77.75409698486328,89.26842498779297,109.84709167480469,160.0760955810547,65.87787628173828,160.06576538085938,78.18299865722656,883.9102783203125,94.69361877441406,202.87118530273438,117.22032165527344,386.9757385253906,146.6199951171875,566.5047607421875,115.49559783935547,138.62255859375,90.87081909179688,5780.0498046875
2024-10-11,225.66229248046875,409.845703125,162.10169982910156,172.3762969970703,495.4200134277344,52.12617111206055,221.10281372070312,194.0958251953125,162.8470001220703,23.559999465942383,214.63409423828125,40.130069732666016,58.38964080810547,496.21600341796875,104.87982940673828,271.01025390625,949.9852905273438,486.01800537109375,152.95713806152344,573.683837890625,25.462326049804688,103.3995132446289,111.35658264160156,593.1929931640625,919.1889038085938,181.84356689453125,391.28045654296875,290.6081848144531,77.80146026611328,90.85639190673828,110.9593276977539,162.1036834716797,66.18229675292969,161.74977111816406,78.66421508789062,879.3602905273438,95.51421356201172,205.14112854003906,118.77336883544922,392.22467041015625,151.02000427246094,572.8383178710938,115.9364242553711,139.35882568359375,91.98484802246094,5815.02978515625
2024-10-14,229.38119506835938,412.6218566894531,163.80970764160156,172.71954345703125,509.6499938964844,52.1453857421875,222.99859619140625,197.4552001953125,170.56875610351562,23.440000534057617,213.8520050048828,40.091800689697266,59.50975799560547,502.4151306152344,106.60787963867188,271.363525390625,951.3858642578125,491.14813232421875,153.08975219726562,580.7344360351562,25.392473220825195,103.36180877685547,112.44022369384766,600.02001953125,916.6741943359375,183.2107391357422,394.624267578125,295.18109130859375,77.28057861328125,90.10519409179688,112.43253326416016,163.44911193847656,66.914794921875,162.9434051513672,78.85081481933594,880.0823364257812,96.11536407470703,206.67025756835938,118.74691009521484,384.351318359375,148.99000549316406,579.1908569335938,116.37724304199219,139.6901397705078,92.80570220947266,5859.85009765625
2024-10-15,231.91001892089844,412.22802734375,164.3062286376953,170.72872924804688,508.0299987792969,51.96282958984375,220.81846618652344,189.10882568359375,166.78451538085938,22.65999984741211,214.73065185546875,40.31182098388672,60.34267044067383,502.05950927734375,106.55091094970703,272.1388244628906,966.0444946289062,492.0140380859375,155.45809936523438,533.6251831054688,25.706823348999023,105.09566497802734,111.81394958496094,596.7705078125,900.7078247070312,181.09640502929688,394.7762145996094,298.5155029296875,77.77305603027344,90.37142944335938,113.91551208496094,164.4534454345703,66.914794921875,162.75833129882812,80.18643951416016,884.879638671875,96.89778900146484,206.35682678222656,118.06742095947266,378.53656005859375,152.35000610351562,573.6253662109375,112.87879943847656,135.96275329589844,92.07278442382812,5815.259765625
2024-10-16,229.85720825195312,409.6487731933594,164.00831604003906,171.3955841064453,502.5400085449219,54.172786712646484,221.49147033691406,189.91319274902344,164.28402709960938,22.309999465942383,215.9376220703125,40.94319534301758,61.1660041809082,509.2485046386719,113.47264862060547,276.42724609375,974.4385986328125,492.52606201171875,155.62860107421875,548.0620727539062,25.907655715942383,104.0497055053711,113.51934051513672,587.8565063476562,903.7649536132812,179.77496337890625,397.6545715332031,298.1153869628906,79.49669647216797,90.77080535888672,114.5399169921875,163.32594299316406,67.13359832763672,161.44442749023438,79.76415252685547,877.728271484375,96.55428314208984,207.96194458007812,119.86756134033203,384.02935791015625,154.89999389648438,581.0492553710938,113.16954803466797,136.8831024169922,94.54513549804688,5842.47021484375
2024-10-17,230.22410583496094,410.2394714355469,161.7938232421875,172.2880096435547,496.8299865722656,54.19200134277344,220.7426300048828,187.65151977539062,163.9199676513672,22.440000534057617,216.69076538085938,40.751869201660156,61.635101318359375,508.4220275878906,113.40618133544922,280.4508361816406,961.7274780273438,483.1783447265625,155.80860900878906,542.9683837890625,25.558378219604492,103.41835021972656,113.58677673339844,595.5084838867188,904.455322265625,177.99098205566406,394.7952880859375,299.8111267089844,78.98529052734375,90.59012603759766,114.61798858642578,163.23118591308594,66.4962158203125,161.62025451660156,79.44004821777344,875.6609497070312,95.92452239990234,208.52230834960938,119.48811340332031,384.8781433105469,155.30999755859375,578.0056762695312,112.87879943847656,139.15634155273438,94.33992767333984,5841.47021484375
2024-10-18,233.05047607421875,411.65704345703125,162.2804412841797,171.317138671875,494.8999938964844,54.537906646728516,220.09805297851562,187.81239318847656,163.74754333496094,22.770000457763672,217.60801696777344,40.48401641845703,61.61595916748047,507.9414367675781,114.9443359375,271.6285095214844,966.0636596679688,488.61566162109375,156.42434692382812,546.4026489257812,25.51471710205078,102.4289321899414,115.03202819824219,597.9530639648438,905.2933959960938,178.26470947265625,394.22528076171875,301.5831604003906,78.53070068359375,92.0830078125,114.84235382080078,163.23788452148438,67.00994110107422,161.9810791015625,79.8525161743164,879.8845825195312,96.33688354492188,210.8682403564453,119.94698333740234,384.2635498046875,155.0,580.0820922851562,112.55992126464844,138.7421875,95.06305694580078,5864.669921875
2024-10-21,234.51820373535156,412.2674255371094,162.92593383789062,170.4051055908203,497.7099914550781,54.37456130981445,219.67152404785156,185.25738525390625,161.91769409179688,22.84000015258789,215.3196563720703,39.94831085205078,61.29045486450195,497.6576232910156,112.30477142333984,265.6912841796875,959.837646484375,487.11669921875,154.25497436523438,548.1868286132812,25.261493682861328,100.205078125,112.71961975097656,591.6526489257812,893.6170043945312,176.07485961914062,386.05584716796875,299.9922180175781,77.16693115234375,91.71216583251953,112.84230041503906,161.57957458496094,66.06813049316406,161.93482971191406,79.36146545410156,877.1248779296875,95.28202056884766,210.37437438964844,115.88785552978516,382.3346252441406,159.82000732421875,582.7369995117188,112.62557220458984,138.86184692382812,94.41810607910156,5853.97998046875
2024-10-22,233.90335083007812,420.8616943359375,163.98846435546875,171.9251708984375,493.1099853515625,54.3841667175293,220.14547729492188,183.5540313720703,165.91270446777344,22.399999618530273,216.40106201171875,40.46487808227539,62.04677200317383,498.13818359375,112.3427505493164,267.3203125,960.106201171875,478.1134033203125,154.84231567382812,546.642333984375,25.182907104492188,100.48777770996094,111.88140106201172,582.7188720703125,896.5953369140625,178.17031860351562,381.73358154296875,299.8016357421875,77.11009979248047,92.06400299072266,112.38375854492188,161.73204040527344,66.06813049316406,161.3426513671875,80.54978942871094,883.771728515625,95.57929229736328,211.18167114257812,115.88785552978516,380.3567199707031,159.8800048828125,547.0584106445312,113.20707702636719,138.8986358642578,94.53536224365234,5851.2001953125
2024-10-23,228.84564208984375,417.9968566894531,161.6448974609375,169.75784301757812,485.0299987792969,54.076698303222656,220.61941528320312,190.9067840576172,159.6088409423828,21.979999542236328,215.71554565429688,40.50314712524414,61.807437896728516,497.0810241699219,112.30477142333984,266.17218017578125,947.9707641601562,475.6926574707031,157.12539672851562,541.635009765625,25.20037078857422,100.24278259277344,112.73890686035156,572.8905029296875,890.77685546875,177.33969116210938,379.6342468261719,284.4443359375,75.81262969970703,92.85322570800781,111.43738555908203,161.61767578125,64.69825744628906,160.02874755859375,81.77739715576172,889.3900146484375,94.91761779785156,209.2726287841797,115.95845031738281,377.6836853027344,157.05999755859375,541.4832763671875,112.80375671386719,138.4936981201172,94.04676055908203,5797.419921875
2024-10-24,228.6572723388672,418.12493896484375,161.5853271484375,171.01312255859375,482.8699951171875,53.769222259521484,207.0078125,195.51528930664062,161.04588317871094,22.34000015258789,217.23146057128906,40.79970169067383,62.640342712402344,504.0970458984375,113.14981079101562,264.94549560546875,943.9799194335938,459.2037353515625,155.0507354736328,537.9610595703125,25.00826644897461,99.77162170410156,112.28606414794922,553.89990234375,879.0115966796875,179.0103759765625,382.52203369140625,287.3118591308594,74.8560791015625,92.37779235839844,111.4178695678711,161.6558074951172,64.02283477783203,159.29774475097656,81.551513671875,883.7025146484375,95.64641571044922,198.5972137451172,122.08242797851562,378.9859313964844,155.1999969482422,534.9505615234375,112.16597747802734,138.46609497070312,93.22590637207031,5809.85986328125
2024-10-25,229.49026489257812,421.4917297363281,164.11753845214844,170.16973876953125,483.7200012207031,53.557838439941406,203.48171997070312,195.81809997558594,163.1248321533203,22.68000030517578,214.65342712402344,40.072669982910156,61.77871322631836,492.659912109375,110.9754867553711,262.3645324707031,934.4537353515625,456.78302001953125,152.4076690673828,541.5582885742188,24.842357635498047,97.98123931884766,110.05075073242188,550.9186401367188,880.3724975585938,177.31137084960938,378.9407653808594,278.7662658691406,74.67613220214844,92.52993774414062,111.04713439941406,160.32154846191406,63.661338806152344,158.95541381835938,81.03102111816406,881.5263671875,91.68592071533203,197.55245971679688,121.27059173583984,377.918701171875,155.00999450683594,533.1301879882812,112.07217407226562,138.79742431640625,92.86433410644531,5808.1201171875
